Customer_ID,Total_Revenue,Total_Orders,Total_Quantity,First_Purchase,Last_Purchase,Customer_Lifespan_Days,Average_Order_Value,CLV,CLV_Segment
12346.0,-64.68,15,52,2010-02-03 13:08:00,2010-04-10 16:33:00,66.0,-4.312,-64.68,Low Value
12347.0,1323.32,2,828,2010-07-12 14:57:00,2010-07-12 14:57:00,0.0,661.66,1323.32,High Value
12348.0,222.16,1,373,,,,222.16,222.16,Low Value
12349.0,2646.99,4,988,2009-04-12 12:49:00,2009-04-12 12:49:00,0.0,661.7475,2646.99,VIP
12351.0,300.93,1,261,,,,300.93,300.93,Medium Value
12352.0,343.8,2,188,2010-12-11 10:20:00,2010-12-11 10:20:00,0.0,171.9,343.8,Medium Value
12353.0,317.76,1,192,,,,317.76,317.76,Medium Value
12355.0,488.21000000000004,1,303,,,,488.21000000000004,488.21000000000004,Medium Value
12356.0,3562.25,3,1826,2010-11-10 09:42:00,2010-11-11 14:23:00,1.0,1187.4166666666667,3562.25,VIP
12357.0,12079.99,2,3879,,,,6039.995,12079.99,VIP
12358.0,2719.01,3,831,2009-08-12 07:59:00,2010-07-06 12:28:00,328.0,906.3366666666667,2719.01,VIP
12359.0,2469.36,8,914,2009-05-12 13:32:00,2010-12-04 08:40:00,570.0,308.67,2469.36,VIP
12360.0,1550.83,6,1293,2010-12-11 11:31:00,2010-12-11 11:31:00,0.0,258.47166666666664,1550.83,High Value
12361.0,321.35,3,144,2010-03-09 15:19:00,2010-09-05 15:33:00,180.0,107.11666666666667,321.35,Medium Value
12362.0,130.0,1,1,2009-01-12 10:10:00,2009-01-12 10:10:00,0.0,130.0,130.0,Low Value
12366.0,500.24,1,296,,,,500.24,500.24,Medium Value
12368.0,917.6999999999999,1,330,,,,917.6999999999999,917.6999999999999,High Value
12369.0,1791.15,3,1241,2010-08-03 08:09:00,2010-08-03 08:09:00,0.0,597.0500000000001,1791.15,VIP
12370.0,774.62,3,252,2010-09-02 09:41:00,2010-09-02 09:41:00,0.0,258.20666666666665,774.62,High Value
12371.0,2179.42,3,845,2010-04-03 18:23:00,2010-04-03 18:25:00,0.0,726.4733333333334,2179.42,VIP
12373.0,763.0500000000001,2,319,2010-04-02 12:08:00,2010-04-02 12:08:00,0.0,381.52500000000003,763.0500000000001,High Value
12374.0,2246.29,3,1020,,,,748.7633333333333,2246.29,VIP
12376.0,503.15,2,240,,,,251.575,503.15,Medium Value
12377.0,1798.2,2,1161,,,,899.1,1798.2,VIP
12378.0,1407.7,1,787,,,,1407.7,1407.7,High Value
12379.0,767.98,2,408,,,,383.99,767.98,High Value
12380.0,5167.44,10,2199,2010-03-03 12:53:00,2010-03-03 12:53:00,0.0,516.7439999999999,5167.44,VIP
12382.0,-18.38,1,-1,,,,-18.38,-18.38,Low Value
12385.0,1923.4,2,611,,,,961.7,1923.4,VIP
12386.0,258.9,1,214,2010-08-12 09:53:00,2010-08-12 09:53:00,0.0,258.9,258.9,Low Value
12387.0,143.94,1,134,,,,143.94,143.94,Low Value
12388.0,1120.45,2,539,2010-06-05 12:54:00,2010-06-05 12:54:00,0.0,560.225,1120.45,High Value
12389.0,1433.33,3,614,2010-02-11 11:52:00,2010-02-11 11:52:00,0.0,477.77666666666664,1433.33,High Value
12391.0,2286.93,6,912,2010-01-09 12:38:00,2010-04-03 10:34:00,83.0,381.155,2286.93,VIP
12392.0,234.75000000000003,1,73,,,,234.75000000000003,234.75000000000003,Low Value
12393.0,794.15,3,489,2010-04-11 17:10:00,2010-07-10 13:49:00,89.0,264.71666666666664,794.15,High Value
12395.0,2048.64,4,1615,2010-02-08 12:37:00,2010-03-12 16:35:00,32.0,512.16,2048.64,VIP
12396.0,931.43,1,591,2010-03-02 13:22:00,2010-03-02 13:22:00,0.0,931.43,931.43,High Value
12399.0,853.65,3,1020,2010-05-03 08:45:00,2010-08-07 09:13:00,96.0,284.55,853.65,High Value
12400.0,205.25,1,91,,,,205.25,205.25,Low Value
12402.0,1018.55,6,489,2010-06-07 12:15:00,2010-12-11 09:50:00,186.0,169.75833333333333,1018.55,High Value
12403.0,591.6600000000001,1,164,2010-06-07 11:39:00,2010-06-07 11:39:00,0.0,591.6600000000001,591.6600000000001,Medium Value
12404.0,63.24,1,1,,,,63.24,63.24,Low Value
12406.0,2791.46,4,1574,2010-05-11 11:42:00,2010-11-01 14:04:00,174.0,697.865,2791.46,VIP
12408.0,1437.07,5,787,,,,287.414,1437.07,High Value
12409.0,12033.539999999999,6,7484,2010-02-07 15:09:00,2010-08-06 13:40:00,179.0,2005.59,12033.539999999999,VIP
12410.0,320.38,1,130,,,,320.38,320.38,Medium Value
12411.0,346.9,1,138,,,,346.9,346.9,Medium Value
12412.0,1354.15,5,1162,2010-02-11 17:02:00,2010-09-08 14:26:00,208.0,270.83000000000004,1354.15,High Value
12413.0,241.35,1,33,2010-02-11 13:26:00,2010-02-11 13:26:00,0.0,241.35,241.35,Low Value
12414.0,130.0,5,1,2010-02-09 12:22:00,2010-02-09 13:53:00,0.0,26.0,130.0,Low Value
12415.0,19543.84,7,14073,2010-04-11 10:57:00,2010-04-11 10:57:00,0.0,2791.977142857143,19543.84,VIP
12416.0,202.56,1,132,,,,202.56,202.56,Low Value
12417.0,3129.41,15,1337,2009-06-12 10:30:00,2010-12-04 16:04:00,540.0,208.62733333333333,3129.41,VIP
12418.0,1348.37,4,680,2010-12-04 14:49:00,2010-12-05 13:11:00,0.0,337.0925,1348.37,High Value
12419.0,503.01,2,231,,,,251.505,503.01,Medium Value
12421.0,286.56,3,164,,,,95.52,286.56,Medium Value
12422.0,3315.79,18,2221,2010-02-07 09:27:00,2010-10-11 13:19:00,246.0,184.21055555555554,3315.79,VIP
12423.0,763.08,2,454,,,,381.54,763.08,High Value
12424.0,1528.82,5,1275,2009-07-12 14:43:00,2010-09-06 15:15:00,421.0,305.764,1528.82,High Value
12425.0,903.61,2,607,2010-05-10 14:50:00,2010-05-10 14:50:00,0.0,451.805,903.61,High Value
12426.0,728.6800000000001,2,319,2010-03-03 11:22:00,2010-03-03 11:22:00,0.0,364.34000000000003,728.6800000000001,High Value
12427.0,303.5,1,79,2010-03-12 10:44:00,2010-03-12 10:44:00,0.0,303.5,303.5,Medium Value
12429.0,3685.11,6,1667,2010-07-10 15:12:00,2010-11-06 13:29:00,118.0,614.1850000000001,3685.11,VIP
12431.0,4303.02,16,1793,2010-01-07 10:11:00,2010-06-07 11:56:00,151.0,268.93875,4303.02,VIP
12433.0,7052.99,6,6044,2010-01-12 13:24:00,2010-08-12 16:49:00,212.0,1175.4983333333332,7052.99,VIP
12434.0,297.29,1,138,,,,297.29,297.29,Medium Value
12435.0,6096.04,4,2903,2009-02-12 13:58:00,2010-12-03 14:50:00,659.0,1524.01,6096.04,VIP
12437.0,7498.19,28,5013,2009-02-12 16:24:00,2010-11-11 19:12:00,637.0,267.79249999999996,7498.19,VIP
12439.0,1104.48,3,454,,,,368.16,1104.48,High Value
12440.0,768.15,3,308,2010-03-09 13:11:00,2010-08-09 15:57:00,153.0,256.05,768.15,High Value
12441.0,173.55,1,121,2010-08-12 10:45:00,2010-08-12 10:45:00,0.0,173.55,173.55,Low Value
12443.0,485.31,1,182,2009-07-12 15:42:00,2009-07-12 15:42:00,0.0,485.31,485.31,Medium Value
12445.0,293.08000000000004,2,142,2010-04-11 18:11:00,2010-04-11 18:11:00,0.0,146.54000000000002,293.08000000000004,Medium Value
12449.0,768.6,2,729,,,,384.3,768.6,High Value
12450.0,469.07,5,307,2010-03-09 11:52:00,2010-05-11 16:27:00,63.0,93.814,469.07,Medium Value
12451.0,3613.0099999999998,4,2771,2010-02-09 15:35:00,2010-02-09 15:38:00,0.0,903.2524999999999,3613.0099999999998,VIP
12454.0,4292.71,7,2232,2010-09-11 10:06:00,2010-09-11 10:09:00,0.0,613.2442857142858,4292.71,VIP
12455.0,3413.09,4,1213,2010-11-05 15:03:00,2010-11-05 15:03:00,0.0,853.2725,3413.09,VIP
12457.0,554.53,2,243,,,,277.265,554.53,Medium Value
12458.0,830.09,2,480,2010-08-10 11:36:00,2010-09-08 10:33:00,28.0,415.045,830.09,High Value
12459.0,454.36,1,258,,,,454.36,454.36,Medium Value
12460.0,326.65,1,170,2010-09-09 13:51:00,2010-09-09 13:51:00,0.0,326.65,326.65,Medium Value
12466.0,56.73,1,1,,,,56.73,56.73,Low Value
12467.0,0.0,2,0,2010-12-10 15:41:00,2010-12-10 15:41:00,0.0,0.0,0.0,Low Value
12468.0,2900.5099999999998,7,1820,2010-01-07 10:28:00,2010-09-04 10:08:00,239.0,414.3585714285714,2900.5099999999998,VIP
12469.0,3070.54,2,2552,2010-05-07 12:40:00,2010-05-07 12:40:00,0.0,1535.27,3070.54,VIP
12470.0,211.95,1,95,,,,211.95,211.95,Low Value
12471.0,19207.69,81,8493,2009-02-12 14:43:00,2010-12-10 11:10:00,665.0,237.13197530864196,19207.69,VIP
12472.0,10727.21,26,6890,2009-09-12 10:47:00,2010-12-07 10:26:00,450.0,412.585,10727.21,VIP
12474.0,4849.98,25,3033,2010-01-10 13:43:00,2010-12-11 11:45:00,334.0,193.99919999999997,4849.98,VIP
12475.0,426.26,1,236,,,,426.26,426.26,Medium Value
12476.0,7169.04,18,3212,2010-02-11 11:33:00,2010-12-10 17:49:00,302.0,398.28,7169.04,VIP
12477.0,7056.63,3,2466,2010-02-07 08:26:00,2010-05-11 09:35:00,93.0,2352.21,7056.63,VIP
12480.0,2153.4700000000003,4,1240,2010-05-11 15:08:00,2010-08-10 12:06:00,90.0,538.3675000000001,2153.4700000000003,VIP
12481.0,6626.17,8,3825,2010-09-12 10:13:00,2010-12-04 10:10:00,82.0,828.27125,6626.17,VIP
12482.0,21893.53,32,27039,2010-07-04 16:06:00,2010-12-05 16:51:00,154.0,684.1728125,21893.53,VIP
12483.0,2519.7400000000002,14,1048,2010-02-11 10:27:00,2010-10-03 15:03:00,234.0,179.98142857142858,2519.7400000000002,VIP
12484.0,1808.58,8,1075,2009-03-12 10:57:00,2010-03-08 09:31:00,360.0,226.0725,1808.58,VIP
12485.0,708.1,1,414,,,,708.1,708.1,High Value
12486.0,1037.28,1,523,2010-04-10 12:14:00,2010-04-10 12:14:00,0.0,1037.28,1037.28,High Value
12487.0,259.79999999999995,2,144,2009-09-12 09:16:00,2009-09-12 11:36:00,0.0,129.89999999999998,259.79999999999995,Low Value
12490.0,4400.71,12,2838,2009-01-12 12:52:00,2010-09-03 09:46:00,598.0,366.72583333333336,4400.71,VIP
12492.0,452.0,1,252,2010-01-11 14:58:00,2010-01-11 14:58:00,0.0,452.0,452.0,Medium Value
12494.0,604.17,5,271,2010-01-11 11:57:00,2010-12-05 13:52:00,328.0,120.83399999999999,604.17,Medium Value
12495.0,323.4,2,126,2010-09-03 10:53:00,2010-09-03 10:53:00,0.0,161.7,323.4,Medium Value
12496.0,54.09,2,33,,,,27.045,54.09,Low Value
12497.0,5168.650000000001,3,4448,2010-04-11 12:31:00,2010-05-03 09:39:00,21.0,1722.8833333333334,5168.650000000001,VIP
12499.0,393.72,1,302,,,,393.72,393.72,Medium Value
12500.0,1666.04,12,689,2010-04-02 15:05:00,2010-12-03 14:59:00,244.0,138.83666666666667,1666.04,VIP
12503.0,1126.0,1,561,2010-04-05 13:59:00,2010-04-05 13:59:00,0.0,1126.0,1126.0,High Value
12504.0,297.0,2,368,,,,148.5,297.0,Medium Value
12505.0,912.5,2,314,2010-11-11 17:54:00,2010-11-11 17:54:00,0.0,456.25,912.5,High Value
12507.0,539.25,1,362,2010-04-05 09:23:00,2010-04-05 09:23:00,0.0,539.25,539.25,Medium Value
12510.0,2706.76,14,1665,2009-04-12 13:47:00,2010-11-01 12:01:00,567.0,193.34,2706.76,VIP
12511.0,3065.77,2,1748,2010-07-10 10:39:00,2010-07-10 10:39:00,0.0,1532.885,3065.77,VIP
12514.0,580.08,1,400,2010-08-03 12:18:00,2010-08-03 12:18:00,0.0,580.08,580.08,Medium Value
12516.0,1336.56,2,1077,2010-05-10 09:43:00,2010-05-10 09:43:00,0.0,668.28,1336.56,High Value
12519.0,354.35,2,205,2010-01-09 14:40:00,2010-01-09 14:40:00,0.0,177.175,354.35,Medium Value
12523.0,2475.28,17,1387,2009-02-12 10:28:00,2010-12-03 09:57:00,658.0,145.60470588235296,2475.28,VIP
12524.0,6605.64,10,3474,2010-04-08 14:20:00,2010-08-03 09:57:00,116.0,660.5640000000001,6605.64,VIP
12525.0,835.1800000000001,8,487,2009-04-12 10:10:00,2010-10-06 16:30:00,542.0,104.39750000000001,835.1800000000001,High Value
12527.0,386.8,2,292,2010-02-08 12:23:00,2010-02-08 12:23:00,0.0,193.4,386.8,Medium Value
12529.0,311.78000000000003,2,190,2010-05-07 09:35:00,2010-05-07 09:35:00,0.0,155.89000000000001,311.78000000000003,Medium Value
12530.0,2066.23,7,1798,2010-07-03 14:37:00,2010-07-03 14:37:00,0.0,295.17571428571426,2066.23,VIP
12531.0,1773.83,2,1059,,,,886.915,1773.83,VIP
12533.0,1149.99,6,568,2009-01-12 11:50:00,2010-11-01 11:57:00,658.0,191.665,1149.99,High Value
12537.0,732.94,1,449,,,,732.94,732.94,High Value
12538.0,276.5,1,145,,,,276.5,276.5,Low Value
12539.0,5646.400000000001,3,2468,,,,1882.1333333333334,5646.400000000001,VIP
12540.0,8798.25,17,4332,2009-07-12 16:56:00,2010-10-01 11:27:00,445.0,517.5441176470588,8798.25,VIP
12542.0,423.38,4,514,2010-09-03 16:26:00,2010-12-08 19:12:00,96.0,105.845,423.38,Medium Value
12543.0,980.25,1,688,,,,980.25,980.25,High Value
12547.0,175.78,1,175,,,,175.78,175.78,Low Value
12549.0,1575.68,6,1366,2010-11-01 12:29:00,2010-12-01 15:01:00,30.0,262.61333333333334,1575.68,High Value
12553.0,896.57,3,358,2010-12-10 13:35:00,2010-12-10 13:35:00,0.0,298.8566666666667,896.57,High Value
12554.0,468.5,1,240,,,,468.5,468.5,Medium Value
12555.0,129.23,1,1,,,,129.23,129.23,Low Value
12557.0,6725.18,4,2398,2010-03-10 10:50:00,2010-11-06 15:07:00,241.0,1681.295,6725.18,VIP
12562.0,1185.18,2,548,,,,592.59,1185.18,High Value
12563.0,249.24,1,113,,,,249.24,249.24,Low Value
12567.0,4278.88,8,1775,2010-05-12 11:57:00,2010-11-02 10:30:00,173.0,534.86,4278.88,VIP
12568.0,70.0,1,48,2010-05-03 09:15:00,2010-05-03 09:15:00,0.0,70.0,70.0,Low Value
12570.0,77.52,1,1,,,,77.52,77.52,Low Value
12573.0,556.87,4,395,2010-11-10 13:48:00,2010-11-10 13:48:00,0.0,139.2175,556.87,Medium Value
12575.0,622.8199999999999,2,315,2010-01-07 09:15:00,2010-08-09 13:09:00,214.0,311.40999999999997,622.8199999999999,Medium Value
12576.0,776.89,5,515,2010-01-07 13:46:00,2010-12-11 12:44:00,337.0,155.378,776.89,High Value
12577.0,995.9499999999999,5,725,2009-03-12 19:31:00,2009-03-12 19:31:00,0.0,199.19,995.9499999999999,High Value
12578.0,1819.0900000000001,3,1163,2010-07-10 15:42:00,2010-07-10 15:42:00,0.0,606.3633333333333,1819.0900000000001,VIP
12580.0,637.2,1,331,2010-12-05 11:45:00,2010-12-05 11:45:00,0.0,637.2,637.2,Medium Value
12582.0,1469.04,2,685,2010-11-05 09:55:00,2010-11-05 09:55:00,0.0,734.52,1469.04,High Value
12583.0,7157.5599999999995,14,3923,2009-06-12 11:57:00,2010-10-11 15:34:00,486.0,511.2542857142857,7157.5599999999995,VIP
12586.0,1848.73,4,606,2010-06-12 09:31:00,2010-06-12 09:31:00,0.0,462.1825,1848.73,VIP
12588.0,724.08,4,381,2010-04-05 12:31:00,2010-05-11 12:53:00,36.0,181.02,724.08,High Value
12589.0,2447.49,9,1063,2010-02-09 09:14:00,2010-02-09 10:43:00,0.0,271.9433333333333,2447.49,VIP
12590.0,-7.9,2,-2,2010-12-04 07:20:00,2010-12-04 07:20:00,0.0,-3.95,-7.9,Low Value
12591.0,899.3,2,449,,,,449.65,899.3,High Value
12592.0,715.02,6,1582,2010-08-07 14:06:00,2010-08-07 14:26:00,0.0,119.17,715.02,High Value
12594.0,1724.29,6,967,2010-02-11 19:16:00,2010-08-09 11:29:00,178.0,287.38166666666666,1724.29,VIP
12595.0,299.02,1,271,,,,299.02,299.02,Medium Value
12598.0,1411.99,6,900,2010-01-03 09:58:00,2010-03-03 16:03:00,59.0,235.33166666666668,1411.99,High Value
12599.0,1264.14,6,1233,2010-07-11 13:14:00,2010-12-10 13:20:00,152.0,210.69000000000003,1264.14,High Value
12600.0,2374.75,16,632,2009-07-12 13:37:00,2010-12-11 10:13:00,516.0,148.421875,2374.75,VIP
12601.0,104.19999999999999,1,45,,,,104.19999999999999,104.19999999999999,Low Value
12605.0,1225.45,5,925,2010-07-09 14:21:00,2010-12-10 16:51:00,154.0,245.09,1225.45,High Value
12606.0,21.0,1,1,,,,21.0,21.0,Low Value
12608.0,415.79,1,323,,,,415.79,415.79,Medium Value
12609.0,2291.01,7,904,2010-01-04 08:43:00,2010-01-10 13:13:00,6.0,327.2871428571429,2291.01,VIP
12613.0,3372.54,7,2447,2010-09-04 14:01:00,2010-09-04 14:01:00,0.0,481.7914285714286,3372.54,VIP
12615.0,3273.69,7,1919,2009-01-12 12:09:00,2010-10-09 09:46:00,634.0,467.67,3273.69,VIP
12616.0,388.1,2,208,,,,194.05,388.1,Medium Value
12619.0,140.14,1,140,,,,140.14,140.14,Low Value
12621.0,10967.24,22,6471,2010-01-09 12:23:00,2010-10-11 16:46:00,275.0,498.5109090909091,10967.24,VIP
12623.0,3334.7400000000002,8,1775,2010-02-03 09:25:00,2010-12-01 11:56:00,301.0,416.84250000000003,3334.7400000000002,VIP
12625.0,2481.06,2,1697,,,,1240.53,2481.06,VIP
12629.0,1558.22,2,722,2010-12-10 16:40:00,2010-12-10 16:40:00,0.0,779.11,1558.22,High Value
12631.0,2811.77,6,1357,2010-04-10 14:07:00,2010-09-09 14:50:00,152.0,468.62833333333333,2811.77,VIP
12632.0,738.88,4,668,2010-07-07 09:39:00,2010-07-07 09:39:00,0.0,184.72,738.88,High Value
12633.0,3454.58,5,2058,2010-02-07 11:44:00,2010-06-08 08:57:00,120.0,690.9159999999999,3454.58,VIP
12634.0,490.0,2,337,2010-09-06 15:41:00,2010-09-06 15:41:00,0.0,245.0,490.0,Medium Value
12635.0,1241.23,2,777,2010-09-09 10:50:00,2010-12-11 15:46:00,93.0,620.615,1241.23,High Value
12636.0,141.0,1,1,2009-01-12 09:55:00,2009-01-12 09:55:00,0.0,141.0,141.0,Low Value
12637.0,2318.41,4,1282,2010-11-11 14:29:00,2010-11-11 14:29:00,0.0,579.6025,2318.41,VIP
12638.0,249.8,1,86,2010-10-03 10:30:00,2010-10-03 10:30:00,0.0,249.8,249.8,Low Value
12639.0,826.27,2,430,2010-01-10 12:17:00,2010-01-10 12:17:00,0.0,413.135,826.27,High Value
12643.0,4536.26,8,2669,2010-03-06 19:57:00,2010-07-04 14:16:00,119.0,567.0325,4536.26,VIP
12644.0,1337.63,5,676,2010-05-10 10:23:00,2010-11-02 09:45:00,175.0,267.526,1337.63,High Value
12645.0,1743.72,5,1017,2010-01-09 09:25:00,2010-09-02 10:49:00,236.0,348.744,1743.72,VIP
12647.0,14012.87,35,5393,2010-01-02 11:44:00,2010-12-11 11:41:00,342.0,400.3677142857143,14012.87,VIP
12648.0,778.95,4,354,2010-01-10 12:33:00,2010-09-03 09:55:00,235.0,194.7375,778.95,High Value
12649.0,1634.99,7,1356,2010-05-05 10:39:00,2010-12-10 08:08:00,218.0,233.57,1634.99,High Value
12651.0,251.29999999999998,4,184,2010-08-11 12:37:00,2010-08-11 12:37:00,0.0,62.824999999999996,251.29999999999998,Low Value
12652.0,97.05000000000001,1,31,2010-01-10 15:16:00,2010-01-10 15:16:00,0.0,97.05000000000001,97.05000000000001,Low Value
12653.0,1950.98,1,762,2010-01-07 09:56:00,2010-01-07 09:56:00,0.0,1950.98,1950.98,VIP
12655.0,261.35,1,80,2010-12-10 09:17:00,2010-12-10 09:17:00,0.0,261.35,261.35,Low Value
12656.0,2338.06,4,1133,2010-03-06 11:35:00,2010-10-10 10:43:00,217.0,584.515,2338.06,VIP
12661.0,162.0,1,216,,,,162.0,162.0,Low Value
12662.0,3132.09,11,1520,2010-01-04 09:50:00,2010-11-08 08:50:00,307.0,284.73545454545456,3132.09,VIP
12663.0,204.0,3,169,2010-02-03 16:09:00,2010-09-02 14:28:00,210.0,68.0,204.0,Low Value
12664.0,1188.16,2,292,,,,594.08,1188.16,High Value
12665.0,239.7,3,121,2010-08-02 15:11:00,2010-08-02 15:11:00,0.0,79.89999999999999,239.7,Low Value
12666.0,1248.42,1,370,2010-10-11 16:40:00,2010-10-11 16:40:00,0.0,1248.42,1248.42,High Value
12668.0,7637.53,6,3442,2010-06-10 12:36:00,2010-09-03 11:10:00,84.0,1272.9216666666666,7637.53,VIP
12670.0,764.24,2,230,2010-11-02 10:13:00,2010-11-02 10:13:00,0.0,382.12,764.24,High Value
12671.0,2622.481,1,1460,2010-12-04 16:30:00,2010-12-04 16:30:00,0.0,2622.481,2622.481,VIP
12672.0,184.6,2,53,,,,92.3,184.6,Low Value
12673.0,619.5,1,349,2010-03-11 10:46:00,2010-03-11 10:46:00,0.0,619.5,619.5,Medium Value
12675.0,934.8,4,335,2010-04-06 09:49:00,2010-10-05 16:44:00,182.0,233.7,934.8,High Value
12676.0,1441.7,6,1195,2010-10-10 14:56:00,2010-10-10 14:56:00,0.0,240.28333333333333,1441.7,High Value
12677.0,389.3,3,174,2009-07-12 14:38:00,2010-11-02 13:55:00,477.0,129.76666666666668,389.3,Medium Value
12678.0,16262.87,10,11334,2010-02-09 09:14:00,2010-11-10 10:56:00,274.0,1626.287,16262.87,VIP
12681.0,16874.17,30,9982,2010-02-06 15:03:00,2010-11-06 08:25:00,272.0,562.4723333333333,16874.17,VIP
12682.0,11657.59,24,5434,2009-01-12 09:28:00,2010-11-10 09:11:00,666.0,485.73291666666665,11657.59,VIP
12683.0,4197.51,9,2694,2010-03-09 09:27:00,2010-09-12 12:17:00,187.0,466.39000000000004,4197.51,VIP
12686.0,89.14,1,107,2010-03-12 09:51:00,2010-03-12 09:51:00,0.0,89.14,89.14,Low Value
12687.0,2138.91,2,1403,,,,1069.455,2138.91,VIP
12691.0,134.6,1,51,,,,134.6,134.6,Low Value
12692.0,110.95,1,36,2010-12-03 14:02:00,2010-12-03 14:02:00,0.0,110.95,110.95,Low Value
12693.0,809.46,5,274,2010-05-07 13:56:00,2010-08-11 14:57:00,96.0,161.892,809.46,High Value
12694.0,969.78,2,844,,,,484.89,969.78,High Value
12695.0,825.02,3,234,2010-12-02 13:22:00,2010-12-02 13:22:00,0.0,275.00666666666666,825.02,High Value
12696.0,801.15,3,563,2010-01-10 10:43:00,2010-01-10 10:43:00,0.0,267.05,801.15,High Value
12698.0,339.75,1,111,,,,339.75,339.75,Medium Value
12699.0,638.11,1,373,,,,638.11,638.11,Medium Value
12701.0,1648.7,4,1049,2010-01-06 10:42:00,2010-04-06 10:35:00,89.0,412.175,1648.7,VIP
12703.0,617.48,5,378,,,,123.49600000000001,617.48,Medium Value
12705.0,4739.76,8,3135,2009-03-12 10:26:00,2009-03-12 10:26:00,0.0,592.47,4739.76,VIP
12706.0,-91.89,1,-1,,,,-91.89,-91.89,Low Value
12708.0,2501.84,15,1196,2010-01-04 13:17:00,2010-09-09 18:14:00,248.0,166.78933333333333,2501.84,VIP
12709.0,21018.51,30,9944,2009-09-12 13:49:00,2010-11-01 11:59:00,414.0,700.617,21018.51,VIP
12711.0,1339.05,2,770,2010-01-02 11:30:00,2010-07-04 11:59:00,183.0,669.525,1339.05,High Value
12712.0,2738.03,14,1257,2009-09-12 10:46:00,2010-11-02 12:17:00,416.0,195.57357142857146,2738.03,VIP
12714.0,9384.85,7,5705,2009-04-12 10:00:00,2010-09-09 10:37:00,515.0,1340.6928571428573,9384.85,VIP
12717.0,277.93,1,94,,,,277.93,277.93,Low Value
12720.0,2334.6,13,1586,2010-01-09 15:12:00,2010-08-11 13:54:00,213.0,179.58461538461538,2334.6,VIP
12721.0,1277.7,4,677,2010-01-09 12:17:00,2010-09-12 10:14:00,245.0,319.425,1277.7,High Value
12724.0,1286.11,3,934,,,,428.7033333333333,1286.11,High Value
12725.0,2266.76,4,1142,2010-03-12 15:45:00,2010-04-05 13:59:00,23.0,566.69,2266.76,VIP
12726.0,1405.5,4,1475,2010-04-10 14:42:00,2010-10-06 16:35:00,179.0,351.375,1405.5,High Value
12727.0,1698.8300000000002,3,734,2010-10-06 09:40:00,2010-10-06 09:40:00,0.0,566.2766666666668,1698.8300000000002,VIP
12728.0,233.84,1,124,,,,233.84,233.84,Low Value
12730.0,829.25,1,234,2010-06-07 12:19:00,2010-06-07 12:19:00,0.0,829.25,829.25,High Value
12731.0,6879.8,5,3204,2010-02-03 09:23:00,2010-02-03 09:23:00,0.0,1375.96,6879.8,VIP
12733.0,1942.87,5,748,,,,388.57399999999996,1942.87,VIP
12734.0,529.25,2,177,2010-12-11 13:26:00,2010-12-11 13:26:00,0.0,264.625,529.25,Medium Value
12737.0,3710.5,2,2,,,,1855.25,3710.5,VIP
12738.0,155.35,1,148,2010-02-12 18:27:00,2010-02-12 18:27:00,0.0,155.35,155.35,Low Value
12739.0,1713.69,2,465,2010-10-11 14:27:00,2010-10-11 14:27:00,0.0,856.845,1713.69,VIP
12741.0,406.07,2,214,,,,203.035,406.07,Medium Value
12742.0,1185.02,2,1349,,,,592.51,1185.02,High Value
12744.0,4037.77,4,1753,2010-06-09 10:15:00,2010-06-09 10:24:00,0.0,1009.4425,4037.77,VIP
12745.0,925.41,3,468,2010-10-08 10:14:00,2010-10-08 10:14:00,0.0,308.46999999999997,925.41,High Value
12746.0,230.85000000000002,3,91,2009-08-12 17:08:00,2009-08-12 17:08:00,0.0,76.95,230.85000000000002,Low Value
12747.0,4968.58,22,1458,2009-07-12 13:23:00,2010-11-10 15:08:00,486.0,225.84454545454545,4968.58,VIP
12748.0,20898.03,159,12862,2009-04-12 17:31:00,2010-12-10 13:39:00,606.0,131.43415094339622,20898.03,VIP
12749.0,2460.29,8,849,2010-05-11 13:55:00,2010-10-10 14:17:00,152.0,307.53625,2460.29,VIP
12751.0,268.27,1,189,,,,268.27,268.27,Low Value
12755.0,4203.15,19,1655,2009-02-12 10:55:00,2010-09-12 10:44:00,576.0,221.21842105263156,4203.15,VIP
12758.0,6987.41,6,3956,2009-01-12 14:40:00,2010-09-06 12:29:00,601.0,1164.5683333333334,6987.41,VIP
12759.0,3489.3,5,2300,2009-04-12 10:47:00,2010-07-07 11:53:00,451.0,697.86,3489.3,VIP
12760.0,347.8,1,198,2010-10-09 08:50:00,2010-10-09 08:50:00,0.0,347.8,347.8,Medium Value
12761.0,782.95,2,281,2010-01-09 10:47:00,2010-08-09 12:17:00,212.0,391.475,782.95,High Value
12763.0,320.08,1,196,2010-05-12 15:46:00,2010-05-12 15:46:00,0.0,320.08,320.08,Medium Value
12765.0,1404.58,6,1009,2010-01-07 13:14:00,2010-08-04 10:08:00,208.0,234.09666666666666,1404.58,High Value
12766.0,3036.8,5,1781,2010-08-12 13:53:00,2010-08-12 13:53:00,0.0,607.36,3036.8,VIP
12767.0,949.82,1,598,,,,949.82,949.82,High Value
12768.0,3.552713678800501e-15,2,0,2010-04-10 12:48:00,2010-04-10 12:48:00,0.0,1.7763568394002505e-15,3.552713678800501e-15,Low Value
12770.0,1624.5,6,1028,2010-03-08 12:33:00,2010-09-09 11:43:00,184.0,270.75,1624.5,High Value
12771.0,262.5,2,100,2010-01-09 12:34:00,2010-11-08 11:51:00,302.0,131.25,262.5,Low Value
12773.0,1.7763568394002505e-15,2,0,,,,8.881784197001252e-16,1.7763568394002505e-15,Low Value
12774.0,98.7,1,53,,,,98.7,98.7,Low Value
12775.0,300.08,2,206,,,,150.04,300.08,Medium Value
12776.0,55.5,1,46,2010-10-02 12:11:00,2010-10-02 12:11:00,0.0,55.5,55.5,Low Value
12777.0,519.45,1,458,2010-08-09 11:35:00,2010-08-09 11:35:00,0.0,519.45,519.45,Medium Value
12778.0,953.45,3,910,2010-08-11 10:51:00,2010-08-11 10:51:00,0.0,317.81666666666666,953.45,High Value
12779.0,2538.06,10,1476,2009-03-12 07:25:00,2010-12-11 15:33:00,639.0,253.80599999999998,2538.06,VIP
12780.0,337.4,1,285,,,,337.4,337.4,Medium Value
12782.0,2252.7200000000003,8,915,2010-08-07 13:31:00,2010-11-10 10:34:00,94.0,281.59000000000003,2252.7200000000003,VIP
12784.0,1230.33,1,582,,,,1230.33,1230.33,High Value
12785.0,773.6,3,319,2009-08-12 13:56:00,2010-02-03 15:51:00,175.0,257.8666666666667,773.6,High Value
12786.0,728.5,1,324,2010-09-04 12:12:00,2010-09-04 12:12:00,0.0,728.5,728.5,High Value
12787.0,395.52,2,248,,,,197.76,395.52,Medium Value
12788.0,444.9,4,194,2010-02-09 14:21:00,2010-02-09 14:21:00,0.0,111.225,444.9,Medium Value
12789.0,181.5,2,32,,,,90.75,181.5,Low Value
12790.0,238.53,2,134,,,,119.265,238.53,Low Value
12791.0,585.15,8,351,2010-01-12 11:27:00,2010-12-11 10:53:00,332.0,73.14375,585.15,Medium Value
12792.0,413.34,2,176,,,,206.67,413.34,Medium Value
12793.0,471.85,2,231,2010-03-11 13:05:00,2010-03-12 15:14:00,1.0,235.925,471.85,Medium Value
12796.0,381.0,1,182,,,,381.0,381.0,Medium Value
12797.0,531.28,4,211,2010-02-11 12:18:00,2010-11-10 12:53:00,272.0,132.82,531.28,Medium Value
12798.0,1533.8899999999999,1,3199,,,,1533.8899999999999,1533.8899999999999,High Value
12799.0,219.35,1,137,,,,219.35,219.35,Low Value
12800.0,584.25,3,284,2010-01-02 11:02:00,2010-01-02 13:16:00,0.0,194.75,584.25,Medium Value
12801.0,1031.87,2,504,,,,515.935,1031.87,High Value
12802.0,1937.84,7,1652,2010-01-09 15:06:00,2010-10-09 15:52:00,273.0,276.8342857142857,1937.84,VIP
12803.0,1092.81,1,872,2010-11-11 14:57:00,2010-11-11 14:57:00,0.0,1092.81,1092.81,High Value
12804.0,327.02,2,271,,,,163.51,327.02,Medium Value
12805.0,1434.95,4,593,2010-03-02 09:06:00,2010-03-02 09:06:00,0.0,358.7375,1434.95,High Value
12806.0,2878.96,4,2087,,,,719.74,2878.96,VIP
12807.0,269.95,3,120,,,,89.98333333333333,269.95,Low Value
12808.0,422.45,3,187,2010-03-09 10:24:00,2010-06-12 10:27:00,95.0,140.81666666666666,422.45,Medium Value
12809.0,1220.98,6,289,2010-02-03 14:19:00,2010-08-03 15:32:00,181.0,203.49666666666667,1220.98,High Value
12810.0,534.99,2,389,2010-01-02 09:52:00,2010-01-02 09:52:00,0.0,267.495,534.99,Medium Value
12811.0,519.05,2,205,2010-08-10 12:20:00,2010-08-10 12:20:00,0.0,259.525,519.05,Medium Value
12813.0,1687.8,3,1141,2010-10-05 14:19:00,2010-10-05 14:19:00,0.0,562.6,1687.8,VIP
12817.0,524.94,2,166,2010-01-10 08:57:00,2010-05-11 08:28:00,120.0,262.47,524.94,Medium Value
12819.0,540.52,1,344,2010-07-09 15:20:00,2010-07-09 15:20:00,0.0,540.52,540.52,Medium Value
12820.0,1705.6,9,1206,2009-05-12 13:37:00,2010-07-11 14:26:00,425.0,189.5111111111111,1705.6,VIP
12821.0,128.07999999999998,1,92,2010-07-04 15:14:00,2010-07-04 15:14:00,0.0,128.07999999999998,128.07999999999998,Low Value
12823.0,4742.0,13,700,2010-01-07 12:48:00,2010-10-11 12:22:00,276.0,364.7692307692308,4742.0,VIP
12825.0,518.63,2,139,2010-06-07 13:56:00,2010-08-03 10:17:00,56.0,259.315,518.63,Medium Value
12826.0,1460.57,8,935,2010-06-10 12:22:00,2010-09-12 15:21:00,94.0,182.57125,1460.57,High Value
12829.0,92.30000000000001,1,174,2010-07-06 15:04:00,2010-07-06 15:04:00,0.0,92.30000000000001,92.30000000000001,Low Value
12831.0,236.06,2,168,2010-02-09 15:58:00,2010-02-09 16:00:00,0.0,118.03,236.06,Low Value
12835.0,6018.67,49,2343,2009-03-12 12:13:00,2010-12-08 13:24:00,636.0,122.83,6018.67,VIP
12836.0,3933.61,13,1168,2009-01-12 14:19:00,2010-06-06 15:18:00,510.0,302.5853846153846,3933.61,VIP
12837.0,554.31,1,185,,,,554.31,554.31,Medium Value
12838.0,2692.9,11,1479,2010-01-09 13:06:00,2010-12-05 14:09:00,330.0,244.8090909090909,2692.9,VIP
12839.0,4344.21,16,2950,2009-07-12 09:18:00,2010-10-10 11:37:00,455.0,271.513125,4344.21,VIP
12840.0,1299.6,5,739,2010-03-02 14:51:00,2010-08-06 13:23:00,156.0,259.91999999999996,1299.6,High Value
12841.0,3514.08,18,2656,2010-01-09 11:49:00,2010-12-08 13:50:00,333.0,195.22666666666666,3514.08,VIP
12842.0,799.0,2,340,2009-02-12 08:15:00,2009-02-12 08:15:00,0.0,399.5,799.0,High Value
12843.0,4664.85,25,2147,2010-01-08 10:04:00,2010-10-05 13:12:00,270.0,186.59400000000002,4664.85,VIP
12844.0,322.64,2,98,,,,161.32,322.64,Medium Value
12846.0,15.58,1,1,,,,15.58,15.58,Low Value
12847.0,765.36,1,624,,,,765.36,765.36,High Value
12848.0,208.0,1,58,2010-02-02 12:45:00,2010-02-02 12:45:00,0.0,208.0,208.0,Low Value
12849.0,2039.67,4,1259,2010-04-10 14:10:00,2010-09-11 12:10:00,153.0,509.9175,2039.67,VIP
12850.0,330.0,1,200,,,,330.0,330.0,Medium Value
12851.0,148.95,1,51,,,,148.95,148.95,Low Value
12853.0,1846.8,7,857,2010-05-02 11:57:00,2010-08-10 14:51:00,100.0,263.8285714285714,1846.8,VIP
12854.0,1633.22,6,992,2009-11-12 12:55:00,2009-11-12 12:55:00,0.0,272.2033333333333,1633.22,High Value
12855.0,612.84,4,240,2010-02-11 18:16:00,2010-10-11 14:58:00,241.0,153.21,612.84,Medium Value
12857.0,2577.85,5,1076,2010-02-08 14:03:00,2010-02-08 14:03:00,0.0,515.5699999999999,2577.85,VIP
12858.0,151.73,2,62,,,,75.865,151.73,Low Value
12859.0,575.1,1,292,2010-07-09 12:20:00,2010-07-09 12:20:00,0.0,575.1,575.1,Medium Value
12860.0,55.47,1,27,,,,55.47,55.47,Low Value
12861.0,68.25,1,27,,,,68.25,68.25,Low Value
12862.0,1008.3199999999999,2,613,2010-01-08 15:20:00,2010-10-10 11:47:00,274.0,504.15999999999997,1008.3199999999999,High Value
12863.0,2271.35,5,707,2010-08-07 13:59:00,2010-10-06 12:32:00,59.0,454.27,2271.35,VIP
12864.0,152.45,1,231,,,,152.45,152.45,Low Value
12865.0,1755.24,2,1048,,,,877.62,1755.24,VIP
12866.0,668.23,2,382,,,,334.115,668.23,High Value
12867.0,3876.47,6,3641,2010-07-11 15:31:00,2010-10-05 17:21:00,86.0,646.0783333333333,3876.47,VIP
12868.0,640.0,3,354,2010-01-12 12:50:00,2010-12-11 10:05:00,332.0,213.33333333333334,640.0,Medium Value
12869.0,337.66999999999996,1,144,,,,337.66999999999996,337.66999999999996,Medium Value
12870.0,1662.05,4,904,2010-08-12 14:27:00,2010-08-12 14:27:00,0.0,415.5125,1662.05,VIP
12871.0,363.38,1,284,,,,363.38,363.38,Medium Value
12872.0,3078.37,12,1533,2009-03-12 20:03:00,2010-12-09 10:49:00,636.0,256.5308333333333,3078.37,VIP
12873.0,1653.3,2,658,2010-07-11 11:15:00,2010-07-11 11:15:00,0.0,826.65,1653.3,VIP
12874.0,933.42,3,611,2010-03-06 12:51:00,2010-03-06 12:51:00,0.0,311.14,933.42,High Value
12875.0,1013.76,3,3168,2010-11-01 12:37:00,2010-11-01 12:37:00,0.0,337.92,1013.76,High Value
12876.0,1850.5700000000002,3,1098,2010-05-05 09:38:00,2010-10-11 12:21:00,159.0,616.8566666666667,1850.5700000000002,VIP
12877.0,1419.4,8,1084,2010-03-06 14:44:00,2010-04-10 10:29:00,34.0,177.425,1419.4,High Value
12880.0,640.13,2,279,,,,320.065,640.13,Medium Value
12887.0,222.4,1,100,,,,222.4,222.4,Low Value
12889.0,365.66,6,120,2010-06-10 11:30:00,2010-07-09 14:01:00,29.0,60.943333333333335,365.66,Medium Value
12890.0,336.8,1,207,,,,336.8,336.8,Medium Value
12891.0,488.5,9,1325,2010-07-09 15:31:00,2010-12-07 13:55:00,150.0,54.27777777777778,488.5,Medium Value
12892.0,263.38,1,140,2010-08-11 09:51:00,2010-08-11 09:51:00,0.0,263.38,263.38,Low Value
12894.0,157.35,1,33,,,,157.35,157.35,Low Value
12896.0,-29.75,1,-5,2009-09-12 09:28:00,2009-09-12 09:28:00,0.0,-29.75,-29.75,Low Value
12897.0,297.75,2,139,,,,148.875,297.75,Medium Value
12898.0,310.96000000000004,2,240,2010-02-09 08:08:00,2010-02-09 08:08:00,0.0,155.48000000000002,310.96000000000004,Medium Value
12899.0,366.4,1,108,,,,366.4,366.4,Medium Value
12900.0,340.33,1,139,,,,340.33,340.33,Medium Value
12903.0,833.53,1,493,2010-07-10 12:39:00,2010-07-10 12:39:00,0.0,833.53,833.53,High Value
12905.0,1011.82,3,528,2010-12-05 10:05:00,2010-12-05 10:05:00,0.0,337.27333333333337,1011.82,High Value
12907.0,440.36,3,164,2010-02-08 14:33:00,2010-09-11 12:08:00,214.0,146.78666666666666,440.36,Medium Value
12908.0,1026.0,3,1800,,,,342.0,1026.0,High Value
12909.0,905.94,5,662,2010-02-03 11:40:00,2010-11-10 09:44:00,279.0,181.18800000000002,905.94,High Value
12910.0,2671.98,6,1910,2010-03-08 12:47:00,2010-05-08 18:57:00,61.0,445.33,2671.98,VIP
12911.0,1680.47,1,820,2010-06-06 12:13:00,2010-06-06 12:13:00,0.0,1680.47,1680.47,VIP
12913.0,4217.2300000000005,9,1813,2009-01-12 12:18:00,2010-11-01 10:24:00,657.0,468.58111111111117,4217.2300000000005,VIP
12914.0,223.98,1,336,2010-04-11 12:28:00,2010-04-11 12:28:00,0.0,223.98,223.98,Low Value
12915.0,721.2,7,341,2010-01-09 14:19:00,2010-07-05 16:27:00,177.0,103.02857142857144,721.2,High Value
12916.0,1647.87,3,655,2010-11-04 10:30:00,2010-11-04 10:30:00,0.0,549.29,1647.87,VIP
12917.0,3735.5,7,978,2009-09-12 14:22:00,2010-10-05 13:28:00,387.0,533.6428571428571,3735.5,VIP
12918.0,-10953.5,3,-1,,,,-3651.1666666666665,-10953.5,Low Value
12920.0,323.86,3,292,,,,107.95333333333333,323.86,Medium Value
12921.0,18249.71,55,11819,2009-01-12 13:43:00,2010-10-09 11:07:00,634.0,331.8129090909091,18249.71,VIP
12923.0,612.9,2,168,,,,306.45,612.9,Medium Value
12924.0,1493.2,9,932,2009-09-12 12:40:00,2010-12-11 08:50:00,454.0,165.91111111111113,1493.2,High Value
12925.0,35.28,1,108,,,,35.28,35.28,Low Value
12926.0,1548.46,4,766,2010-01-10 15:28:00,2010-02-03 16:33:00,24.0,387.115,1548.46,High Value
12927.0,197.31,1,145,2010-10-11 10:02:00,2010-10-11 10:02:00,0.0,197.31,197.31,Low Value
12928.0,2242.19,7,1427,2010-08-06 10:16:00,2010-08-06 10:16:00,0.0,320.3128571428571,2242.19,VIP
12931.0,37836.86,51,24968,2009-01-12 11:46:00,2010-12-11 10:24:00,697.0,741.8992156862745,37836.86,VIP
12932.0,1698.56,8,1609,2010-02-05 15:40:00,2010-10-02 08:46:00,238.0,212.32,1698.56,VIP
12933.0,1021.0,7,406,2009-10-12 16:39:00,2010-04-11 10:13:00,180.0,145.85714285714286,1021.0,High Value
12934.0,181.65,1,31,2009-03-12 10:51:00,2009-03-12 10:51:00,0.0,181.65,181.65,Low Value
12935.0,2025.56,11,1318,2010-01-10 10:04:00,2010-11-05 10:27:00,299.0,184.14181818181817,2025.56,VIP
12937.0,1593.34,5,976,2009-03-12 15:43:00,2010-12-08 14:53:00,635.0,318.668,1593.34,High Value
12939.0,13683.0,12,5452,2010-03-09 11:54:00,2010-12-01 11:27:00,266.0,1140.25,13683.0,VIP
12941.0,377.49,1,381,,,,377.49,377.49,Medium Value
12942.0,258.75,1,69,2010-09-12 09:34:00,2010-09-12 09:34:00,0.0,258.75,258.75,Low Value
12943.0,492.75,3,221,2010-11-11 18:25:00,2010-11-11 18:25:00,0.0,164.25,492.75,Medium Value
12945.0,437.16,1,281,,,,437.16,437.16,Medium Value
12946.0,324.45,1,149,,,,324.45,324.45,Medium Value
12947.0,304.04,1,184,2010-01-12 16:21:00,2010-01-12 16:21:00,0.0,304.04,304.04,Medium Value
12948.0,252.48000000000002,2,224,2009-02-12 12:28:00,2009-09-12 11:46:00,211.0,126.24000000000001,252.48000000000002,Low Value
12949.0,11247.98,18,5834,2009-03-12 15:56:00,2010-05-02 14:47:00,415.0,624.8877777777777,11247.98,VIP
12951.0,2122.35,12,1150,2010-07-11 11:45:00,2010-10-05 11:44:00,85.0,176.86249999999998,2122.35,VIP
12953.0,498.96000000000004,1,280,2010-05-07 13:37:00,2010-05-07 13:37:00,0.0,498.96000000000004,498.96000000000004,Medium Value
12954.0,162.45,1,83,2010-11-03 10:16:00,2010-11-03 10:16:00,0.0,162.45,162.45,Low Value
12956.0,413.82,3,306,,,,137.94,413.82,Medium Value
12957.0,4649.38,9,2130,2009-11-12 12:01:00,2010-11-03 13:43:00,356.0,516.5977777777778,4649.38,VIP
12958.0,539.49,2,131,2010-04-11 16:16:00,2010-05-05 16:22:00,24.0,269.745,539.49,Medium Value
12959.0,133.35,2,108,2010-11-01 10:09:00,2010-12-08 17:20:00,37.0,66.675,133.35,Low Value
12960.0,1322.07,4,1379,2010-11-05 12:58:00,2010-11-05 12:58:00,0.0,330.5175,1322.07,High Value
12961.0,211.99,1,180,,,,211.99,211.99,Low Value
12963.0,1671.76,6,904,2010-06-09 16:16:00,2010-09-12 09:14:00,94.0,278.62666666666667,1671.76,VIP
12964.0,132.24,1,56,,,,132.24,132.24,Low Value
12967.0,2646.02,2,834,2010-03-12 09:49:00,2010-03-12 09:49:00,0.0,1323.01,2646.02,VIP
12969.0,122.45,1,55,,,,122.45,122.45,Low Value
12970.0,1072.73,6,704,2009-04-12 14:19:00,2009-04-12 14:19:00,0.0,178.78833333333333,1072.73,High Value
12971.0,4552.4800000000005,34,3858,2010-02-05 12:01:00,2010-12-11 11:57:00,308.0,133.8964705882353,4552.4800000000005,VIP
12972.0,1115.95,6,829,2010-02-03 12:30:00,2010-06-05 11:44:00,121.0,185.99166666666667,1115.95,High Value
12973.0,385.55,1,31,,,,385.55,385.55,Medium Value
12974.0,264.15,1,80,,,,264.15,264.15,Low Value
12975.0,1993.99,8,903,2009-06-12 10:38:00,2010-08-07 10:06:00,420.0,249.24875,1993.99,VIP
12976.0,2417.7799999999997,7,2123,2010-11-03 09:26:00,2010-12-02 15:46:00,29.0,345.3971428571428,2417.7799999999997,VIP
12977.0,478.39,3,119,,,,159.46333333333334,478.39,Medium Value
12978.0,2496.07,6,1393,2009-10-12 11:23:00,2010-07-01 12:10:00,262.0,416.0116666666667,2496.07,VIP
12979.0,479.53999999999996,2,484,2009-10-12 15:45:00,2009-10-12 15:57:00,0.0,239.76999999999998,479.53999999999996,Medium Value
12980.0,8817.33,14,1019,2009-02-12 11:26:00,2010-12-07 09:07:00,662.0,629.8092857142857,8817.33,VIP
12982.0,2184.92,15,1387,2010-03-06 20:06:00,2010-12-04 13:50:00,272.0,145.66133333333335,2184.92,VIP
12983.0,490.08000000000004,1,638,,,,490.08000000000004,490.08000000000004,Medium Value
12986.0,1991.5900000000001,12,881,2010-02-11 11:01:00,2010-08-03 10:41:00,172.0,165.96583333333334,1991.5900000000001,VIP
12987.0,753.51,3,366,2010-08-04 17:45:00,2010-08-04 17:45:00,0.0,251.17,753.51,High Value
12989.0,5992.29,20,3849,2009-10-12 13:27:00,2010-11-10 12:36:00,393.0,299.6145,5992.29,VIP
12990.0,546.0,4,280,,,,136.5,546.0,Medium Value
12991.0,261.06,1,78,,,,261.06,261.06,Low Value
12992.0,93.35000000000001,1,21,,,,93.35000000000001,93.35000000000001,Low Value
12993.0,776.5,6,408,2010-12-10 18:30:00,2010-12-10 18:30:00,0.0,129.41666666666666,776.5,High Value
12996.0,355.5,1,122,,,,355.5,355.5,Medium Value
12997.0,867.1700000000001,9,515,2010-01-09 14:35:00,2010-12-04 14:23:00,328.0,96.35222222222222,867.1700000000001,High Value
12998.0,897.38,4,1102,2010-04-08 08:05:00,2010-08-04 17:04:00,118.0,224.345,897.38,High Value
13000.0,430.15000000000003,2,159,,,,215.07500000000002,430.15000000000003,Medium Value
13001.0,14338.130000000001,22,8021,2009-03-12 14:43:00,2010-11-05 12:11:00,602.0,651.7331818181818,14338.130000000001,VIP
13002.0,293.18,2,128,2010-01-10 11:58:00,2010-01-10 11:58:00,0.0,146.59,293.18,Medium Value
13004.0,5530.56,24,3646,2010-01-07 17:48:00,2010-11-05 16:26:00,301.0,230.44000000000003,5530.56,VIP
13005.0,466.08,3,288,2010-04-10 11:07:00,2010-08-10 14:22:00,122.0,155.35999999999999,466.08,Medium Value
13007.0,175.25,1,59,2010-09-05 10:38:00,2010-09-05 10:38:00,0.0,175.25,175.25,Low Value
13008.0,364.81,5,197,2010-07-11 10:34:00,2010-09-03 10:29:00,53.0,72.962,364.81,Medium Value
13009.0,234.0,1,120,2010-05-02 12:22:00,2010-05-02 12:22:00,0.0,234.0,234.0,Low Value
13010.0,330.12,2,323,2010-01-03 11:28:00,2010-01-03 11:28:00,0.0,165.06,330.12,Medium Value
13011.0,50.550000000000004,1,13,2010-02-12 17:22:00,2010-02-12 17:22:00,0.0,50.550000000000004,50.550000000000004,Low Value
13012.0,1279.56,4,722,2010-06-10 10:40:00,2010-06-10 10:40:00,0.0,319.89,1279.56,High Value
13013.0,7814.83,18,4239,2010-03-12 12:28:00,2010-12-10 15:04:00,273.0,434.15722222222223,7814.83,VIP
13014.0,1855.4,2,1064,2010-03-10 11:35:00,2010-08-10 13:21:00,153.0,927.7,1855.4,VIP
13015.0,3119.44,9,1846,2010-07-10 17:21:00,2010-07-10 17:21:00,0.0,346.6044444444444,3119.44,VIP
13018.0,2470.06,8,1307,2010-01-03 12:34:00,2010-03-11 13:31:00,67.0,308.7575,2470.06,VIP
13019.0,1212.95,8,395,2009-06-12 15:40:00,2010-12-04 07:49:00,539.0,151.61875,1212.95,High Value
13020.0,606.96,5,271,2010-01-06 09:40:00,2010-09-06 15:54:00,243.0,121.39200000000001,606.96,Medium Value
13021.0,2201.98,13,1172,2009-05-12 12:02:00,2010-12-10 09:26:00,576.0,169.3830769230769,2201.98,VIP
13022.0,65.3,1,35,2010-06-10 10:50:00,2010-06-10 10:50:00,0.0,65.3,65.3,Low Value
13023.0,759.13,1,299,,,,759.13,759.13,High Value
13024.0,535.42,3,174,2010-01-09 14:55:00,2010-06-05 14:25:00,146.0,178.47333333333333,535.42,Medium Value
13025.0,323.39,1,241,2009-08-12 10:02:00,2009-08-12 10:02:00,0.0,323.39,323.39,Medium Value
13026.0,753.97,5,845,2010-07-03 15:27:00,2010-08-08 10:43:00,35.0,150.794,753.97,High Value
13027.0,10236.0,17,25557,2010-01-03 13:40:00,2010-12-02 13:52:00,333.0,602.1176470588235,10236.0,VIP
13029.0,679.8,2,60,2010-04-07 13:46:00,2010-04-07 13:46:00,0.0,339.9,679.8,High Value
13030.0,427.74,1,204,2010-06-12 14:31:00,2010-06-12 14:31:00,0.0,427.74,427.74,Medium Value
13031.0,3419.27,5,2399,2010-03-06 14:57:00,2010-05-08 15:01:00,63.0,683.854,3419.27,VIP
13032.0,1821.07,8,902,2010-03-10 14:20:00,2010-12-11 12:49:00,275.0,227.63375,1821.07,VIP
13033.0,30.0,1,15,2010-06-10 09:37:00,2010-06-10 09:37:00,0.0,30.0,30.0,Low Value
13034.0,279.91,2,153,2010-03-11 15:22:00,2010-05-12 14:52:00,61.0,139.955,279.91,Low Value
13035.0,442.32,1,282,2010-04-10 15:41:00,2010-04-10 15:41:00,0.0,442.32,442.32,Medium Value
13036.0,307.1,1,38,,,,307.1,307.1,Medium Value
13037.0,2961.48,13,1674,2009-03-12 17:04:00,2010-05-11 10:39:00,424.0,227.80615384615385,2961.48,VIP
13039.0,1010.73,4,290,2010-04-05 16:45:00,2010-04-05 16:45:00,0.0,252.6825,1010.73,High Value
13041.0,799.13,4,335,2010-05-07 12:09:00,2010-05-07 12:09:00,0.0,199.7825,799.13,High Value
13042.0,1522.79,4,825,2009-07-12 15:42:00,2010-04-05 13:10:00,266.0,380.6975,1522.79,High Value
13044.0,4263.7300000000005,12,2122,2010-03-03 16:13:00,2010-12-07 13:45:00,278.0,355.3108333333334,4263.7300000000005,VIP
13045.0,503.64,2,184,2010-03-11 12:49:00,2010-10-08 13:02:00,211.0,251.82,503.64,Medium Value
13046.0,319.94,1,241,2010-09-09 13:09:00,2010-09-09 13:09:00,0.0,319.94,319.94,Medium Value
13047.0,5387.62,27,2021,2010-01-04 17:13:00,2010-12-04 07:50:00,333.0,199.54148148148147,5387.62,VIP
13048.0,2229.25,8,1462,,,,278.65625,2229.25,VIP
13049.0,727.46,3,338,2010-03-11 15:39:00,2010-11-11 17:59:00,245.0,242.48666666666668,727.46,High Value
13050.0,6137.83,30,3421,2010-01-03 13:41:00,2010-11-06 16:22:00,307.0,204.59433333333334,6137.83,VIP
13051.0,155.8,2,72,2010-10-05 09:14:00,2010-10-05 09:14:00,0.0,77.9,155.8,Low Value
13052.0,2820.38,6,1232,2010-07-06 16:06:00,2010-12-05 13:43:00,151.0,470.06333333333333,2820.38,VIP
13053.0,127.65,1,47,,,,127.65,127.65,Low Value
13054.0,-14.0,1,-1,,,,-14.0,-14.0,Low Value
13055.0,1090.55,2,914,2010-06-10 08:17:00,2010-06-10 08:17:00,0.0,545.275,1090.55,High Value
13056.0,209.48,1,158,2010-06-06 14:10:00,2010-06-06 14:10:00,0.0,209.48,209.48,Low Value
13057.0,540.74,4,453,,,,135.185,540.74,Medium Value
13059.0,2089.22,11,824,2010-08-08 13:07:00,2010-12-08 15:40:00,122.0,189.9290909090909,2089.22,VIP
13063.0,188.4,1,116,,,,188.4,188.4,Low Value
13064.0,561.25,2,154,2010-07-06 16:28:00,2010-07-06 16:28:00,0.0,280.625,561.25,Medium Value
13065.0,1050.1000000000001,6,380,2010-01-12 16:52:00,2010-12-11 10:08:00,332.0,175.01666666666668,1050.1000000000001,High Value
13067.0,393.05,2,99,,,,196.525,393.05,Medium Value
13069.0,5029.650000000001,17,9230,2010-01-10 10:33:00,2010-12-08 13:14:00,332.0,295.86176470588236,5029.650000000001,VIP
13070.0,515.1,4,258,2009-02-12 12:23:00,2010-06-09 12:37:00,482.0,128.775,515.1,Medium Value
13071.0,129.22,1,30,2010-06-04 13:37:00,2010-06-04 13:37:00,0.0,129.22,129.22,Low Value
13073.0,418.08,2,261,,,,209.04,418.08,Medium Value
13074.0,1362.8400000000001,5,824,2010-01-02 12:43:00,2010-01-04 15:40:00,2.0,272.56800000000004,1362.8400000000001,High Value
13076.0,135.4,1,44,2010-08-09 10:27:00,2010-08-09 10:27:00,0.0,135.4,135.4,Low Value
13077.0,2310.9,11,1861,2009-11-12 11:17:00,2010-08-12 14:59:00,273.0,210.0818181818182,2310.9,VIP
13078.0,16451.55,53,6466,2009-01-12 09:06:00,2010-12-10 15:20:00,697.0,310.4066037735849,16451.55,VIP
13079.0,199.08,1,96,,,,199.08,199.08,Low Value
13080.0,202.75,4,71,2010-03-11 14:34:00,2010-09-04 13:07:00,176.0,50.6875,202.75,Low Value
13081.0,30363.670000000002,25,22131,2009-08-12 13:58:00,2010-10-03 10:25:00,416.0,1214.5468,30363.670000000002,VIP
13082.0,3673.44,15,4100,2010-06-07 10:31:00,2010-11-10 14:19:00,156.0,244.89600000000002,3673.44,VIP
13083.0,91.67999999999999,1,120,2010-10-10 13:38:00,2010-10-10 13:38:00,0.0,91.67999999999999,91.67999999999999,Low Value
13084.0,116.44999999999999,2,137,2010-05-08 08:49:00,2010-09-08 12:40:00,123.0,58.224999999999994,116.44999999999999,Low Value
13085.0,1187.08,7,727,2009-01-12 07:45:00,2009-03-12 14:07:00,59.0,169.58285714285714,1187.08,High Value
13086.0,439.33000000000004,1,155,,,,439.33000000000004,439.33000000000004,Medium Value
13087.0,313.64,1,86,,,,313.64,313.64,Medium Value
13088.0,236.11,1,76,,,,236.11,236.11,Low Value
13089.0,55828.31,132,28456,2009-02-12 15:44:00,2010-12-08 08:56:00,663.0,422.9417424242424,55828.31,VIP
13090.0,5081.89,15,1169,2010-02-08 13:58:00,2010-12-11 17:01:00,306.0,338.79266666666666,5081.89,VIP
13091.0,-450.03999999999996,4,-1535,2009-08-12 12:25:00,2009-10-12 12:44:00,61.0,-112.50999999999999,-450.03999999999996,Low Value
13092.0,1547.5,9,330,2010-07-09 16:45:00,2010-10-06 16:45:00,89.0,171.94444444444446,1547.5,High Value
13093.0,46332.26,76,22112,2009-04-12 10:32:00,2010-11-11 19:38:00,578.0,609.635,46332.26,VIP
13094.0,505.8,2,372,2010-06-12 10:34:00,2010-06-12 10:34:00,0.0,252.9,505.8,Medium Value
13096.0,419.70000000000005,1,6,2010-10-11 14:08:00,2010-10-11 14:08:00,0.0,419.70000000000005,419.70000000000005,Medium Value
13097.0,6968.41,26,3009,2009-01-12 13:31:00,2010-11-08 11:43:00,664.0,268.01576923076925,6968.41,VIP
13100.0,-1598.67,1,-1,,,,-1598.67,-1598.67,Low Value
13101.0,594.21,3,365,,,,198.07000000000002,594.21,Medium Value
13102.0,5103.83,16,2350,2010-02-11 13:19:00,2010-09-12 13:38:00,213.0,318.989375,5103.83,VIP
13103.0,465.70000000000005,2,344,2010-11-05 14:41:00,2010-11-05 14:41:00,0.0,232.85000000000002,465.70000000000005,Medium Value
13104.0,610.62,3,330,,,,203.54,610.62,Medium Value
13105.0,72.0,1,100,,,,72.0,72.0,Low Value
13106.0,526.96,1,213,,,,526.96,526.96,Medium Value
13107.0,3585.55,10,2967,2009-08-12 18:43:00,2010-11-10 16:14:00,454.0,358.555,3585.55,VIP
13108.0,748.46,2,745,2010-02-12 10:35:00,2010-02-12 10:35:00,0.0,374.23,748.46,High Value
13109.0,340.74,2,236,2010-06-06 12:59:00,2010-08-06 15:00:00,61.0,170.37,340.74,Medium Value
13110.0,1443.3000000000002,6,373,2009-01-12 14:14:00,2010-01-06 15:45:00,359.0,240.55000000000004,1443.3000000000002,High Value
13111.0,321.88000000000005,1,180,,,,321.88000000000005,321.88000000000005,Medium Value
13112.0,-5.44,3,-1,2009-08-12 17:40:00,2009-08-12 17:40:00,0.0,-1.8133333333333335,-5.44,Low Value
13113.0,6090.25,22,1453,2010-02-05 15:48:00,2010-11-10 15:05:00,277.0,276.82954545454544,6090.25,VIP
13114.0,234.38,1,74,2009-09-12 09:56:00,2009-09-12 09:56:00,0.0,234.38,234.38,Low Value
13115.0,3168.82,10,2359,2010-01-11 11:36:00,2010-08-12 15:01:00,213.0,316.882,3168.82,VIP
13117.0,1657.2,13,1120,2010-02-12 13:11:00,2010-12-05 10:36:00,295.0,127.47692307692309,1657.2,VIP
13118.0,1209.1,5,422,2010-05-11 11:49:00,2010-05-11 11:49:00,0.0,241.82,1209.1,High Value
13119.0,134.9,1,110,2010-09-02 08:38:00,2010-09-02 08:38:00,0.0,134.9,134.9,Low Value
13123.0,506.75,2,268,,,,253.375,506.75,Medium Value
13124.0,916.12,1,636,,,,916.12,916.12,High Value
13125.0,158.57,1,54,2010-04-07 11:58:00,2010-04-07 11:58:00,0.0,158.57,158.57,Low Value
13126.0,1846.18,11,1251,2010-02-03 12:24:00,2010-08-12 11:43:00,189.0,167.83454545454546,1846.18,VIP
13128.0,263.5,1,31,,,,263.5,263.5,Low Value
13129.0,233.25,2,296,,,,116.625,233.25,Low Value
13131.0,2240.47,4,1076,2010-03-06 09:29:00,2010-09-02 09:47:00,180.0,560.1175,2240.47,VIP
13133.0,90.65,1,23,2010-06-09 15:30:00,2010-06-09 15:30:00,0.0,90.65,90.65,Low Value
13134.0,681.65,2,305,2010-02-11 13:58:00,2010-02-11 13:58:00,0.0,340.825,681.65,High Value
13135.0,275.45,1,123,2010-05-08 17:28:00,2010-05-08 17:28:00,0.0,275.45,275.45,Low Value
13136.0,3532.42,14,1726,2009-08-12 17:27:00,2010-10-05 13:26:00,418.0,252.31571428571428,3532.42,VIP
13137.0,4062.29,8,2068,2010-04-11 13:04:00,2010-10-10 14:38:00,182.0,507.78625,4062.29,VIP
13138.0,492.1,3,244,2010-02-12 15:03:00,2010-10-11 10:39:00,240.0,164.03333333333333,492.1,Medium Value
13139.0,3138.04,1,2189,,,,3138.04,3138.04,VIP
13140.0,791.96,3,462,2010-05-08 19:05:00,2010-08-12 15:12:00,95.0,263.9866666666667,791.96,High Value
13141.0,5150.83,15,3587,2009-09-12 13:34:00,2010-12-05 13:29:00,448.0,343.38866666666667,5150.83,VIP
13143.0,399.2,2,196,2010-04-05 12:22:00,2010-06-05 16:34:00,61.0,199.6,399.2,Medium Value
13144.0,24.4,1,8,2010-04-10 14:14:00,2010-04-10 14:14:00,0.0,24.4,24.4,Low Value
13145.0,805.0,4,121,2010-02-12 18:06:00,2010-11-07 12:07:00,267.0,201.25,805.0,High Value
13148.0,4775.12,19,2562,2009-07-12 15:26:00,2010-12-09 14:05:00,514.0,251.32210526315788,4775.12,VIP
13150.0,435.02,4,170,2010-12-08 12:58:00,2010-12-08 12:59:00,0.0,108.755,435.02,Medium Value
13151.0,1261.32,3,464,,,,420.44,1261.32,High Value
13152.0,2114.98,9,969,2010-05-07 10:37:00,2010-05-07 10:37:00,0.0,234.99777777777777,2114.98,VIP
13154.0,1609.29,4,973,2009-04-12 08:46:00,2010-05-11 16:00:00,394.0,402.3225,1609.29,High Value
13155.0,778.42,3,412,2010-05-08 09:30:00,2010-06-12 12:44:00,35.0,259.4733333333333,778.42,High Value
13156.0,1586.54,3,914,2010-01-02 13:45:00,2010-09-02 15:27:00,243.0,528.8466666666667,1586.54,High Value
13157.0,3946.14,5,3323,2010-08-03 11:59:00,2010-08-03 11:59:00,0.0,789.228,3946.14,VIP
13158.0,307.12,1,208,,,,307.12,307.12,Medium Value
13161.0,366.13,1,77,,,,366.13,366.13,Medium Value
13162.0,7471.95,14,4005,2009-04-12 13:59:00,2010-12-03 09:26:00,599.0,533.7107142857143,7471.95,VIP
13163.0,0.0,2,0,2010-08-04 16:21:00,2010-08-04 16:21:00,0.0,0.0,0.0,Low Value
13164.0,297.46000000000004,3,114,2010-10-02 11:52:00,2010-10-02 11:52:00,0.0,99.15333333333335,297.46000000000004,Medium Value
13165.0,429.68,1,360,,,,429.68,429.68,Medium Value
13166.0,466.98,1,311,,,,466.98,466.98,Medium Value
13167.0,333.82,1,222,,,,333.82,333.82,Medium Value
13168.0,556.12,1,230,,,,556.12,556.12,Medium Value
13169.0,127.2,1,24,,,,127.2,127.2,Low Value
13172.0,69.6,1,48,2010-04-11 15:10:00,2010-04-11 15:10:00,0.0,69.6,69.6,Low Value
13173.0,2266.85,12,1340,2009-10-12 12:52:00,2010-07-12 14:30:00,273.0,188.90416666666667,2266.85,VIP
13174.0,6677.81,10,3146,2009-04-12 15:40:00,2010-12-11 16:18:00,608.0,667.7810000000001,6677.81,VIP
13175.0,793.1,4,392,2009-04-12 12:11:00,2010-06-05 13:13:00,419.0,198.275,793.1,High Value
13177.0,229.75,1,89,2010-05-10 10:35:00,2010-05-10 10:35:00,0.0,229.75,229.75,Low Value
13178.0,8272.42,14,5179,2010-07-11 15:50:00,2010-11-01 15:03:00,112.0,590.8871428571429,8272.42,VIP
13179.0,572.3100000000001,1,368,,,,572.3100000000001,572.3100000000001,Medium Value
13180.0,86.10000000000001,1,42,2010-11-04 13:37:00,2010-11-04 13:37:00,0.0,86.10000000000001,86.10000000000001,Low Value
13181.0,359.69,1,171,,,,359.69,359.69,Medium Value
13183.0,3053.1,9,1793,2010-06-05 11:25:00,2010-10-11 13:49:00,128.0,339.23333333333335,3053.1,VIP
13187.0,112.28999999999999,4,258,,,,28.072499999999998,112.28999999999999,Low Value
13190.0,518.76,4,306,2009-07-12 12:13:00,2009-07-12 12:13:00,0.0,129.69,518.76,Medium Value
13191.0,164.69,1,115,,,,164.69,164.69,Low Value
13192.0,1632.59,6,1023,2010-03-02 14:30:00,2010-09-07 12:32:00,188.0,272.0983333333333,1632.59,High Value
13194.0,412.08,1,300,,,,412.08,412.08,Medium Value
13195.0,172.38,1,83,,,,172.38,172.38,Low Value
13196.0,1261.86,4,780,2010-01-04 12:54:00,2010-12-04 09:37:00,333.0,315.465,1261.86,High Value
13197.0,373.01000000000005,1,204,2010-09-04 09:14:00,2010-09-04 09:14:00,0.0,373.01000000000005,373.01000000000005,Medium Value
13198.0,1528.19,4,793,2010-01-10 13:27:00,2010-05-10 19:01:00,120.0,382.0475,1528.19,High Value
13199.0,6601.02,31,5838,2009-05-12 10:11:00,2010-11-11 12:23:00,548.0,212.93612903225807,6601.02,VIP
13201.0,1240.6100000000001,4,1039,2010-07-03 11:01:00,2010-08-07 10:31:00,34.0,310.15250000000003,1240.6100000000001,High Value
13202.0,1571.35,8,571,2009-09-12 10:48:00,2010-10-11 16:24:00,394.0,196.41875,1571.35,High Value
13203.0,1761.09,7,1607,2010-01-10 11:45:00,2010-01-10 11:45:00,0.0,251.5842857142857,1761.09,VIP
13204.0,966.6600000000001,1,428,2009-08-12 14:56:00,2009-08-12 14:56:00,0.0,966.6600000000001,966.6600000000001,High Value
13205.0,2803.2,1,256,,,,2803.2,2803.2,VIP
13206.0,8280.13,15,6878,2009-07-12 13:48:00,2010-11-05 11:29:00,480.0,552.0086666666666,8280.13,VIP
13207.0,285.6,2,48,2010-06-04 16:37:00,2010-06-04 16:37:00,0.0,142.8,285.6,Medium Value
13208.0,764.6,3,541,2009-03-12 13:25:00,2009-03-12 13:25:00,0.0,254.86666666666667,764.6,High Value
13209.0,2617.9,5,1528,2010-07-05 15:37:00,2010-07-05 15:37:00,0.0,523.58,2617.9,VIP
13211.0,1509.45,9,1011,2009-06-12 14:37:00,2010-09-05 15:38:00,450.0,167.71666666666667,1509.45,High Value
13213.0,2316.19,8,1595,2010-03-10 15:37:00,2010-11-11 18:58:00,246.0,289.52375,2316.19,VIP
13214.0,3264.23,7,2966,2010-03-03 14:10:00,2010-12-08 17:01:00,280.0,466.31857142857143,3264.23,VIP
13215.0,81.6,1,96,2010-02-11 18:26:00,2010-02-11 18:26:00,0.0,81.6,81.6,Low Value
13217.0,132.5,1,250,,,,132.5,132.5,Low Value
13219.0,76.23,1,11,,,,76.23,76.23,Low Value
13220.0,516.8,1,200,,,,516.8,516.8,Medium Value
13222.0,88.5,1,30,2010-11-05 13:54:00,2010-11-05 13:54:00,0.0,88.5,88.5,Low Value
13223.0,805.9200000000001,4,480,2010-12-02 13:27:00,2010-12-10 11:07:00,7.0,201.48000000000002,805.9200000000001,High Value
13225.0,9796.23,9,3985,2010-06-10 12:59:00,2010-12-04 13:22:00,177.0,1088.47,9796.23,VIP
13226.0,204.25,1,99,2010-11-11 13:46:00,2010-11-11 13:46:00,0.0,204.25,204.25,Low Value
13230.0,3553.81,17,1970,2010-03-06 19:24:00,2010-12-08 19:20:00,276.0,209.04764705882351,3553.81,VIP
13231.0,-355.2,1,-1,2010-11-06 16:53:00,2010-11-06 16:53:00,0.0,-355.2,-355.2,Low Value
13233.0,571.34,2,600,,,,285.67,571.34,Medium Value
13234.0,356.95,2,162,2009-07-12 12:32:00,2010-05-02 11:41:00,293.0,178.475,356.95,Medium Value
13237.0,643.0,1,128,,,,643.0,643.0,Medium Value
13238.0,305.9,2,144,2010-05-10 12:38:00,2010-05-10 12:38:00,0.0,152.95,305.9,Medium Value
13239.0,1250.28,5,821,2010-05-08 10:38:00,2010-05-08 10:38:00,0.0,250.05599999999998,1250.28,High Value
13240.0,997.52,6,548,2010-09-12 12:49:00,2010-09-12 12:49:00,0.0,166.25333333333333,997.52,High Value
13241.0,115.58,1,48,,,,115.58,115.58,Low Value
13242.0,429.0,4,220,2010-09-02 13:12:00,2010-09-02 13:12:00,0.0,107.25,429.0,Medium Value
13243.0,677.97,4,346,,,,169.4925,677.97,High Value
13245.0,558.72,1,246,2010-03-10 14:03:00,2010-03-10 14:03:00,0.0,558.72,558.72,Medium Value
13246.0,1355.58,7,1192,2010-02-07 13:36:00,2010-11-11 13:11:00,276.0,193.6542857142857,1355.58,High Value
13249.0,897.52,6,700,2010-03-11 14:05:00,2010-08-08 10:54:00,149.0,149.58666666666667,897.52,High Value
13250.0,248.54000000000002,3,106,2010-05-09 11:33:00,2010-05-09 11:33:00,0.0,82.84666666666668,248.54000000000002,Low Value
13251.0,252.68,1,215,2010-02-11 13:20:00,2010-02-11 13:20:00,0.0,252.68,252.68,Low Value
13252.0,341.3,3,128,2010-10-11 16:00:00,2010-10-11 16:00:00,0.0,113.76666666666667,341.3,Medium Value
13253.0,1920.71,2,1443,2010-05-01 12:13:00,2010-05-10 13:33:00,9.0,960.355,1920.71,VIP
13254.0,51.410000000000004,1,43,,,,51.410000000000004,51.410000000000004,Low Value
13255.0,504.95,2,340,2010-01-12 11:58:00,2010-01-12 11:58:00,0.0,252.475,504.95,Medium Value
13257.0,117.95,3,29,2010-01-10 16:42:00,2010-08-10 12:27:00,211.0,39.31666666666667,117.95,Low Value
13258.0,336.59999999999997,2,164,2010-04-11 12:45:00,2010-04-11 12:45:00,0.0,168.29999999999998,336.59999999999997,Medium Value
13259.0,1141.06,8,385,2010-01-02 11:37:00,2010-11-04 13:01:00,306.0,142.6325,1141.06,High Value
13262.0,373.16,2,122,,,,186.58,373.16,Medium Value
13263.0,1250.6200000000001,4,610,2010-05-11 16:07:00,2010-11-11 15:49:00,183.0,312.65500000000003,1250.6200000000001,High Value
13264.0,722.5600000000001,1,375,,,,722.5600000000001,722.5600000000001,High Value
13266.0,2247.63,11,2370,2010-03-06 18:45:00,2010-09-11 13:10:00,188.0,204.33,2247.63,VIP
13267.0,5107.77,25,2096,2009-07-12 16:56:00,2010-11-11 14:32:00,486.0,204.31080000000003,5107.77,VIP
13269.0,3545.47,14,3050,2009-02-12 11:47:00,2010-05-12 11:51:00,454.0,253.24785714285713,3545.47,VIP
13270.0,590.0,1,200,2010-08-12 14:53:00,2010-08-12 14:53:00,0.0,590.0,590.0,Medium Value
13274.0,360.85,1,199,,,,360.85,360.85,Medium Value
13275.0,241.66,2,140,,,,120.83,241.66,Low Value
13276.0,1327.63,5,692,2010-07-03 14:05:00,2010-07-11 14:18:00,8.0,265.526,1327.63,High Value
13277.0,264.9,3,206,,,,88.3,264.9,Low Value
13278.0,885.47,4,818,2010-05-11 11:42:00,2010-08-04 11:59:00,85.0,221.3675,885.47,High Value
13280.0,1482.27,5,971,2010-05-03 09:07:00,2010-07-10 16:36:00,68.0,296.454,1482.27,High Value
13281.0,306.45,3,175,,,,102.14999999999999,306.45,Medium Value
13282.0,181.05,1,103,,,,181.05,181.05,Low Value
13283.0,279.7,2,114,2010-09-03 14:36:00,2010-09-03 14:36:00,0.0,139.85,279.7,Low Value
13285.0,655.47,2,406,,,,327.735,655.47,Medium Value
13286.0,734.91,1,274,,,,734.91,734.91,High Value
13287.0,519.67,7,237,2010-02-03 14:51:00,2010-05-05 13:10:00,90.0,74.23857142857142,519.67,Medium Value
13288.0,892.16,6,376,2010-07-07 15:43:00,2010-11-02 14:59:00,117.0,148.69333333333333,892.16,High Value
13289.0,307.95,1,119,,,,307.95,307.95,Medium Value
13290.0,-208.63,3,-1,2010-05-10 12:43:00,2010-05-10 12:43:00,0.0,-69.54333333333334,-208.63,Low Value
13291.0,2959.73,10,1386,2010-01-04 15:16:00,2010-12-08 19:37:00,338.0,295.973,2959.73,VIP
13292.0,408.85,4,167,2010-01-07 14:36:00,2010-02-08 13:39:00,31.0,102.2125,408.85,Medium Value
13293.0,1180.34,7,549,2009-01-12 10:55:00,2010-12-11 13:28:00,698.0,168.61999999999998,1180.34,High Value
13294.0,815.79,1,543,2010-03-03 12:54:00,2010-03-03 12:54:00,0.0,815.79,815.79,High Value
13295.0,860.07,8,617,2010-02-12 17:36:00,2010-12-05 09:13:00,295.0,107.50875,860.07,High Value
13296.0,705.11,5,575,2010-09-06 08:41:00,2010-12-10 12:41:00,95.0,141.022,705.11,High Value
13297.0,2262.82,4,1730,,,,565.705,2262.82,VIP
13299.0,1030.8,4,378,2010-05-07 10:56:00,2010-12-10 10:53:00,216.0,257.7,1030.8,High Value
13300.0,901.9200000000001,3,246,2010-08-06 14:01:00,2010-08-06 14:01:00,0.0,300.64000000000004,901.9200000000001,High Value
13302.0,95.45,1,7,2010-01-07 12:32:00,2010-01-07 12:32:00,0.0,95.45,95.45,Low Value
13303.0,61.72,1,26,2010-04-11 14:55:00,2010-04-11 14:55:00,0.0,61.72,61.72,Low Value
13304.0,820.37,6,450,2010-08-02 12:42:00,2010-11-06 13:55:00,96.0,136.72833333333332,820.37,High Value
13305.0,1753.85,7,1129,2010-02-12 12:10:00,2010-11-11 15:37:00,272.0,250.54999999999998,1753.85,VIP
13306.0,53.65,1,74,2010-05-10 14:55:00,2010-05-10 14:55:00,0.0,53.65,53.65,Low Value
13307.0,258.34,2,136,2010-09-08 12:56:00,2010-09-08 12:56:00,0.0,129.17,258.34,Low Value
13308.0,284.86,1,230,,,,284.86,284.86,Low Value
13309.0,249.58,1,370,2010-12-11 12:10:00,2010-12-11 12:10:00,0.0,249.58,249.58,Low Value
13310.0,409.17,2,229,2010-02-11 17:03:00,2010-02-11 17:03:00,0.0,204.585,409.17,Medium Value
13312.0,124.75,1,41,,,,124.75,124.75,Low Value
13313.0,1867.95,10,1448,2009-02-12 13:53:00,2010-10-08 13:04:00,602.0,186.79500000000002,1867.95,VIP
13315.0,310.26,1,232,,,,310.26,310.26,Medium Value
13316.0,7091.4400000000005,7,14376,2010-10-03 10:01:00,2010-12-11 10:14:00,69.0,1013.0628571428572,7091.4400000000005,VIP
13317.0,3928.4610000000002,22,2049,2010-01-07 15:48:00,2010-09-06 13:00:00,241.0,178.5664090909091,3928.4610000000002,VIP
13319.0,11041.75,45,4507,2009-06-12 14:46:00,2010-12-08 17:52:00,544.0,245.37222222222223,11041.75,VIP
13320.0,669.25,3,416,2010-01-10 14:59:00,2010-07-10 19:29:00,181.0,223.08333333333334,669.25,High Value
13324.0,3348.57,11,3230,2010-07-10 12:44:00,2010-12-08 15:38:00,151.0,304.41545454545457,3348.57,VIP
13326.0,281.76,1,140,2010-03-10 16:00:00,2010-03-10 16:00:00,0.0,281.76,281.76,Low Value
13327.0,6123.46,15,2860,2010-01-04 10:48:00,2010-09-12 15:33:00,251.0,408.23066666666665,6123.46,VIP
13329.0,4236.62,11,3014,2009-04-12 15:41:00,2010-11-11 19:30:00,578.0,385.1472727272727,4236.62,VIP
13330.0,1665.25,3,1224,2010-10-09 14:12:00,2010-10-09 14:12:00,0.0,555.0833333333334,1665.25,VIP
13331.0,262.4,1,54,2010-03-11 08:04:00,2010-03-11 08:04:00,0.0,262.4,262.4,Low Value
13333.0,1015.74,3,685,2010-08-09 09:23:00,2010-08-09 09:23:00,0.0,338.58,1015.74,High Value
13334.0,2720.18,3,1452,,,,906.7266666666666,2720.18,VIP
13335.0,-955.06,1,-1,,,,-955.06,-955.06,Low Value
13337.0,1548.55,2,955,2010-09-07 11:53:00,2010-11-06 13:27:00,60.0,774.275,1548.55,High Value
13338.0,1791.8,7,879,2010-05-01 12:25:00,2010-10-06 16:21:00,158.0,255.97142857142856,1791.8,VIP
13340.0,11364.08,5,3866,,,,2272.816,11364.08,VIP
13342.0,-14.100000000000001,1,-4,2010-06-05 16:44:00,2010-06-05 16:44:00,0.0,-14.100000000000001,-14.100000000000001,Low Value
13346.0,299.4,6,180,2010-03-09 11:41:00,2010-03-09 11:41:00,0.0,49.9,299.4,Medium Value
13353.0,-28.849999999999998,1,-3,,,,-28.849999999999998,-28.849999999999998,Low Value
13357.0,3228.41,4,1820,2010-02-08 14:02:00,2010-02-08 14:02:00,0.0,807.1025,3228.41,VIP
13359.0,570.7,2,215,2010-01-11 15:05:00,2010-11-11 18:20:00,304.0,285.35,570.7,Medium Value
13360.0,1464.1,7,932,2010-04-10 10:02:00,2010-08-01 11:16:00,113.0,209.15714285714284,1464.1,High Value
13361.0,1450.5,2,324,2010-01-04 07:49:00,2010-01-04 07:49:00,0.0,725.25,1450.5,High Value
13362.0,2272.08,5,1090,2010-02-11 10:01:00,2010-10-10 15:27:00,241.0,454.416,2272.08,VIP
13363.0,731.36,1,436,,,,731.36,731.36,High Value
13365.0,-26.9,1,-2,2010-11-11 17:24:00,2010-11-11 17:24:00,0.0,-26.9,-26.9,Low Value
13367.0,510.20000000000005,1,253,2010-04-10 10:00:00,2010-04-10 10:00:00,0.0,510.20000000000005,510.20000000000005,Medium Value
13368.0,462.7,3,267,2010-12-10 10:43:00,2010-12-10 10:43:00,0.0,154.23333333333332,462.7,Medium Value
13369.0,308.28000000000003,1,149,2010-09-12 11:30:00,2010-09-12 11:30:00,0.0,308.28000000000003,308.28000000000003,Medium Value
13370.0,721.32,2,336,2010-03-12 10:26:00,2010-08-12 15:57:00,153.0,360.66,721.32,High Value
13371.0,2271.46,4,1016,,,,567.865,2271.46,VIP
13373.0,4274.94,3,2612,2009-06-12 12:34:00,2009-06-12 12:34:00,0.0,1424.9799999999998,4274.94,VIP
13374.0,422.8,2,135,,,,211.4,422.8,Medium Value
13375.0,1013.58,1,682,,,,1013.58,1013.58,High Value
13377.0,1495.43,4,744,2010-04-03 10:06:00,2010-10-03 10:33:00,183.0,373.8575,1495.43,High Value
13378.0,-756.4,1,-1,,,,-756.4,-756.4,Low Value
13380.0,62.4,1,48,2010-03-10 10:18:00,2010-03-10 10:18:00,0.0,62.4,62.4,Low Value
13381.0,4558.21,8,3081,2009-01-12 15:18:00,2010-03-06 20:08:00,418.0,569.77625,4558.21,VIP
13382.0,1164.59,4,732,2009-08-12 09:56:00,2010-07-10 09:28:00,331.0,291.1475,1164.59,High Value
13383.0,305.28000000000003,1,288,,,,305.28000000000003,305.28000000000003,Medium Value
13384.0,2512.81,6,1715,2010-04-08 16:47:00,2010-08-09 15:06:00,122.0,418.8016666666667,2512.81,VIP
13386.0,835.46,2,514,,,,417.73,835.46,High Value
13387.0,189.44,1,125,,,,189.44,189.44,Low Value
13388.0,508.55,1,419,,,,508.55,508.55,Medium Value
13392.0,91.14,1,82,,,,91.14,91.14,Low Value
13393.0,1105.85,6,658,2009-07-12 18:12:00,2010-05-05 09:34:00,296.0,184.3083333333333,1105.85,High Value
13394.0,4011.08,14,2942,2009-01-12 11:58:00,2010-11-11 19:44:00,668.0,286.5057142857143,4011.08,VIP
13395.0,872.51,2,1324,2010-04-11 14:00:00,2010-04-11 14:00:00,0.0,436.255,872.51,High Value
13397.0,1554.93,7,898,2010-01-04 13:24:00,2010-11-05 13:42:00,305.0,222.13285714285715,1554.93,High Value
13398.0,213.0,1,60,,,,213.0,213.0,Low Value
13399.0,275.4,3,120,2010-01-09 13:59:00,2010-08-07 17:47:00,210.0,91.8,275.4,Low Value
13400.0,300.93,2,282,2010-06-05 09:00:00,2010-06-05 09:00:00,0.0,150.465,300.93,Medium Value
13401.0,-1834.14,1,-1,,,,-1834.14,-1834.14,Low Value
13402.0,913.9000000000001,3,628,2010-02-12 17:12:00,2010-02-12 17:12:00,0.0,304.6333333333334,913.9000000000001,High Value
13403.0,154.5,2,70,,,,77.25,154.5,Low Value
13405.0,624.11,6,683,,,,104.01833333333333,624.11,Medium Value
13406.0,557.22,3,286,2010-08-10 14:44:00,2010-08-10 14:44:00,0.0,185.74,557.22,Medium Value
13407.0,2111.89,6,1623,2010-10-05 12:40:00,2010-10-05 12:41:00,0.0,351.9816666666666,2111.89,VIP
13408.0,23365.442,57,13218,2009-04-12 09:31:00,2010-12-04 11:19:00,601.0,409.92003508771927,23365.442,VIP
13409.0,-525.65,1,-1,,,,-525.65,-525.65,Low Value
13410.0,1183.6,5,720,2009-08-12 13:43:00,2010-11-11 16:45:00,456.0,236.71999999999997,1183.6,High Value
13412.0,487.34999999999997,1,176,,,,487.34999999999997,487.34999999999997,Medium Value
13413.0,345.8,8,382,2010-09-03 16:40:00,2010-10-03 12:17:00,29.0,43.225,345.8,Medium Value
13414.0,1091.74,4,1126,2009-08-12 17:10:00,2010-02-09 16:55:00,180.0,272.935,1091.74,High Value
13415.0,681.92,5,410,2009-11-12 14:20:00,2009-11-12 14:20:00,0.0,136.384,681.92,High Value
13416.0,228.3,1,66,2009-03-12 13:02:00,2009-03-12 13:02:00,0.0,228.3,228.3,Low Value
13417.0,953.0600000000001,5,346,2010-08-02 12:39:00,2010-10-06 10:05:00,64.0,190.61200000000002,953.0600000000001,High Value
13418.0,6070.72,16,3684,2009-11-12 12:51:00,2010-12-04 09:13:00,386.0,379.42,6070.72,VIP
13421.0,2239.84,8,1237,2010-10-08 17:02:00,2010-10-08 17:02:00,0.0,279.98,2239.84,VIP
13423.0,217.03,1,141,2010-07-10 09:02:00,2010-07-10 09:02:00,0.0,217.03,217.03,Low Value
13424.0,557.92,2,526,,,,278.96,557.92,Medium Value
13425.0,1751.72,5,1253,2010-02-07 11:07:00,2010-09-05 14:35:00,210.0,350.344,1751.72,VIP
13426.0,4526.06,12,2623,2009-09-12 15:16:00,2010-10-05 12:12:00,387.0,377.1716666666667,4526.06,VIP
13427.0,423.93,3,335,,,,141.31,423.93,Medium Value
13428.0,281.51,2,210,,,,140.755,281.51,Low Value
13431.0,2020.14,7,894,2010-02-03 15:16:00,2010-02-03 15:16:00,0.0,288.5914285714286,2020.14,VIP
13432.0,439.1,2,217,2010-06-04 14:42:00,2010-06-04 14:42:00,0.0,219.55,439.1,Medium Value
13433.0,656.87,5,189,2010-12-01 08:59:00,2010-12-01 08:59:00,0.0,131.374,656.87,High Value
13434.0,1132.6200000000001,3,564,2010-05-09 14:13:00,2010-05-09 14:13:00,0.0,377.54,1132.6200000000001,High Value
13435.0,665.34,2,662,,,,332.67,665.34,High Value
13438.0,46.5,1,10,2010-10-06 18:46:00,2010-10-06 18:46:00,0.0,46.5,46.5,Low Value
13439.0,702.9,2,710,2010-01-07 14:36:00,2010-01-07 14:36:00,0.0,351.45,702.9,High Value
13440.0,1213.95,10,551,2010-12-10 13:07:00,2010-12-10 17:53:00,0.0,121.39500000000001,1213.95,High Value
13441.0,424.26,1,316,2010-04-10 10:38:00,2010-04-10 10:38:00,0.0,424.26,424.26,Medium Value
13442.0,419.87,3,115,2009-01-12 14:59:00,2010-10-02 14:03:00,627.0,139.95666666666668,419.87,Medium Value
13443.0,1247.71,7,798,2010-04-06 12:50:00,2010-12-04 08:23:00,241.0,178.24428571428572,1247.71,High Value
13444.0,631.6800000000001,2,337,,,,315.84000000000003,631.6800000000001,Medium Value
13445.0,241.89999999999998,1,198,,,,241.89999999999998,241.89999999999998,Low Value
13446.0,3608.86,18,2337,2010-01-03 11:28:00,2010-11-08 14:20:00,309.0,200.49222222222224,3608.86,VIP
13448.0,4982.08,11,2742,2009-06-12 12:14:00,2010-05-11 09:07:00,332.0,452.91636363636366,4982.08,VIP
13450.0,2073.82,8,2334,2010-05-07 16:33:00,2010-11-05 08:54:00,181.0,259.2275,2073.82,VIP
13451.0,4203.52,7,3116,,,,600.5028571428572,4203.52,VIP
13452.0,139.8,1,4,,,,139.8,139.8,Low Value
13453.0,402.01,3,205,2010-02-11 13:23:00,2010-11-11 19:47:00,273.0,134.00333333333333,402.01,Medium Value
13454.0,219.87,1,198,2010-08-03 14:40:00,2010-08-03 14:40:00,0.0,219.87,219.87,Low Value
13455.0,1766.47,8,612,2009-09-12 08:58:00,2010-12-10 18:15:00,454.0,220.80875,1766.47,VIP
13457.0,143.27,4,93,2009-02-12 12:46:00,2009-03-12 16:06:00,28.0,35.8175,143.27,Low Value
13458.0,2312.7,2,1252,,,,1156.35,2312.7,VIP
13459.0,1160.4099999999999,2,986,,,,580.2049999999999,1160.4099999999999,High Value
13461.0,2693.5,5,1958,2010-04-11 10:59:00,2010-04-11 10:59:00,0.0,538.7,2693.5,VIP
13462.0,1002.35,4,635,2010-12-03 11:44:00,2010-12-03 11:44:00,0.0,250.5875,1002.35,High Value
13463.0,-158.65,1,-1,,,,-158.65,-158.65,Low Value
13464.0,2409.21,6,1026,2010-10-11 12:24:00,2010-10-11 12:24:00,0.0,401.535,2409.21,VIP
13465.0,931.12,2,584,2010-02-05 15:30:00,2010-02-05 15:30:00,0.0,465.56,931.12,High Value
13466.0,654.3,5,390,2010-08-11 13:02:00,2010-08-11 13:02:00,0.0,130.85999999999999,654.3,Medium Value
13468.0,7434.86,49,3183,2009-03-12 13:32:00,2010-12-10 11:12:00,637.0,151.73183673469387,7434.86,VIP
13469.0,82.4,1,52,,,,82.4,82.4,Low Value
13472.0,592.24,2,310,2010-02-06 09:48:00,2010-02-09 09:41:00,2.0,296.12,592.24,Medium Value
13473.0,1993.44,7,696,2010-02-03 15:28:00,2010-12-04 16:38:00,304.0,284.77714285714285,1993.44,VIP
13474.0,434.2,2,202,2010-01-08 14:40:00,2010-01-08 14:40:00,0.0,217.1,434.2,Medium Value
13476.0,823.0,3,296,2010-05-03 09:39:00,2010-10-08 10:29:00,158.0,274.3333333333333,823.0,High Value
13477.0,1379.59,5,1074,2010-10-09 09:03:00,2010-10-09 09:08:00,0.0,275.918,1379.59,High Value
13478.0,2068.03,7,1168,2010-03-02 14:27:00,2010-03-02 14:27:00,0.0,295.4328571428572,2068.03,VIP
13479.0,517.5,4,575,,,,129.375,517.5,Medium Value
13480.0,627.82,2,362,,,,313.91,627.82,Medium Value
13481.0,2022.03,7,912,2009-04-12 12:37:00,2010-06-12 15:12:00,426.0,288.8614285714286,2022.03,VIP
13482.0,151.45,1,71,,,,151.45,151.45,Low Value
13484.0,453.52,3,168,2010-10-03 11:46:00,2010-10-03 11:46:00,0.0,151.17333333333332,453.52,Medium Value
13485.0,2503.68,14,1511,2009-03-12 13:46:00,2010-12-10 16:23:00,638.0,178.8342857142857,2503.68,VIP
13487.0,271.47,2,97,2009-05-12 10:25:00,2009-05-12 10:25:00,0.0,135.735,271.47,Low Value
13488.0,6603.12,13,3362,2010-05-11 14:40:00,2010-09-08 12:24:00,119.0,507.9323076923077,6603.12,VIP
13490.0,154.25,1,25,,,,154.25,154.25,Low Value
13491.0,3350.7400000000002,18,1482,2009-07-12 08:24:00,2010-09-05 13:07:00,420.0,186.15222222222224,3350.7400000000002,VIP
13495.0,3256.49,9,1823,2009-07-12 12:12:00,2010-11-10 13:49:00,486.0,361.8322222222222,3256.49,VIP
13497.0,945.28,6,412,2010-06-12 11:37:00,2010-08-03 12:19:00,52.0,157.54666666666665,945.28,High Value
13498.0,327.38,1,362,2009-09-12 15:26:00,2009-09-12 15:26:00,0.0,327.38,327.38,Medium Value
13500.0,299.53,1,229,2010-03-11 13:16:00,2010-03-11 13:16:00,0.0,299.53,299.53,Medium Value
13501.0,1529.79,3,681,2010-10-08 13:01:00,2010-10-08 13:01:00,0.0,509.93,1529.79,High Value
13502.0,482.6,3,224,2010-09-06 10:52:00,2010-09-06 10:52:00,0.0,160.86666666666667,482.6,Medium Value
13503.0,1576.69,11,847,2010-01-06 09:02:00,2010-09-06 13:42:00,243.0,143.33545454545455,1576.69,High Value
13506.0,1156.83,6,847,2010-05-09 12:33:00,2010-09-11 18:58:00,125.0,192.80499999999998,1156.83,High Value
13508.0,176.07999999999998,1,156,2010-07-03 11:58:00,2010-07-03 11:58:00,0.0,176.07999999999998,176.07999999999998,Low Value
13509.0,135.0,1,108,,,,135.0,135.0,Low Value
13510.0,2703.23,12,1640,2010-01-02 11:20:00,2010-01-02 11:20:00,0.0,225.26916666666668,2703.23,VIP
13511.0,244.61,2,53,2010-01-02 12:10:00,2010-01-02 12:10:00,0.0,122.305,244.61,Low Value
13512.0,462.18,3,276,2010-05-05 13:22:00,2010-05-05 13:22:00,0.0,154.06,462.18,Medium Value
13513.0,591.89,3,243,2010-02-03 16:02:00,2010-02-03 16:02:00,0.0,197.29666666666665,591.89,Medium Value
13514.0,663.7,3,248,2010-07-10 12:10:00,2010-09-05 10:38:00,56.0,221.23333333333335,663.7,High Value
13515.0,374.7,2,138,2010-05-03 11:58:00,2010-05-03 11:58:00,0.0,187.35,374.7,Medium Value
13516.0,295.85,1,129,,,,295.85,295.85,Medium Value
13519.0,220.46,1,110,,,,220.46,220.46,Low Value
13520.0,3192.9,8,1583,2010-02-11 16:52:00,2010-11-04 11:14:00,265.0,399.1125,3192.9,VIP
13523.0,1136.64,2,602,2010-02-11 14:55:00,2010-08-12 14:22:00,181.0,568.32,1136.64,High Value
13526.0,942.5999999999999,4,1647,2009-01-12 12:56:00,2009-01-12 13:14:00,0.0,235.64999999999998,942.5999999999999,High Value
13527.0,2386.28,6,1069,,,,397.71333333333337,2386.28,VIP
13528.0,-40.0,1,-16,,,,-40.0,-40.0,Low Value
13530.0,402.97999999999996,1,272,,,,402.97999999999996,402.97999999999996,Medium Value
13531.0,1254.72,5,426,2009-03-12 15:20:00,2010-08-12 15:03:00,517.0,250.94400000000002,1254.72,High Value
13534.0,1711.42,17,832,2010-01-09 14:23:00,2010-07-07 15:00:00,179.0,100.67176470588235,1711.42,VIP
13535.0,89.5,1,10,2010-02-11 11:49:00,2010-02-11 11:49:00,0.0,89.5,89.5,Low Value
13537.0,717.85,2,337,2010-10-10 12:45:00,2010-10-10 12:45:00,0.0,358.925,717.85,High Value
13538.0,1831.88,5,788,2010-02-02 12:47:00,2010-08-11 14:19:00,190.0,366.37600000000003,1831.88,VIP
13539.0,925.42,5,384,2010-06-05 19:32:00,2010-07-05 09:53:00,29.0,185.084,925.42,High Value
13540.0,632.39,3,189,,,,210.79666666666665,632.39,Medium Value
13541.0,717.9,3,266,2010-08-10 16:37:00,2010-12-10 15:58:00,121.0,239.29999999999998,717.9,High Value
13542.0,3970.77,18,812,2009-10-12 19:53:00,2010-10-10 11:03:00,362.0,220.59833333333333,3970.77,VIP
13543.0,1439.6100000000001,2,329,,,,719.8050000000001,1439.6100000000001,High Value
13544.0,529.09,5,230,2010-01-06 11:38:00,2010-05-03 11:31:00,116.0,105.81800000000001,529.09,Medium Value
13545.0,347.35,3,250,2009-01-12 12:41:00,2009-01-12 12:41:00,0.0,115.78333333333335,347.35,Medium Value
13546.0,465.15,2,230,2010-11-10 17:23:00,2010-11-10 17:23:00,0.0,232.575,465.15,Medium Value
13547.0,175.53,1,82,,,,175.53,175.53,Low Value
13548.0,226.57999999999998,1,124,,,,226.57999999999998,226.57999999999998,Low Value
13549.0,87.6,1,96,,,,87.6,87.6,Low Value
13550.0,349.51,1,454,,,,349.51,349.51,Medium Value
13551.0,152.39999999999998,1,24,2010-11-02 15:01:00,2010-11-02 15:01:00,0.0,152.39999999999998,152.39999999999998,Low Value
13552.0,3079.1,16,1200,2010-06-08 16:33:00,2010-09-04 12:08:00,87.0,192.44375,3079.1,VIP
13553.0,517.8,1,206,2010-03-02 12:21:00,2010-03-02 12:21:00,0.0,517.8,517.8,Medium Value
13554.0,1556.3899999999999,10,567,2010-03-11 12:40:00,2010-06-10 13:44:00,91.0,155.63899999999998,1556.3899999999999,High Value
13555.0,4757.06,12,2148,,,,396.4216666666667,4757.06,VIP
13556.0,200.82,2,134,2010-06-10 16:44:00,2010-06-10 16:44:00,0.0,100.41,200.82,Low Value
13557.0,2396.02,14,1814,2009-08-12 17:41:00,2010-10-11 09:39:00,424.0,171.1442857142857,2396.02,VIP
13559.0,990.0,2,360,,,,495.0,990.0,High Value
13561.0,1678.86,10,1053,2010-03-10 16:05:00,2010-07-11 14:28:00,122.0,167.886,1678.86,VIP
13562.0,3038.85,5,846,2010-03-02 15:52:00,2010-03-11 10:43:00,8.0,607.77,3038.85,VIP
13564.0,15138.98,50,8488,2009-02-12 11:55:00,2010-12-04 16:50:00,660.0,302.7796,15138.98,VIP
13565.0,174.57999999999998,1,88,,,,174.57999999999998,174.57999999999998,Low Value
13566.0,833.41,3,691,2010-01-10 12:27:00,2010-10-03 12:22:00,265.0,277.80333333333334,833.41,High Value
13567.0,1078.59,5,643,2010-07-10 12:51:00,2010-07-10 12:51:00,0.0,215.718,1078.59,High Value
13569.0,520.03,3,238,2010-07-10 13:05:00,2010-07-12 12:29:00,1.0,173.34333333333333,520.03,Medium Value
13571.0,2454.2200000000003,14,1438,2009-08-12 13:02:00,2010-09-06 12:43:00,389.0,175.3014285714286,2454.2200000000003,VIP
13573.0,622.07,4,357,2010-12-03 16:06:00,2010-12-03 16:06:00,0.0,155.5175,622.07,Medium Value
13574.0,421.25,1,316,,,,421.25,421.25,Medium Value
13576.0,4812.85,13,1961,2009-08-12 15:12:00,2010-12-11 14:55:00,485.0,370.2192307692308,4812.85,VIP
13577.0,1688.32,9,841,,,,187.5911111111111,1688.32,VIP
13578.0,147.66,1,127,,,,147.66,147.66,Low Value
13579.0,1068.8,5,584,2010-03-11 09:33:00,2010-10-09 12:24:00,212.0,213.76,1068.8,High Value
13580.0,107.75,1,45,,,,107.75,107.75,Low Value
13581.0,162.53,1,89,,,,162.53,162.53,Low Value
13582.0,241.68,2,106,2010-01-04 11:38:00,2010-01-04 11:38:00,0.0,120.84,241.68,Low Value
13583.0,664.001,1,372,,,,664.001,664.001,High Value
13584.0,204.75,4,239,2010-02-02 08:40:00,2010-02-02 08:44:00,0.0,51.1875,204.75,Low Value
13585.0,674.46,4,1338,2009-01-12 14:56:00,2010-10-05 16:04:00,631.0,168.615,674.46,High Value
13586.0,131.53,1,39,,,,131.53,131.53,Low Value
13587.0,961.1,3,484,,,,320.3666666666667,961.1,High Value
13589.0,741.09,4,179,2009-06-12 10:26:00,2010-09-05 11:16:00,450.0,185.2725,741.09,High Value
13590.0,4322.17,14,3420,2009-01-12 13:37:00,2010-12-10 12:22:00,696.0,308.7264285714286,4322.17,VIP
13591.0,964.0600000000001,5,364,2010-05-05 09:55:00,2010-05-05 09:55:00,0.0,192.812,964.0600000000001,High Value
13593.0,3484.93,10,1455,2010-02-03 16:36:00,2010-07-07 14:32:00,153.0,348.493,3484.93,VIP
13594.0,111.45000000000002,2,35,2010-07-01 13:25:00,2010-11-08 10:23:00,129.0,55.72500000000001,111.45000000000002,Low Value
13595.0,818.22,3,353,2010-03-03 14:42:00,2010-11-07 12:36:00,248.0,272.74,818.22,High Value
13597.0,372.21,3,220,2010-02-11 09:30:00,2010-04-11 14:54:00,59.0,124.07,372.21,Medium Value
13598.0,609.42,4,343,2010-01-08 13:21:00,2010-09-05 12:57:00,239.0,152.355,609.42,Medium Value
13599.0,4759.74,21,3101,2009-01-12 12:30:00,2010-11-03 10:26:00,659.0,226.6542857142857,4759.74,VIP
13600.0,298.9,1,275,,,,298.9,298.9,Medium Value
13601.0,491.82,2,424,2010-11-06 15:03:00,2010-12-11 15:20:00,35.0,245.91,491.82,Medium Value
13602.0,596.28,3,271,,,,198.76,596.28,Medium Value
13604.0,713.39,2,239,,,,356.695,713.39,High Value
13605.0,522.67,2,425,,,,261.335,522.67,Medium Value
13607.0,382.6,2,172,2010-02-11 11:48:00,2010-12-11 12:07:00,303.0,191.3,382.6,Medium Value
13608.0,236.2,1,113,,,,236.2,236.2,Low Value
13609.0,167.35,1,19,,,,167.35,167.35,Low Value
13610.0,1028.7,8,387,2010-04-03 14:45:00,2010-05-01 14:12:00,27.0,128.5875,1028.7,High Value
13611.0,2122.83,10,1227,2009-03-12 07:57:00,2010-08-04 14:15:00,510.0,212.283,2122.83,VIP
13612.0,777.79,2,438,2010-09-07 16:18:00,2010-09-07 16:18:00,0.0,388.895,777.79,High Value
13613.0,1039.8500000000001,5,445,,,,207.97000000000003,1039.8500000000001,High Value
13614.0,748.73,2,258,2010-06-06 13:42:00,2010-11-11 12:20:00,157.0,374.365,748.73,High Value
13615.0,5812.24,10,2708,2010-05-11 13:42:00,2010-12-08 16:07:00,211.0,581.2239999999999,5812.24,VIP
13616.0,288.1,2,175,,,,144.05,288.1,Medium Value
13617.0,719.62,6,292,2010-01-08 15:23:00,2010-05-09 15:47:00,121.0,119.93666666666667,719.62,High Value
13619.0,231.69,2,84,2010-03-02 14:16:00,2010-03-02 14:16:00,0.0,115.845,231.69,Low Value
13620.0,112.34,1,74,,,,112.34,112.34,Low Value
13622.0,651.45,2,377,2010-12-01 13:22:00,2010-12-01 13:22:00,0.0,325.725,651.45,Medium Value
13623.0,1773.92,8,723,2009-02-12 11:36:00,2010-07-10 16:59:00,513.0,221.74,1773.92,VIP
13624.0,427.18,2,814,,,,213.59,427.18,Medium Value
13625.0,301.26,1,144,,,,301.26,301.26,Medium Value
13626.0,432.26,2,186,,,,216.13,432.26,Medium Value
13627.0,593.53,3,361,2010-08-08 14:32:00,2010-11-03 17:01:00,87.0,197.84333333333333,593.53,Medium Value
13628.0,310.14,1,106,2010-01-02 14:44:00,2010-01-02 14:44:00,0.0,310.14,310.14,Medium Value
13629.0,5578.5,8,3350,2010-02-09 16:07:00,2010-11-02 17:34:00,266.0,697.3125,5578.5,VIP
13632.0,1517.68,4,600,2010-07-04 10:59:00,2010-12-05 15:02:00,154.0,379.42,1517.68,High Value
13633.0,-306.66,1,-1,,,,-306.66,-306.66,Low Value
13634.0,2944.39,12,1236,2010-07-11 12:21:00,2010-12-09 14:34:00,151.0,245.3658333333333,2944.39,VIP
13635.0,1877.19,5,1192,2009-01-12 09:46:00,2009-01-12 09:46:00,0.0,375.438,1877.19,VIP
13639.0,312.93,1,197,,,,312.93,312.93,Medium Value
13640.0,405.0,1,108,2010-07-04 15:33:00,2010-07-04 15:33:00,0.0,405.0,405.0,Medium Value
13641.0,921.82,7,1080,2009-05-12 13:17:00,2010-09-03 07:37:00,478.0,131.68857142857144,921.82,High Value
13642.0,147.17,4,79,2010-03-10 12:23:00,2010-03-10 12:33:00,0.0,36.7925,147.17,Low Value
13643.0,1592.73,12,621,2009-08-12 12:48:00,2010-11-08 12:11:00,452.0,132.7275,1592.73,High Value
13646.0,323.3,3,78,2010-05-11 11:02:00,2010-05-11 12:13:00,0.0,107.76666666666667,323.3,Medium Value
13647.0,1393.56,4,908,2010-02-08 10:29:00,2010-02-08 10:31:00,0.0,348.39,1393.56,High Value
13648.0,1679.01,11,928,2009-01-12 18:13:00,2010-07-02 14:11:00,535.0,152.63727272727272,1679.01,VIP
13649.0,1332.28,5,724,2010-07-11 16:03:00,2010-08-12 14:46:00,31.0,266.456,1332.28,High Value
13650.0,1289.16,9,756,2010-01-07 12:25:00,2010-09-06 13:54:00,242.0,143.24,1289.16,High Value
13651.0,114.75,2,27,,,,57.375,114.75,Low Value
13652.0,1475.77,3,992,2010-06-12 09:21:00,2010-07-10 14:28:00,28.0,491.92333333333335,1475.77,High Value
13653.0,152.2,1,72,2010-09-08 08:19:00,2010-09-08 08:19:00,0.0,152.2,152.2,Low Value
13654.0,3600.67,5,2580,2009-02-12 11:43:00,2010-03-03 16:21:00,384.0,720.134,3600.67,VIP
13655.0,1326.33,6,607,,,,221.05499999999998,1326.33,High Value
13656.0,673.7,5,369,2010-07-09 14:08:00,2010-07-09 14:08:00,0.0,134.74,673.7,High Value
13658.0,3350.6,6,1137,2010-04-08 13:47:00,2010-10-06 15:22:00,181.0,558.4333333333333,3350.6,VIP
13659.0,3165.78,14,1625,2010-01-07 14:12:00,2010-12-08 15:48:00,335.0,226.12714285714287,3165.78,VIP
13660.0,303.69,2,135,2010-04-11 16:10:00,2010-09-11 10:01:00,152.0,151.845,303.69,Medium Value
13661.0,325.24,1,118,,,,325.24,325.24,Medium Value
13662.0,1304.05,10,614,2010-09-03 15:49:00,2010-09-03 15:49:00,0.0,130.405,1304.05,High Value
13663.0,1824.14,5,800,2010-03-03 10:11:00,2010-03-03 10:11:00,0.0,364.82800000000003,1824.14,VIP
13664.0,-13.14,1,-1,,,,-13.14,-13.14,Low Value
13665.0,1711.6599999999999,3,1652,,,,570.5533333333333,1711.6599999999999,VIP
13666.0,43.25,2,13,2009-04-12 10:48:00,2009-04-12 10:48:00,0.0,21.625,43.25,Low Value
13668.0,6533.07,18,2345,2009-11-12 14:28:00,2010-12-08 11:47:00,390.0,362.9483333333333,6533.07,VIP
13669.0,195.0,1,156,,,,195.0,195.0,Low Value
13671.0,194.95,1,107,2010-10-11 10:50:00,2010-10-11 10:50:00,0.0,194.95,194.95,Low Value
13672.0,233.53000000000003,1,81,2009-09-12 11:40:00,2009-09-12 11:40:00,0.0,233.53000000000003,233.53000000000003,Low Value
13674.0,215.88,2,98,2010-03-10 10:41:00,2010-06-10 11:15:00,92.0,107.94,215.88,Low Value
13676.0,153.15,3,59,,,,51.050000000000004,153.15,Low Value
13677.0,556.1899999999999,2,218,2010-07-07 17:25:00,2010-07-07 17:26:00,0.0,278.09499999999997,556.1899999999999,Medium Value
13679.0,281.26,3,102,2009-04-12 16:52:00,2010-03-08 12:13:00,329.0,93.75333333333333,281.26,Low Value
13680.0,7713.25,8,3316,2009-04-12 14:14:00,2010-03-03 14:31:00,325.0,964.15625,7713.25,VIP
13683.0,258.6,1,180,2010-08-09 10:00:00,2010-08-09 10:00:00,0.0,258.6,258.6,Low Value
13684.0,482.29,4,185,,,,120.5725,482.29,Medium Value
13686.0,337.04,2,308,2010-03-11 13:44:00,2010-03-11 13:44:00,0.0,168.52,337.04,Medium Value
13687.0,11880.84,1,87167,,,,11880.84,11880.84,VIP
13688.0,375.5,1,130,,,,375.5,375.5,Medium Value
13689.0,349.5,1,210,,,,349.5,349.5,Medium Value
13691.0,212.78,1,145,2010-08-11 17:34:00,2010-08-11 17:34:00,0.0,212.78,212.78,Low Value
13692.0,1549.58,3,865,2010-04-11 11:50:00,2010-04-11 11:50:00,0.0,516.5266666666666,1549.58,High Value
13693.0,1980.32,11,877,2009-07-12 11:29:00,2010-12-11 12:51:00,517.0,180.0290909090909,1980.32,VIP
13694.0,128172.42,105,123639,2009-04-12 15:26:00,2010-12-08 10:02:00,604.0,1220.6897142857142,128172.42,VIP
13695.0,266.6,1,188,2010-11-05 11:07:00,2010-11-05 11:07:00,0.0,266.6,266.6,Low Value
13696.0,2008.7,4,546,2010-11-02 14:17:00,2010-11-02 14:17:00,0.0,502.175,2008.7,VIP
13698.0,465.53000000000003,2,231,,,,232.76500000000001,465.53000000000003,Medium Value
13699.0,402.82,2,148,2010-07-06 13:03:00,2010-10-06 17:43:00,92.0,201.41,402.82,Medium Value
13700.0,321.09,4,494,2010-07-02 10:53:00,2010-09-02 16:01:00,62.0,80.2725,321.09,Medium Value
13701.0,159.55,2,79,,,,79.775,159.55,Low Value
13702.0,135.18,1,74,,,,135.18,135.18,Low Value
13703.0,8.881784197001252e-16,2,0,,,,4.440892098500626e-16,8.881784197001252e-16,Low Value
13705.0,1323.47,5,646,2010-01-12 10:29:00,2010-01-12 10:29:00,0.0,264.694,1323.47,High Value
13706.0,300.38,1,112,,,,300.38,300.38,Medium Value
13707.0,2559.45,3,1859,2010-06-10 10:04:00,2010-06-10 10:05:00,0.0,853.15,2559.45,VIP
13709.0,1263.7,5,614,2010-10-06 08:47:00,2010-11-01 10:40:00,26.0,252.74,1263.7,High Value
13710.0,329.04,2,160,2010-06-04 12:54:00,2010-12-10 10:22:00,188.0,164.52,329.04,Medium Value
13711.0,1380.55,13,656,2009-01-12 14:01:00,2010-10-05 12:31:00,630.0,106.19615384615385,1380.55,High Value
13712.0,537.58,1,776,2010-08-04 11:16:00,2010-08-04 11:16:00,0.0,537.58,537.58,Medium Value
13713.0,743.26,3,286,2010-05-05 16:48:00,2010-05-05 16:48:00,0.0,247.75333333333333,743.26,High Value
13714.0,161.35,1,50,,,,161.35,161.35,Low Value
13715.0,7384.400000000001,14,4364,2010-01-08 14:20:00,2010-11-03 15:33:00,299.0,527.4571428571429,7384.400000000001,VIP
13717.0,315.79,4,183,2010-07-09 12:03:00,2010-11-08 09:40:00,121.0,78.9475,315.79,Medium Value
13719.0,1773.57,6,990,2010-01-06 16:06:00,2010-11-11 12:40:00,308.0,295.59499999999997,1773.57,VIP
13721.0,217.39999999999998,1,196,2010-09-11 17:59:00,2010-09-11 17:59:00,0.0,217.39999999999998,217.39999999999998,Low Value
13722.0,3260.0,7,1658,2010-03-03 14:13:00,2010-03-03 14:13:00,0.0,465.7142857142857,3260.0,VIP
13723.0,1009.35,5,586,2010-07-04 14:32:00,2010-12-11 16:59:00,160.0,201.87,1009.35,High Value
13724.0,213.01,1,130,2010-12-03 15:28:00,2010-12-03 15:28:00,0.0,213.01,213.01,Low Value
13727.0,733.82,7,205,2009-09-12 13:25:00,2010-07-04 12:14:00,294.0,104.83142857142857,733.82,High Value
13728.0,1839.03,10,811,2009-09-12 17:13:00,2010-08-09 12:38:00,330.0,183.903,1839.03,VIP
13729.0,676.4300000000001,5,405,,,,135.286,676.4300000000001,High Value
13733.0,484.53000000000003,3,333,2009-04-12 15:28:00,2009-08-12 18:25:00,122.0,161.51000000000002,484.53000000000003,Medium Value
13734.0,3451.2900000000004,6,210,2010-09-07 13:53:00,2010-09-07 15:26:00,0.0,575.215,3451.2900000000004,VIP
13735.0,6706.63,14,2987,2010-01-07 12:12:00,2010-10-11 15:32:00,277.0,479.045,6706.63,VIP
13736.0,1991.01,9,1047,2009-06-12 12:07:00,2010-10-10 11:41:00,484.0,221.22333333333333,1991.01,VIP
13738.0,440.93,1,240,2010-08-11 15:23:00,2010-08-11 15:23:00,0.0,440.93,440.93,Medium Value
13739.0,75.3,1,22,,,,75.3,75.3,Low Value
13740.0,1247.02,4,566,2009-02-12 12:22:00,2010-12-05 09:39:00,660.0,311.755,1247.02,High Value
13745.0,469.73,2,635,2010-11-06 17:19:00,2010-11-06 17:19:00,0.0,234.865,469.73,Medium Value
13746.0,176.69,1,83,,,,176.69,176.69,Low Value
13747.0,169.79999999999998,2,60,2010-01-12 10:37:00,2010-11-10 09:15:00,301.0,84.89999999999999,169.79999999999998,Low Value
13748.0,1320.1,5,669,2009-01-12 16:44:00,2010-03-11 10:38:00,422.0,264.02,1320.1,High Value
13749.0,-10.25,1,-7,2010-07-01 16:52:00,2010-07-01 16:52:00,0.0,-10.25,-10.25,Low Value
13750.0,1916.3400000000001,8,844,2010-01-04 14:49:00,2010-10-11 16:15:00,280.0,239.54250000000002,1916.3400000000001,VIP
13752.0,404.45000000000005,1,131,,,,404.45000000000005,404.45000000000005,Medium Value
13753.0,1353.31,3,938,2009-03-12 10:20:00,2009-03-12 10:20:00,0.0,451.1033333333333,1353.31,High Value
13754.0,164.45000000000002,1,101,,,,164.45000000000002,164.45000000000002,Low Value
13756.0,4002.0800000000004,11,2251,2010-03-11 11:45:00,2010-12-05 14:23:00,269.0,363.8254545454546,4002.0800000000004,VIP
13757.0,195.55,1,54,2010-03-02 12:37:00,2010-03-02 12:37:00,0.0,195.55,195.55,Low Value
13758.0,6072.59,14,3215,2009-01-12 10:06:00,2010-11-10 11:15:00,667.0,433.75642857142856,6072.59,VIP
13760.0,1071.85,4,422,2010-05-05 13:57:00,2010-05-05 13:57:00,0.0,267.9625,1071.85,High Value
13761.0,881.52,4,437,,,,220.38,881.52,High Value
13762.0,2165.76,4,2336,2010-09-04 08:05:00,2010-10-01 12:13:00,27.0,541.44,2165.76,VIP
13763.0,3492.53,3,2495,,,,1164.1766666666667,3492.53,VIP
13764.0,1431.5,3,1167,2010-07-03 12:56:00,2010-07-03 13:08:00,0.0,477.1666666666667,1431.5,High Value
13765.0,352.821,1,297,,,,352.821,352.821,Medium Value
13766.0,190.35,1,137,2010-01-08 14:25:00,2010-01-08 14:25:00,0.0,190.35,190.35,Low Value
13767.0,18169.97,48,7881,2009-01-12 10:52:00,2010-11-06 12:10:00,663.0,378.5410416666667,18169.97,VIP
13768.0,758.07,8,357,2009-01-12 12:33:00,2010-07-01 13:26:00,535.0,94.75875,758.07,High Value
13769.0,2994.76,14,1406,2010-02-11 12:22:00,2010-07-12 13:28:00,151.0,213.9114285714286,2994.76,VIP
13770.0,785.37,4,468,2009-09-12 14:44:00,2010-04-03 10:41:00,202.0,196.3425,785.37,High Value
13771.0,3094.37,5,1663,2010-08-06 08:50:00,2010-08-06 08:50:00,0.0,618.874,3094.37,VIP
13772.0,1962.59,6,888,2010-04-11 13:02:00,2010-09-11 17:30:00,153.0,327.0983333333333,1962.59,VIP
13773.0,301.54,2,174,2010-08-11 11:49:00,2010-08-11 11:49:00,0.0,150.77,301.54,Medium Value
13775.0,1049.66,1,455,,,,1049.66,1049.66,High Value
13776.0,-340.17,8,-4,2010-07-10 14:12:00,2010-07-10 16:59:00,0.0,-42.52125,-340.17,Low Value
13777.0,30268.22,42,13762,2009-02-12 09:47:00,2010-12-10 12:31:00,666.0,720.6719047619048,30268.22,VIP
13778.0,937.84,4,440,2010-05-08 14:52:00,2010-05-08 14:52:00,0.0,234.46,937.84,High Value
13779.0,161.13,1,53,2010-12-07 11:24:00,2010-12-07 11:24:00,0.0,161.13,161.13,Low Value
13780.0,375.81,1,163,,,,375.81,375.81,Medium Value
13781.0,643.04,3,269,,,,214.34666666666666,643.04,Medium Value
13782.0,873.77,8,277,2009-06-12 12:52:00,2010-12-09 10:40:00,544.0,109.22125,873.77,High Value
13783.0,1542.09,4,3437,2010-04-02 13:47:00,2010-10-03 11:21:00,183.0,385.5225,1542.09,High Value
13784.0,434.39,4,329,2010-01-10 08:19:00,2010-01-10 08:19:00,0.0,108.5975,434.39,Medium Value
13785.0,542.49,4,151,2010-05-09 16:01:00,2010-07-10 09:25:00,61.0,135.6225,542.49,Medium Value
13786.0,2506.01,8,1503,2009-03-12 15:32:00,2010-11-04 13:09:00,601.0,313.25125,2506.01,VIP
13787.0,864.66,7,650,2010-03-06 13:08:00,2010-09-09 18:31:00,187.0,123.52285714285713,864.66,High Value
13788.0,3.75,1,1,,,,3.75,3.75,Low Value
13789.0,239.45999999999998,1,258,,,,239.45999999999998,239.45999999999998,Low Value
13792.0,188.4,1,64,,,,188.4,188.4,Low Value
13793.0,96.0,1,52,2010-03-03 08:25:00,2010-03-03 08:25:00,0.0,96.0,96.0,Low Value
13794.0,126.03,1,63,2010-11-06 12:30:00,2010-11-06 12:30:00,0.0,126.03,126.03,Low Value
13795.0,836.3,4,1250,2010-12-03 12:44:00,2010-12-03 12:44:00,0.0,209.075,836.3,High Value
13796.0,289.7,1,218,,,,289.7,289.7,Medium Value
13797.0,1168.45,4,570,2010-02-03 12:17:00,2010-03-03 15:15:00,28.0,292.1125,1168.45,High Value
13798.0,37222.05,63,23896,2009-08-12 16:21:00,2010-11-11 16:13:00,455.0,590.8261904761905,37222.05,VIP
13799.0,1350.96,11,956,2010-05-03 16:39:00,2010-11-04 12:05:00,184.0,122.81454545454545,1350.96,High Value
13800.0,1121.24,2,560,2009-03-12 10:03:00,2010-05-10 14:19:00,424.0,560.62,1121.24,High Value
13802.0,21585.29,18,11549,2010-03-06 19:19:00,2010-12-07 10:37:00,275.0,1199.1827777777778,21585.29,VIP
13803.0,1042.04,3,698,2010-04-10 10:52:00,2010-06-04 09:43:00,54.0,347.34666666666664,1042.04,High Value
13804.0,572.73,2,335,,,,286.365,572.73,Medium Value
13807.0,397.3,4,114,2009-04-12 12:41:00,2010-07-12 15:48:00,456.0,99.325,397.3,Medium Value
13809.0,524.65,2,252,2010-05-09 11:42:00,2010-10-11 09:35:00,154.0,262.325,524.65,Medium Value
13813.0,1333.01,7,726,2009-06-12 10:16:00,2010-10-02 13:04:00,477.0,190.43,1333.01,High Value
13814.0,676.95,2,349,,,,338.475,676.95,High Value
13815.0,3270.88,5,2801,2010-01-09 11:23:00,2010-12-02 10:26:00,326.0,654.176,3270.88,VIP
13818.0,61.28,1,60,2010-06-10 12:35:00,2010-06-10 12:35:00,0.0,61.28,61.28,Low Value
13819.0,1490.75,4,1193,2009-01-12 16:18:00,2010-08-02 15:30:00,566.0,372.6875,1490.75,High Value
13820.0,640.4,5,284,2010-03-03 11:39:00,2010-03-03 11:57:00,0.0,128.07999999999998,640.4,Medium Value
13821.0,1001.39,5,324,2010-04-01 13:36:00,2010-12-11 13:03:00,253.0,200.278,1001.39,High Value
13823.0,2400.89,6,1121,2010-05-02 09:49:00,2010-11-03 11:54:00,185.0,400.1483333333333,2400.89,VIP
13824.0,1574.42,9,666,2010-02-11 12:13:00,2010-12-03 15:17:00,295.0,174.93555555555557,1574.42,High Value
13825.0,255.59,2,182,2009-09-12 14:30:00,2009-09-12 14:30:00,0.0,127.795,255.59,Low Value
13829.0,102.0,1,12,,,,102.0,102.0,Low Value
13830.0,135.95000000000002,2,45,2010-07-05 12:24:00,2010-07-05 12:24:00,0.0,67.97500000000001,135.95000000000002,Low Value
13831.0,4806.19,15,1808,2009-10-12 14:50:00,2010-08-03 15:50:00,295.0,320.41266666666667,4806.19,VIP
13832.0,561.49,1,394,,,,561.49,561.49,Medium Value
13833.0,316.56,1,126,,,,316.56,316.56,Medium Value
13834.0,247.89,3,214,2010-08-02 12:52:00,2010-12-05 10:27:00,124.0,82.63,247.89,Low Value
13835.0,210.25,4,71,2010-04-03 08:26:00,2010-08-07 11:50:00,126.0,52.5625,210.25,Low Value
13836.0,602.52,3,270,2010-05-11 13:31:00,2010-05-11 13:31:00,0.0,200.84,602.52,Medium Value
13838.0,1274.3600000000001,7,531,2010-03-10 12:07:00,2010-10-10 11:32:00,213.0,182.0514285714286,1274.3600000000001,High Value
13839.0,139.95000000000002,1,25,2010-10-08 13:52:00,2010-10-08 13:52:00,0.0,139.95000000000002,139.95000000000002,Low Value
13840.0,651.4,1,358,,,,651.4,651.4,Medium Value
13842.0,2219.34,11,1104,2010-04-05 10:06:00,2010-10-06 12:21:00,184.0,201.75818181818184,2219.34,VIP
13843.0,319.75,1,145,,,,319.75,319.75,Medium Value
13846.0,442.73,1,317,2010-05-11 09:47:00,2010-05-11 09:47:00,0.0,442.73,442.73,Medium Value
13847.0,310.72,1,96,,,,310.72,310.72,Medium Value
13848.0,2080.0,6,6500,2009-09-12 16:17:00,2010-11-06 15:23:00,419.0,346.6666666666667,2080.0,VIP
13849.0,1905.85,4,865,2010-01-10 14:57:00,2010-12-10 11:02:00,333.0,476.4625,1905.85,VIP
13851.0,1865.3000000000002,6,814,2010-09-11 16:27:00,2010-09-11 16:38:00,0.0,310.8833333333334,1865.3000000000002,VIP
13852.0,170.45000000000002,2,79,2010-08-04 09:06:00,2010-12-04 08:16:00,121.0,85.22500000000001,170.45000000000002,Low Value
13854.0,4133.19,17,1411,2010-02-02 12:03:00,2010-11-04 10:45:00,274.0,243.12882352941173,4133.19,VIP
13855.0,1253.94,5,561,2009-08-12 16:56:00,2010-07-01 11:34:00,322.0,250.788,1253.94,High Value
13856.0,695.48,10,602,2010-02-08 12:52:00,2010-09-06 15:22:00,210.0,69.548,695.48,High Value
13857.0,997.11,7,780,2010-08-08 12:16:00,2010-11-11 12:54:00,95.0,142.4442857142857,997.11,High Value
13859.0,314.7,1,38,,,,314.7,314.7,Medium Value
13861.0,251.31,3,220,2010-05-07 10:36:00,2010-06-10 14:20:00,34.0,83.77,251.31,Low Value
13862.0,346.73,1,239,,,,346.73,346.73,Medium Value
13863.0,918.07,4,327,,,,229.5175,918.07,High Value
13864.0,662.4000000000001,1,192,,,,662.4000000000001,662.4000000000001,High Value
13869.0,5006.62,6,2637,2010-01-06 15:05:00,2010-01-08 11:22:00,1.0,834.4366666666666,5006.62,VIP
13870.0,2938.59,8,2123,2010-05-10 09:46:00,2010-08-02 12:08:00,84.0,367.32375,2938.59,VIP
13871.0,1415.15,7,661,2010-07-10 12:56:00,2010-11-10 16:38:00,123.0,202.16428571428574,1415.15,High Value
13872.0,891.32,6,332,2009-08-12 19:06:00,2009-08-12 19:06:00,0.0,148.55333333333334,891.32,High Value
13873.0,649.32,5,332,2010-03-03 12:31:00,2010-11-10 09:35:00,251.0,129.864,649.32,Medium Value
13874.0,1448.75,9,671,2009-11-12 13:23:00,2010-09-03 12:25:00,294.0,160.97222222222223,1448.75,High Value
13875.0,3027.58,9,1756,2010-04-02 10:37:00,2010-09-09 19:36:00,160.0,336.3977777777778,3027.58,VIP
13877.0,329.09,4,367,2010-01-09 14:56:00,2010-08-07 10:59:00,209.0,82.2725,329.09,Medium Value
13878.0,1191.53,3,484,2010-10-06 10:15:00,2010-10-06 10:15:00,0.0,397.1766666666667,1191.53,High Value
13879.0,395.5,1,204,2010-04-03 10:49:00,2010-04-03 10:49:00,0.0,395.5,395.5,Medium Value
13880.0,1171.89,5,747,2010-07-12 14:00:00,2010-10-08 15:31:00,88.0,234.37800000000001,1171.89,High Value
13881.0,27402.98,29,19384,2010-04-03 14:41:00,2010-12-10 18:17:00,251.0,944.9303448275862,27402.98,VIP
13883.0,3803.99,17,2125,2009-08-12 17:26:00,2010-05-10 19:56:00,271.0,223.7641176470588,3803.99,VIP
13884.0,1071.08,8,493,2010-07-11 16:19:00,2010-07-11 16:21:00,0.0,133.885,1071.08,High Value
13888.0,1563.42,5,645,2010-02-08 11:07:00,2010-02-08 11:33:00,0.0,312.684,1563.42,High Value
13889.0,1438.8300000000002,7,801,,,,205.5471428571429,1438.8300000000002,High Value
13890.0,997.87,8,539,2009-06-12 15:15:00,2010-10-05 15:20:00,480.0,124.73375,997.87,High Value
13891.0,863.5600000000001,3,479,2010-06-05 16:02:00,2010-06-05 16:02:00,0.0,287.85333333333335,863.5600000000001,High Value
13892.0,634.68,2,2142,,,,317.34,634.68,Medium Value
13895.0,1335.5,3,694,2009-03-12 13:09:00,2010-12-07 10:46:00,634.0,445.1666666666667,1335.5,High Value
13896.0,388.55,1,149,,,,388.55,388.55,Medium Value
13897.0,849.56,2,620,,,,424.78,849.56,High Value
13898.0,530.47,1,411,,,,530.47,530.47,Medium Value
13900.0,867.14,4,506,,,,216.785,867.14,High Value
13901.0,2732.14,15,1587,2010-03-06 13:26:00,2010-12-08 12:50:00,276.0,182.14266666666666,2732.14,VIP
13902.0,30411.26,8,218090,2009-08-12 17:13:00,2009-08-12 17:13:00,0.0,3801.4075,30411.26,VIP
13903.0,165.45000000000002,1,103,2010-04-11 17:44:00,2010-04-11 17:44:00,0.0,165.45000000000002,165.45000000000002,Low Value
13905.0,244.45,3,124,2009-07-12 11:41:00,2010-07-01 15:44:00,354.0,81.48333333333333,244.45,Low Value
13906.0,42.0,1,100,,,,42.0,42.0,Low Value
13907.0,136.8,1,68,,,,136.8,136.8,Low Value
13909.0,286.6,2,302,2010-06-07 16:52:00,2010-12-10 17:22:00,186.0,143.3,286.6,Medium Value
13910.0,-127.66,1,-1,,,,-127.66,-127.66,Low Value
13911.0,1619.1299999999999,13,1745,2010-01-03 16:31:00,2010-08-03 15:15:00,211.0,124.54846153846152,1619.1299999999999,High Value
13912.0,124.95,1,29,2010-12-10 08:43:00,2010-12-10 08:43:00,0.0,124.95,124.95,Low Value
13913.0,42.22,1,10,,,,42.22,42.22,Low Value
13915.0,31.200000000000003,2,16,2009-08-12 13:42:00,2010-10-11 15:17:00,425.0,15.600000000000001,31.200000000000003,Low Value
13916.0,1260.51,5,667,2009-01-12 11:10:00,2010-02-09 10:04:00,392.0,252.102,1260.51,High Value
13919.0,975.87,2,659,2010-11-10 11:53:00,2010-11-10 11:53:00,0.0,487.935,975.87,High Value
13920.0,1734.88,5,1768,2010-04-10 12:37:00,2010-06-08 12:13:00,58.0,346.976,1734.88,VIP
13921.0,720.75,5,209,2010-02-11 16:32:00,2010-12-10 09:47:00,301.0,144.15,720.75,High Value
13922.0,652.45,4,360,2010-05-10 19:10:00,2010-05-10 19:10:00,0.0,163.1125,652.45,Medium Value
13927.0,340.97,2,243,,,,170.485,340.97,Medium Value
13929.0,2515.25,11,1411,2010-01-04 15:15:00,2010-06-08 14:09:00,154.0,228.6590909090909,2515.25,VIP
13931.0,4019.85,9,2763,2009-03-12 10:26:00,2010-12-11 12:12:00,639.0,446.65,4019.85,VIP
13935.0,6116.92,3,2252,,,,2038.9733333333334,6116.92,VIP
13936.0,563.08,2,331,,,,281.54,563.08,Medium Value
13937.0,708.53,2,463,2010-02-11 12:37:00,2010-08-11 13:38:00,181.0,354.265,708.53,High Value
13939.0,976.91,6,757,2010-04-10 14:35:00,2010-07-10 16:15:00,91.0,162.81833333333333,976.91,High Value
13941.0,5933.74,12,3026,2010-02-12 10:17:00,2010-10-11 13:25:00,241.0,494.4783333333333,5933.74,VIP
13942.0,320.0,1,1000,,,,320.0,320.0,Medium Value
13943.0,246.54,1,94,2010-11-05 11:30:00,2010-11-05 11:30:00,0.0,246.54,246.54,Low Value
13944.0,200.43,1,153,,,,200.43,200.43,Low Value
13945.0,854.15,2,413,2010-10-11 10:00:00,2010-10-11 10:00:00,0.0,427.075,854.15,High Value
13946.0,1183.8600000000001,4,2380,2009-04-12 11:07:00,2009-04-12 11:07:00,0.0,295.96500000000003,1183.8600000000001,High Value
13948.0,434.86,4,206,2009-04-12 12:14:00,2010-04-03 09:38:00,355.0,108.715,434.86,Medium Value
13952.0,9544.8,14,4513,2010-06-10 10:00:00,2010-09-05 15:19:00,87.0,681.7714285714285,9544.8,VIP
13953.0,3125.0,5,2500,2009-11-12 12:58:00,2010-06-08 12:45:00,207.0,625.0,3125.0,VIP
13955.0,222.21,1,120,,,,222.21,222.21,Low Value
13957.0,458.25,3,157,,,,152.75,458.25,Medium Value
13958.0,4504.78,12,2215,2009-05-12 13:12:00,2010-07-03 12:09:00,416.0,375.3983333333333,4504.78,VIP
13959.0,477.98,3,343,2010-05-11 16:52:00,2010-11-10 14:15:00,182.0,159.32666666666668,477.98,Medium Value
13961.0,498.7,2,222,2010-12-11 14:40:00,2010-12-11 14:40:00,0.0,249.35,498.7,Medium Value
13962.0,193.25,1,73,,,,193.25,193.25,Low Value
13963.0,2235.08,15,1594,2010-01-07 15:25:00,2010-07-12 09:21:00,185.0,149.00533333333334,2235.08,VIP
13964.0,421.9,3,226,2010-05-10 12:38:00,2010-07-10 16:14:00,61.0,140.63333333333333,421.9,Medium Value
13965.0,777.6600000000001,5,402,2010-05-01 15:21:00,2010-10-09 16:46:00,161.0,155.532,777.6600000000001,High Value
13966.0,390.86,1,772,,,,390.86,390.86,Medium Value
13967.0,85.6,1,24,2010-08-11 13:24:00,2010-08-11 13:24:00,0.0,85.6,85.6,Low Value
13968.0,123.66,1,174,2010-12-10 13:22:00,2010-12-10 13:22:00,0.0,123.66,123.66,Low Value
13969.0,4226.08,20,2272,2010-01-07 17:51:00,2010-12-08 19:32:00,335.0,211.304,4226.08,VIP
13970.0,846.55,2,469,,,,423.275,846.55,High Value
13971.0,1891.6100000000001,7,1234,2010-09-04 13:00:00,2010-12-10 08:51:00,96.0,270.23,1891.6100000000001,VIP
13974.0,249.93,3,105,2010-06-05 17:55:00,2010-11-05 11:00:00,152.0,83.31,249.93,Low Value
13975.0,2824.06,7,2201,2010-01-11 13:46:00,2010-11-11 16:18:00,304.0,403.4371428571429,2824.06,VIP
13976.0,834.38,3,298,2010-09-02 13:08:00,2010-09-02 13:08:00,0.0,278.12666666666667,834.38,High Value
13977.0,519.8100000000001,1,303,,,,519.8100000000001,519.8100000000001,Medium Value
13979.0,2456.96,10,1639,2009-03-12 10:02:00,2010-12-05 13:52:00,633.0,245.696,2456.96,VIP
13980.0,552.98,8,299,2010-01-09 13:30:00,2010-12-05 17:08:00,330.0,69.1225,552.98,Medium Value
13981.0,327.39,2,233,2010-04-11 11:10:00,2010-04-11 11:10:00,0.0,163.695,327.39,Medium Value
13982.0,2557.68,9,1592,2010-09-12 13:57:00,2010-09-12 13:57:00,0.0,284.18666666666667,2557.68,VIP
13983.0,4402.95,18,2873,2009-09-12 13:53:00,2010-09-06 11:19:00,358.0,244.60833333333332,4402.95,VIP
13984.0,1128.09,8,742,2009-07-12 11:51:00,2010-08-12 15:58:00,396.0,141.01125,1128.09,High Value
13985.0,2957.78,8,1490,2010-09-02 13:56:00,2010-09-02 13:56:00,0.0,369.7225,2957.78,VIP
13987.0,682.54,2,492,2010-04-11 09:54:00,2010-04-11 09:54:00,0.0,341.27,682.54,High Value
13988.0,609.84,2,341,,,,304.92,609.84,Medium Value
13989.0,759.98,3,894,2010-01-09 13:58:00,2010-09-08 12:28:00,241.0,253.32666666666668,759.98,High Value
13992.0,142.7,2,90,2010-02-09 17:04:00,2010-02-09 17:04:00,0.0,71.35,142.7,Low Value
13993.0,3280.7000000000003,12,1228,2009-03-12 11:57:00,2010-09-02 12:52:00,539.0,273.3916666666667,3280.7000000000003,VIP
13995.0,2452.77,12,1457,2010-02-03 09:11:00,2010-11-06 09:32:00,276.0,204.3975,2452.77,VIP
13996.0,895.76,2,613,2010-05-11 15:07:00,2010-05-11 15:07:00,0.0,447.88,895.76,High Value
13997.0,382.31,3,146,2010-07-06 17:33:00,2010-08-07 18:06:00,32.0,127.43666666666667,382.31,Medium Value
13998.0,566.7,3,204,2010-12-05 13:18:00,2010-12-05 13:18:00,0.0,188.9,566.7,Medium Value
13999.0,5572.75,21,2792,2009-05-12 12:42:00,2010-10-09 14:53:00,515.0,265.3690476190476,5572.75,VIP
14000.0,1243.88,6,1104,2009-02-12 09:50:00,2009-02-12 09:50:00,0.0,207.31333333333336,1243.88,High Value
14001.0,2487.01,7,911,2010-01-12 12:58:00,2010-05-11 10:23:00,118.0,355.2871428571429,2487.01,VIP
14003.0,209.41,1,149,2009-07-12 08:53:00,2009-07-12 08:53:00,0.0,209.41,209.41,Low Value
14004.0,1675.81,4,757,2010-11-11 13:19:00,2010-11-11 13:26:00,0.0,418.9525,1675.81,VIP
14006.0,1234.48,4,1540,,,,308.62,1234.48,High Value
14007.0,79.48,1,16,,,,79.48,79.48,Low Value
14008.0,493.74,2,320,2010-03-10 13:09:00,2010-03-10 13:09:00,0.0,246.87,493.74,Medium Value
14009.0,404.3,1,586,2010-03-09 12:08:00,2010-03-09 12:08:00,0.0,404.3,404.3,Medium Value
14010.0,288.09999999999997,3,128,,,,96.03333333333332,288.09999999999997,Medium Value
14011.0,451.91999999999996,3,642,2010-11-04 13:40:00,2010-11-04 13:40:00,0.0,150.64,451.91999999999996,Medium Value
14013.0,533.2,3,304,2009-07-12 18:09:00,2009-07-12 18:09:00,0.0,177.73333333333335,533.2,Medium Value
14014.0,1443.03,2,928,2010-12-05 09:04:00,2010-12-05 09:04:00,0.0,721.515,1443.03,High Value
14016.0,7051.25,8,3596,2010-02-02 10:47:00,2010-08-11 15:42:00,190.0,881.40625,7051.25,VIP
14017.0,229.75,1,73,,,,229.75,229.75,Low Value
14018.0,367.15000000000003,1,224,2010-04-03 14:23:00,2010-04-03 14:23:00,0.0,367.15000000000003,367.15000000000003,Medium Value
14020.0,570.46,3,200,,,,190.15333333333334,570.46,Medium Value
14021.0,1084.68,4,686,,,,271.17,1084.68,High Value
14022.0,352.15000000000003,1,194,2010-10-08 09:38:00,2010-10-08 09:38:00,0.0,352.15000000000003,352.15000000000003,Medium Value
14024.0,318.04,1,88,,,,318.04,318.04,Medium Value
14025.0,3969.1,10,1904,2010-01-09 10:11:00,2010-12-05 14:58:00,330.0,396.90999999999997,3969.1,VIP
14026.0,713.11,2,427,,,,356.555,713.11,High Value
14028.0,3175.5,5,4679,2010-07-06 12:02:00,2010-07-06 13:33:00,0.0,635.1,3175.5,VIP
14030.0,5785.5,16,2817,2009-01-12 13:38:00,2010-10-11 17:39:00,637.0,361.59375,5785.5,VIP
14031.0,23391.33,35,8587,2009-03-12 15:35:00,2010-12-03 17:07:00,631.0,668.3237142857143,23391.33,VIP
14032.0,1856.23,8,1871,2010-07-01 11:42:00,2010-08-12 10:53:00,41.0,232.02875,1856.23,VIP
14033.0,109.44,1,576,2010-02-06 15:10:00,2010-02-06 15:10:00,0.0,109.44,109.44,Low Value
14035.0,1424.45,6,677,2010-06-04 12:39:00,2010-12-10 17:51:00,189.0,237.40833333333333,1424.45,High Value
14037.0,608.75,5,517,2009-07-12 11:39:00,2010-05-03 10:11:00,294.0,121.75,608.75,Medium Value
14038.0,1446.45,4,734,2010-04-02 08:56:00,2010-07-11 14:52:00,100.0,361.6125,1446.45,High Value
14039.0,115.08000000000001,1,100,,,,115.08000000000001,115.08000000000001,Low Value
14040.0,8915.65,27,3470,2009-01-12 12:14:00,2010-12-08 17:45:00,695.0,330.2092592592592,8915.65,VIP
14042.0,431.98,1,180,,,,431.98,431.98,Medium Value
14043.0,301.3,3,152,2009-10-12 14:34:00,2010-05-08 18:18:00,208.0,100.43333333333334,301.3,Medium Value
14044.0,2453.33,7,1817,2010-09-05 12:30:00,2010-10-08 14:27:00,33.0,350.4757142857143,2453.33,VIP
14045.0,8000.88,16,3714,2010-01-12 11:32:00,2010-08-01 10:08:00,200.0,500.055,8000.88,VIP
14047.0,2868.7200000000003,14,1257,2010-01-02 10:05:00,2010-09-12 15:01:00,253.0,204.90857142857143,2868.7200000000003,VIP
14048.0,338.76,2,179,,,,169.38,338.76,Medium Value
14049.0,7424.88,12,4708,2010-01-04 14:52:00,2010-05-08 13:31:00,123.0,618.74,7424.88,VIP
14051.0,6627.16,17,2150,2009-03-12 11:53:00,2010-11-11 12:11:00,609.0,389.83294117647057,6627.16,VIP
14052.0,255.45,1,98,,,,255.45,255.45,Low Value
14053.0,312.05,2,275,2010-07-11 14:50:00,2010-10-08 11:02:00,88.0,156.025,312.05,Medium Value
14055.0,795.3199999999999,2,504,2010-11-05 10:24:00,2010-11-05 10:24:00,0.0,397.65999999999997,795.3199999999999,High Value
14057.0,2190.88,5,1609,2009-03-12 13:17:00,2009-03-12 13:17:00,0.0,438.17600000000004,2190.88,VIP
14058.0,469.19,2,211,2010-03-09 09:31:00,2010-03-09 09:31:00,0.0,234.595,469.19,Medium Value
14060.0,3367.76,14,2731,2010-02-12 12:11:00,2010-11-03 09:47:00,263.0,240.55428571428573,3367.76,VIP
14061.0,917.4300000000001,3,133,2009-01-12 18:03:00,2009-01-12 18:03:00,0.0,305.81,917.4300000000001,High Value
14062.0,14969.98,15,7105,2009-10-12 14:28:00,2010-12-05 12:52:00,418.0,997.9986666666666,14969.98,VIP
14063.0,-3767.1999999999994,13,3846,2009-08-12 13:46:00,2010-08-01 11:50:00,353.0,-289.78461538461534,-3767.1999999999994,Low Value
14064.0,1851.43,14,2098,2010-05-08 17:57:00,2010-09-09 12:22:00,123.0,132.245,1851.43,VIP
14065.0,889.37,4,581,2010-02-11 15:57:00,2010-04-10 12:03:00,57.0,222.3425,889.37,High Value
14068.0,1239.1200000000001,4,428,,,,309.78000000000003,1239.1200000000001,High Value
14069.0,230.06,2,59,,,,115.03,230.06,Low Value
14070.0,326.55,1,86,,,,326.55,326.55,Medium Value
14072.0,390.85,1,65,2010-11-02 12:31:00,2010-11-02 12:31:00,0.0,390.85,390.85,Medium Value
14074.0,219.39999999999998,1,228,,,,219.39999999999998,219.39999999999998,Low Value
14075.0,792.61,3,740,2010-01-11 13:15:00,2010-01-11 13:15:00,0.0,264.2033333333333,792.61,High Value
14077.0,115.66,1,108,2010-09-11 16:01:00,2010-09-11 16:01:00,0.0,115.66,115.66,Low Value
14078.0,643.26,4,308,2010-01-12 12:54:00,2010-01-12 12:54:00,0.0,160.815,643.26,Medium Value
14079.0,243.63,1,1,,,,243.63,243.63,Low Value
14080.0,1030.13,5,219,2009-02-12 15:01:00,2009-09-12 14:02:00,211.0,206.026,1030.13,High Value
14081.0,4345.38,13,3099,2009-10-12 18:27:00,2010-12-01 15:48:00,414.0,334.26,4345.38,VIP
14082.0,231.10999999999999,1,136,2010-12-11 11:47:00,2010-12-11 11:47:00,0.0,231.10999999999999,231.10999999999999,Low Value
14083.0,388.83,3,234,2010-03-12 12:24:00,2010-03-12 12:24:00,0.0,129.60999999999999,388.83,Medium Value
14084.0,150.5,1,306,,,,150.5,150.5,Low Value
14085.0,5656.43,16,3380,2009-08-12 13:41:00,2010-06-12 12:39:00,303.0,353.526875,5656.43,VIP
14086.0,39.95,1,1,2010-03-09 10:52:00,2010-03-09 10:52:00,0.0,39.95,39.95,Low Value
14087.0,621.8,3,452,2009-04-12 15:27:00,2009-04-12 15:48:00,0.0,207.26666666666665,621.8,Medium Value
14088.0,11984.53,6,2586,2010-11-11 11:04:00,2010-11-11 12:50:00,0.0,1997.4216666666669,11984.53,VIP
14091.0,9530.08,2,3316,2010-10-01 13:41:00,2010-10-01 13:41:00,0.0,4765.04,9530.08,VIP
14092.0,3146.64,11,1538,2010-02-09 11:45:00,2010-02-12 09:10:00,2.0,286.0581818181818,3146.64,VIP
14094.0,334.27,2,176,,,,167.135,334.27,Medium Value
14095.0,2.95,1,1,,,,2.95,2.95,Low Value
14097.0,422.85999999999996,2,352,2010-04-03 10:46:00,2010-04-03 10:46:00,0.0,211.42999999999998,422.85999999999996,Medium Value
14099.0,2607.54,10,1483,2009-10-12 11:55:00,2010-09-06 14:42:00,329.0,260.754,2607.54,VIP
14101.0,3965.34,8,3588,2010-07-07 13:35:00,2010-12-04 14:01:00,150.0,495.6675,3965.34,VIP
14103.0,0.0,1,5,2010-12-02 14:58:00,2010-12-02 14:58:00,0.0,0.0,0.0,Low Value
14104.0,555.37,3,437,2010-09-06 14:09:00,2010-09-06 14:09:00,0.0,185.12333333333333,555.37,Medium Value
14105.0,4443.65,7,2685,2010-08-04 13:32:00,2010-10-11 11:38:00,67.0,634.8071428571428,4443.65,VIP
14106.0,214.79999999999998,1,24,2009-02-12 14:09:00,2009-02-12 14:09:00,0.0,214.79999999999998,214.79999999999998,Low Value
14107.0,2165.2200000000003,5,1693,2009-09-12 14:20:00,2010-09-05 14:14:00,357.0,433.04400000000004,2165.2200000000003,VIP
14108.0,447.05,2,292,2009-01-12 18:07:00,2009-08-12 15:25:00,211.0,223.525,447.05,Medium Value
14110.0,7287.95,22,3370,2009-01-12 09:50:00,2010-10-06 18:04:00,632.0,331.2704545454545,7287.95,VIP
14112.0,2750.34,15,1814,2010-09-03 15:45:00,2010-09-09 18:16:00,6.0,183.35600000000002,2750.34,VIP
14113.0,4778.83,23,2457,2009-07-12 10:44:00,2010-11-10 13:36:00,486.0,207.77521739130435,4778.83,VIP
14114.0,977.5600000000001,5,549,2010-09-11 09:13:00,2010-12-04 11:07:00,84.0,195.512,977.5600000000001,High Value
14115.0,622.6700000000001,2,509,2010-11-02 11:44:00,2010-11-02 11:44:00,0.0,311.33500000000004,622.6700000000001,Medium Value
14118.0,458.45,1,97,2010-07-10 11:59:00,2010-07-10 11:59:00,0.0,458.45,458.45,Medium Value
14119.0,183.37,2,177,,,,91.685,183.37,Low Value
14120.0,-23.8,1,-4,2010-05-10 19:12:00,2010-05-10 19:12:00,0.0,-23.8,-23.8,Low Value
14122.0,309.77,5,95,2009-02-12 14:22:00,2010-10-11 09:38:00,605.0,61.95399999999999,309.77,Medium Value
14123.0,436.18,1,234,2009-06-12 15:35:00,2009-06-12 15:35:00,0.0,436.18,436.18,Medium Value
14126.0,466.33000000000004,1,379,,,,466.33000000000004,466.33000000000004,Medium Value
14127.0,1190.3700000000001,3,507,2010-07-11 11:37:00,2010-10-10 11:53:00,91.0,396.79,1190.3700000000001,High Value
14128.0,271.86,2,247,2010-06-06 14:05:00,2010-06-06 14:05:00,0.0,135.93,271.86,Low Value
14129.0,1467.48,4,822,2010-05-08 10:18:00,2010-10-09 15:50:00,154.0,366.87,1467.48,High Value
14130.0,1398.81,3,981,2009-11-12 16:33:00,2009-11-12 16:33:00,0.0,466.27,1398.81,High Value
14131.0,187.87,1,118,2010-01-03 11:59:00,2010-01-03 11:59:00,0.0,187.87,187.87,Low Value
14133.0,305.5,1,50,2009-06-12 12:10:00,2009-06-12 12:10:00,0.0,305.5,305.5,Medium Value
14134.0,11123.35,15,5814,2009-10-12 09:25:00,2010-08-06 13:43:00,298.0,741.5566666666667,11123.35,VIP
14135.0,4914.74,12,5482,2009-02-12 08:58:00,2010-12-10 08:26:00,665.0,409.56166666666667,4914.74,VIP
14136.0,1553.96,7,1145,2009-08-12 09:19:00,2010-05-03 12:42:00,264.0,221.99428571428572,1553.96,High Value
14137.0,294.1,2,400,,,,147.05,294.1,Medium Value
14139.0,670.98,3,539,2010-01-07 13:33:00,2010-06-08 14:00:00,152.0,223.66,670.98,High Value
14142.0,655.94,4,512,2010-01-12 16:33:00,2010-11-08 12:27:00,299.0,163.985,655.94,Medium Value
14144.0,30.599999999999998,1,12,2010-10-08 15:17:00,2010-10-08 15:17:00,0.0,30.599999999999998,30.599999999999998,Low Value
14145.0,3857.85,3,899,2010-06-09 09:53:00,2010-08-04 09:47:00,55.0,1285.95,3857.85,VIP
14146.0,5259.3,7,3343,2010-03-02 10:39:00,2010-03-02 10:39:00,0.0,751.3285714285714,5259.3,VIP
14147.0,1550.9,9,741,2010-09-03 13:43:00,2010-10-05 10:53:00,31.0,172.32222222222222,1550.9,High Value
14148.0,309.09000000000003,1,207,,,,309.09000000000003,309.09000000000003,Medium Value
14151.0,666.7,3,404,2010-04-02 15:35:00,2010-04-02 15:35:00,0.0,222.23333333333335,666.7,High Value
14152.0,1364.35,6,1127,2010-02-08 11:46:00,2010-09-09 12:15:00,213.0,227.39166666666665,1364.35,High Value
14153.0,233.4,1,312,,,,233.4,233.4,Low Value
14154.0,4917.98,8,2739,2010-01-07 17:54:00,2010-12-10 16:38:00,336.0,614.7475,4917.98,VIP
14156.0,183180.55,138,106885,2009-01-12 12:30:00,2010-12-09 12:31:00,696.0,1327.3952898550724,183180.55,VIP
14157.0,569.9,3,256,2010-03-03 16:49:00,2010-03-03 16:49:00,0.0,189.96666666666667,569.9,Medium Value
14159.0,2893.58,11,1973,2009-03-12 12:31:00,2010-12-07 11:59:00,634.0,263.0527272727273,2893.58,VIP
14160.0,8421.47,7,4661,2010-08-03 10:58:00,2010-10-01 12:06:00,59.0,1203.0671428571427,8421.47,VIP
14161.0,2208.36,5,1168,2010-05-12 13:18:00,2010-08-08 12:11:00,87.0,441.672,2208.36,VIP
14163.0,148.71,1,57,2010-03-09 17:15:00,2010-03-09 17:15:00,0.0,148.71,148.71,Low Value
14166.0,256.85,2,84,,,,128.425,256.85,Low Value
14167.0,721.65,4,200,2010-01-09 17:15:00,2010-07-06 11:47:00,177.0,180.4125,721.65,High Value
14168.0,305.9,3,138,2010-10-06 16:16:00,2010-10-06 16:16:00,0.0,101.96666666666665,305.9,Medium Value
14169.0,624.4300000000001,2,208,2010-05-10 08:45:00,2010-05-10 08:45:00,0.0,312.21500000000003,624.4300000000001,Medium Value
14170.0,597.33,3,290,2010-09-11 14:06:00,2010-09-11 14:06:00,0.0,199.11,597.33,Medium Value
14171.0,135.0,1,44,2009-09-12 13:50:00,2009-09-12 13:50:00,0.0,135.0,135.0,Low Value
14172.0,389.97,4,87,2010-07-03 10:58:00,2010-11-03 13:16:00,123.0,97.4925,389.97,Medium Value
14173.0,116.11,3,41,2009-09-12 12:46:00,2010-08-03 13:24:00,325.0,38.70333333333333,116.11,Low Value
14175.0,4242.38,10,1459,2010-01-09 12:45:00,2010-07-07 16:00:00,179.0,424.238,4242.38,VIP
14176.0,339.11,2,117,2010-07-12 11:45:00,2010-07-12 11:45:00,0.0,169.555,339.11,Medium Value
14177.0,1669.93,9,843,2010-07-10 13:15:00,2010-10-11 12:38:00,92.0,185.54777777777778,1669.93,VIP
14180.0,1469.98,12,154,2010-02-09 17:28:00,2010-11-06 13:35:00,269.0,122.49833333333333,1469.98,High Value
14181.0,310.55,2,122,,,,155.275,310.55,Medium Value
14182.0,660.07,5,172,2010-04-08 10:36:00,2010-10-05 16:36:00,180.0,132.014,660.07,High Value
14183.0,286.29,2,61,,,,143.145,286.29,Medium Value
14186.0,1550.63,5,1550,2010-05-03 11:17:00,2010-08-10 13:30:00,99.0,310.12600000000003,1550.63,High Value
14187.0,123.5,1,50,,,,123.5,123.5,Low Value
14189.0,1160.31,2,709,2010-06-12 11:42:00,2010-06-12 11:42:00,0.0,580.155,1160.31,High Value
14190.0,79.9,1,2,2010-11-02 14:27:00,2010-11-02 14:27:00,0.0,79.9,79.9,Low Value
14191.0,53.4,3,52,2009-11-12 10:47:00,2010-10-11 12:27:00,333.0,17.8,53.4,Low Value
14192.0,293.74,1,218,,,,293.74,293.74,Medium Value
14193.0,356.8,1,208,2010-08-11 12:31:00,2010-08-11 12:31:00,0.0,356.8,356.8,Medium Value
14194.0,7226.12,22,4144,2009-10-12 19:18:00,2010-12-11 12:26:00,424.0,328.46,7226.12,VIP
14195.0,1418.54,7,1142,2010-07-05 12:41:00,2010-07-05 12:44:00,0.0,202.64857142857142,1418.54,High Value
14197.0,390.05,1,143,,,,390.05,390.05,Medium Value
14198.0,864.08,6,328,2010-04-11 13:50:00,2010-05-01 10:07:00,19.0,144.01333333333335,864.08,High Value
14199.0,731.0999999999999,5,202,2010-04-11 11:06:00,2010-12-10 08:25:00,242.0,146.21999999999997,731.0999999999999,High Value
14200.0,379.2,1,140,2010-01-04 13:01:00,2010-01-04 13:01:00,0.0,379.2,379.2,Medium Value
14201.0,446.1,3,216,,,,148.70000000000002,446.1,Medium Value
14202.0,847.76,3,166,2010-01-06 11:40:00,2010-01-06 11:40:00,0.0,282.58666666666664,847.76,High Value
14203.0,339.34,1,80,2010-07-11 13:35:00,2010-07-11 13:35:00,0.0,339.34,339.34,Medium Value
14204.0,901.9300000000001,3,410,2009-02-12 13:26:00,2009-02-12 13:26:00,0.0,300.6433333333334,901.9300000000001,High Value
14205.0,1689.6,9,1032,2010-05-05 14:43:00,2010-10-11 14:37:00,158.0,187.73333333333332,1689.6,VIP
14206.0,836.9499999999999,3,652,2010-02-11 11:37:00,2010-02-11 11:37:00,0.0,278.9833333333333,836.9499999999999,High Value
14207.0,157.8,1,36,,,,157.8,157.8,Low Value
14208.0,415.31,1,415,2010-06-06 13:11:00,2010-06-06 13:11:00,0.0,415.31,415.31,Medium Value
14209.0,2870.2400000000002,12,1039,2009-07-12 17:52:00,2010-11-03 18:46:00,479.0,239.1866666666667,2870.2400000000002,VIP
14210.0,3913.4300000000003,15,1837,2010-02-07 14:37:00,2010-08-06 14:44:00,180.0,260.8953333333333,3913.4300000000003,VIP
14211.0,2093.39,13,1319,2009-09-12 12:48:00,2010-08-06 12:08:00,327.0,161.03,2093.39,VIP
14212.0,1119.6599999999999,1,894,,,,1119.6599999999999,1119.6599999999999,High Value
14213.0,-1.4210854715202004e-14,2,0,2010-03-12 09:47:00,2010-03-12 09:47:00,0.0,-7.105427357601002e-15,-1.4210854715202004e-14,Low Value
14215.0,1626.61,4,927,2009-08-12 09:35:00,2010-06-12 15:34:00,304.0,406.6525,1626.61,High Value
14216.0,303.09,2,115,,,,151.545,303.09,Medium Value
14217.0,1281.51,11,555,2010-05-07 10:45:00,2010-09-12 15:29:00,128.0,116.50090909090909,1281.51,High Value
14219.0,543.89,2,285,2010-03-08 14:42:00,2010-03-08 14:42:00,0.0,271.945,543.89,Medium Value
14220.0,882.5999999999999,2,196,,,,441.29999999999995,882.5999999999999,High Value
14221.0,3078.7400000000002,9,1616,2009-04-12 10:28:00,2010-09-05 13:50:00,511.0,342.08222222222224,3078.7400000000002,VIP
14224.0,847.78,5,349,2010-12-08 12:20:00,2010-12-08 12:20:00,0.0,169.55599999999998,847.78,High Value
14225.0,2015.12,5,1155,2010-01-10 10:32:00,2010-12-01 15:02:00,325.0,403.024,2015.12,VIP
14226.0,766.14,2,416,,,,383.07,766.14,High Value
14227.0,3011.6,7,2225,2010-01-06 12:42:00,2010-08-02 09:38:00,207.0,430.2285714285714,3011.6,VIP
14228.0,745.5,3,260,2010-06-07 10:07:00,2010-11-06 12:29:00,152.0,248.5,745.5,High Value
14229.0,1018.39,6,321,2010-01-11 13:03:00,2010-08-10 14:12:00,211.0,169.73166666666665,1018.39,High Value
14230.0,979.8000000000001,3,246,2010-09-06 13:56:00,2010-09-06 13:56:00,0.0,326.6,979.8000000000001,High Value
14231.0,309.91,1,201,,,,309.91,309.91,Medium Value
14233.0,1319.45,5,555,2010-04-05 09:10:00,2010-05-03 16:35:00,28.0,263.89,1319.45,High Value
14235.0,1573.1299999999999,4,1055,,,,393.28249999999997,1573.1299999999999,High Value
14236.0,1241.88,6,500,2010-02-12 18:49:00,2010-08-11 12:34:00,179.0,206.98000000000002,1241.88,High Value
14237.0,466.04,3,236,2010-01-12 13:20:00,2010-01-12 13:20:00,0.0,155.34666666666666,466.04,Medium Value
14238.0,287.38,2,78,2009-05-12 10:58:00,2009-05-12 10:58:00,0.0,143.69,287.38,Medium Value
14239.0,1880.22,11,735,2009-05-12 12:36:00,2010-12-01 11:33:00,567.0,170.92909090909092,1880.22,VIP
14240.0,357.15,1,237,2010-12-10 12:48:00,2010-12-10 12:48:00,0.0,357.15,357.15,Medium Value
14241.0,120.0,1,96,2010-12-01 15:11:00,2010-12-01 15:11:00,0.0,120.0,120.0,Low Value
14243.0,4829.4800000000005,10,2462,2010-07-10 10:30:00,2010-12-10 13:40:00,153.0,482.94800000000004,4829.4800000000005,VIP
14244.0,354.82,2,802,,,,177.41,354.82,Medium Value
14247.0,632.9399999999999,5,334,2010-04-07 13:33:00,2010-07-06 11:18:00,89.0,126.588,632.9399999999999,Medium Value
14248.0,730.37,2,590,2010-06-09 14:04:00,2010-12-07 14:27:00,181.0,365.185,730.37,High Value
14249.0,5625.461,12,2487,2010-06-06 15:47:00,2010-06-06 15:53:00,0.0,468.7884166666667,5625.461,VIP
14252.0,350.99,1,111,,,,350.99,350.99,Medium Value
14253.0,363.40000000000003,2,88,2010-03-08 14:55:00,2010-03-08 14:55:00,0.0,181.70000000000002,363.40000000000003,Medium Value
14254.0,601.03,1,263,2010-03-10 11:52:00,2010-03-10 11:52:00,0.0,601.03,601.03,Medium Value
14255.0,-1441.6,4,-2,2010-11-06 15:44:00,2010-11-06 15:57:00,0.0,-360.4,-1441.6,Low Value
14256.0,1462.28,6,752,2010-05-08 09:28:00,2010-05-08 09:30:00,0.0,243.71333333333334,1462.28,High Value
14257.0,2854.73,4,1650,2010-01-03 15:36:00,2010-01-03 15:36:00,0.0,713.6825,2854.73,VIP
14258.0,18377.27,22,10173,2009-04-12 08:36:00,2010-10-05 10:04:00,541.0,835.3304545454546,18377.27,VIP
14260.0,824.28,3,544,2010-09-06 11:23:00,2010-09-06 11:23:00,0.0,274.76,824.28,High Value
14263.0,322.93,1,171,2010-12-10 14:09:00,2010-12-10 14:09:00,0.0,322.93,322.93,Medium Value
14264.0,1141.89,6,475,2010-02-12 17:35:00,2010-12-09 14:02:00,299.0,190.31500000000003,1141.89,High Value
14265.0,843.17,2,385,2010-01-09 12:20:00,2010-06-04 14:39:00,146.0,421.585,843.17,High Value
14266.0,40.56,1,24,2010-07-10 13:32:00,2010-07-10 13:32:00,0.0,40.56,40.56,Low Value
14267.0,-19.9,2,-2,2009-08-12 19:09:00,2010-07-01 15:34:00,322.0,-9.95,-19.9,Low Value
14268.0,354.85,1,147,,,,354.85,354.85,Medium Value
14269.0,261.68,2,114,,,,130.84,261.68,Low Value
14271.0,106.81,1,61,,,,106.81,106.81,Low Value
14272.0,482.85,2,498,2010-06-05 14:01:00,2010-06-05 14:01:00,0.0,241.425,482.85,Medium Value
14274.0,256.6,1,178,,,,256.6,256.6,Low Value
14275.0,1189.3799999999999,6,538,2010-09-11 08:24:00,2010-11-04 12:32:00,54.0,198.23,1189.3799999999999,High Value
14276.0,909.93,8,621,2010-04-11 10:58:00,2010-12-08 10:05:00,240.0,113.74125,909.93,High Value
14277.0,367.4699999999999,10,267,2009-03-12 17:52:00,2010-10-05 09:47:00,571.0,36.74699999999999,367.4699999999999,Medium Value
14278.0,205.83,1,131,,,,205.83,205.83,Low Value
14279.0,191.86,2,46,2010-07-07 08:42:00,2010-07-07 08:42:00,0.0,95.93,191.86,Low Value
14281.0,245.15,1,45,,,,245.15,245.15,Low Value
14282.0,4115.32,12,2806,2010-02-06 15:55:00,2010-08-09 14:16:00,183.0,342.9433333333333,4115.32,VIP
14283.0,628.4399999999999,4,550,2010-02-09 14:46:00,2010-02-09 14:46:00,0.0,157.10999999999999,628.4399999999999,Medium Value
14284.0,704.4,1,349,,,,704.4,704.4,High Value
14285.0,1248.63,5,412,2009-08-12 14:13:00,2009-08-12 14:13:00,0.0,249.72600000000003,1248.63,High Value
14286.0,3800.89,7,4389,2009-04-12 08:40:00,2010-10-03 10:51:00,539.0,542.9842857142856,3800.89,VIP
14290.0,1901.48,8,601,2009-08-12 11:44:00,2010-08-03 10:49:00,355.0,237.685,1901.48,VIP
14291.0,3971.1,13,3392,2009-09-12 10:46:00,2009-09-12 10:46:00,0.0,305.46923076923076,3971.1,VIP
14292.0,4068.57,13,1730,2009-01-12 12:19:00,2010-05-10 19:41:00,483.0,312.9669230769231,4068.57,VIP
14293.0,2127.77,7,877,2009-10-12 10:57:00,2010-06-12 10:18:00,242.0,303.96714285714285,2127.77,VIP
14294.0,375.34,1,190,,,,375.34,375.34,Medium Value
14295.0,2161.36,6,940,2009-08-12 09:49:00,2010-12-07 14:18:00,482.0,360.2266666666667,2161.36,VIP
14296.0,448.45,3,313,,,,149.48333333333332,448.45,Medium Value
14298.0,39626.87,39,41833,2009-11-12 13:49:00,2010-11-06 08:11:00,358.0,1016.0735897435898,39626.87,VIP
14299.0,9972.42,25,6020,2009-02-12 10:58:00,2010-12-10 17:32:00,666.0,398.8968,9972.42,VIP
14301.0,1324.19,5,1073,2010-11-02 13:07:00,2010-11-02 13:07:00,0.0,264.838,1324.19,High Value
14302.0,742.9000000000001,3,298,2009-02-12 08:16:00,2010-05-10 08:10:00,451.0,247.63333333333335,742.9000000000001,High Value
14303.0,277.94,2,218,2010-01-10 10:31:00,2010-01-10 10:31:00,0.0,138.97,277.94,Low Value
14304.0,1326.71,3,633,,,,442.2366666666667,1326.71,High Value
14306.0,1058.0800000000002,4,990,,,,264.52000000000004,1058.0800000000002,High Value
14307.0,2067.36,6,1315,2009-07-12 13:06:00,2010-04-02 17:50:00,264.0,344.56,2067.36,VIP
14308.0,-849.45,5,-1,2010-08-06 16:22:00,2010-08-06 16:52:00,0.0,-169.89000000000001,-849.45,Low Value
14309.0,1428.28,2,950,2010-07-06 10:24:00,2010-07-06 10:24:00,0.0,714.14,1428.28,High Value
14310.0,492.1,1,230,2010-03-10 12:34:00,2010-03-10 12:34:00,0.0,492.1,492.1,Medium Value
14311.0,206.19,1,89,,,,206.19,206.19,Low Value
14312.0,1478.7,5,892,2010-03-11 13:20:00,2010-03-11 13:20:00,0.0,295.74,1478.7,High Value
14313.0,-302.31,1,-1,,,,-302.31,-302.31,Low Value
14314.0,101.9,2,34,2010-05-10 08:00:00,2010-05-10 08:00:00,0.0,50.95,101.9,Low Value
14315.0,711.74,3,322,,,,237.24666666666667,711.74,High Value
14316.0,1355.34,6,4482,2010-07-05 08:50:00,2010-10-06 17:11:00,93.0,225.89,1355.34,High Value
14318.0,158.02,1,152,2010-05-09 15:32:00,2010-05-09 15:32:00,0.0,158.02,158.02,Low Value
14319.0,476.95000000000005,2,327,2009-11-12 11:59:00,2010-11-10 13:38:00,363.0,238.47500000000002,476.95000000000005,Medium Value
14320.0,861.01,4,387,2010-04-05 11:33:00,2010-11-06 12:45:00,215.0,215.2525,861.01,High Value
14321.0,667.83,3,865,2010-04-10 12:48:00,2010-07-10 15:46:00,91.0,222.61,667.83,High Value
14322.0,384.3,6,142,2010-05-10 12:59:00,2010-12-03 09:15:00,206.0,64.05,384.3,Medium Value
14324.0,701.61,2,402,,,,350.805,701.61,High Value
14325.0,245.48000000000002,1,320,,,,245.48000000000002,245.48000000000002,Low Value
14326.0,757.13,2,469,2010-02-09 13:29:00,2010-02-09 13:29:00,0.0,378.565,757.13,High Value
14327.0,1583.28,5,1157,2010-03-02 15:07:00,2010-08-01 14:04:00,151.0,316.656,1583.28,High Value
14328.0,-445.06,3,-1,2010-05-10 10:47:00,2010-09-09 16:43:00,122.0,-148.35333333333332,-445.06,Low Value
14329.0,4806.78,14,2812,2010-06-08 10:24:00,2010-10-06 11:59:00,120.0,343.34142857142854,4806.78,VIP
14330.0,200.63,1,103,,,,200.63,200.63,Low Value
14332.0,1077.2,2,412,,,,538.6,1077.2,High Value
14334.0,1753.52,5,1254,2010-10-10 10:33:00,2010-10-10 10:33:00,0.0,350.704,1753.52,VIP
14337.0,-658.63,1,-393,2009-08-12 14:04:00,2009-08-12 14:04:00,0.0,-658.63,-658.63,Low Value
14338.0,339.88,1,287,,,,339.88,339.88,Medium Value
14339.0,310.75,1,288,2010-07-10 08:50:00,2010-07-10 08:50:00,0.0,310.75,310.75,Medium Value
14341.0,2277.09,11,1415,2009-01-12 12:20:00,2009-01-12 12:20:00,0.0,207.00818181818184,2277.09,VIP
14342.0,235.03,3,171,2010-03-10 12:46:00,2010-03-10 12:46:00,0.0,78.34333333333333,235.03,Low Value
14343.0,1088.91,4,631,,,,272.2275,1088.91,High Value
14344.0,2443.77,14,1192,2010-01-10 11:38:00,2010-12-08 13:46:00,332.0,174.555,2443.77,VIP
14346.0,1294.17,3,1273,2010-10-10 12:53:00,2010-10-10 14:19:00,0.0,431.39000000000004,1294.17,High Value
14347.0,82.6,1,48,2009-03-12 10:49:00,2009-03-12 10:49:00,0.0,82.6,82.6,Low Value
14350.0,689.1,2,360,2010-05-10 15:52:00,2010-05-10 15:52:00,0.0,344.55,689.1,High Value
14353.0,285.9,2,280,2010-04-10 12:38:00,2010-04-10 12:38:00,0.0,142.95,285.9,Medium Value
14355.0,840.0500000000001,3,617,2010-09-12 12:16:00,2010-09-12 12:16:00,0.0,280.0166666666667,840.0500000000001,High Value
14358.0,384.29999999999995,3,337,2010-07-10 17:26:00,2010-07-10 17:26:00,0.0,128.1,384.29999999999995,Medium Value
14361.0,214.70999999999998,1,251,2010-10-05 12:29:00,2010-10-05 12:29:00,0.0,214.70999999999998,214.70999999999998,Low Value
14363.0,227.47000000000003,2,105,2010-02-11 17:01:00,2010-02-11 17:01:00,0.0,113.73500000000001,227.47000000000003,Low Value
14365.0,634.68,2,557,2010-10-11 09:52:00,2010-10-11 09:52:00,0.0,317.34,634.68,Medium Value
14366.0,136.0,1,16,2010-02-07 17:23:00,2010-02-07 17:23:00,0.0,136.0,136.0,Low Value
14369.0,469.13,2,255,2010-07-03 15:47:00,2010-07-03 15:47:00,0.0,234.565,469.13,Medium Value
14370.0,1092.13,9,257,2010-01-02 08:35:00,2010-12-08 15:22:00,340.0,121.3477777777778,1092.13,High Value
14372.0,830.1800000000001,3,376,,,,276.7266666666667,830.1800000000001,High Value
14374.0,108.0,1,20,,,,108.0,108.0,Low Value
14375.0,875.31,2,465,,,,437.655,875.31,High Value
14376.0,215.46,1,50,,,,215.46,215.46,Low Value
14378.0,131.25,1,57,,,,131.25,131.25,Low Value
14379.0,920.81,2,421,2010-11-11 16:29:00,2010-11-11 16:29:00,0.0,460.405,920.81,High Value
14380.0,-99.72999999999999,2,0,,,,-49.864999999999995,-99.72999999999999,Low Value
14381.0,428.65999999999997,1,307,,,,428.65999999999997,428.65999999999997,Medium Value
14382.0,614.78,2,463,,,,307.39,614.78,Medium Value
14384.0,58.5,1,30,,,,58.5,58.5,Low Value
14388.0,3417.26,12,2403,2010-02-12 11:02:00,2010-09-06 09:05:00,205.0,284.7716666666667,3417.26,VIP
14389.0,821.35,6,631,2009-10-12 19:13:00,2010-11-10 10:04:00,393.0,136.89166666666668,821.35,High Value
14390.0,1730.8600000000001,7,771,2010-02-12 11:56:00,2010-10-11 12:16:00,241.0,247.2657142857143,1730.8600000000001,VIP
14391.0,135.6,1,168,2010-12-05 09:42:00,2010-12-05 09:42:00,0.0,135.6,135.6,Low Value
14392.0,266.4,1,114,2010-03-10 12:56:00,2010-03-10 12:56:00,0.0,266.4,266.4,Low Value
14394.0,93.8,1,58,,,,93.8,93.8,Low Value
14395.0,4688.9,13,2377,2010-02-12 18:15:00,2010-11-05 10:19:00,265.0,360.68461538461537,4688.9,VIP
14396.0,1633.94,6,797,2009-02-12 14:21:00,2010-03-12 15:19:00,393.0,272.3233333333333,1633.94,High Value
14398.0,707.79,2,267,2010-03-11 13:46:00,2010-03-11 13:46:00,0.0,353.895,707.79,High Value
14399.0,2098.16,9,960,2010-03-02 13:08:00,2010-10-11 13:23:00,223.0,233.12888888888887,2098.16,VIP
14400.0,1143.3,3,1243,2010-04-11 11:34:00,2010-04-11 11:34:00,0.0,381.09999999999997,1143.3,High Value
14401.0,2663.42,11,1874,2010-01-03 13:29:00,2010-11-10 15:25:00,311.0,242.1290909090909,2663.42,VIP
14402.0,285.6,1,240,,,,285.6,285.6,Medium Value
14403.0,396.45,4,213,2010-05-05 14:04:00,2010-12-03 09:56:00,211.0,99.1125,396.45,Medium Value
14404.0,1365.39,9,805,2010-01-08 14:18:00,2010-11-04 16:06:00,300.0,151.71,1365.39,High Value
14405.0,195.0,1,100,,,,195.0,195.0,Low Value
14408.0,1503.2400000000002,4,828,2009-07-12 12:18:00,2009-07-12 12:18:00,0.0,375.81000000000006,1503.2400000000002,High Value
14409.0,1545.44,6,1099,2010-06-12 15:03:00,2010-11-08 14:55:00,148.0,257.5733333333333,1545.44,High Value
14410.0,1546.07,2,806,,,,773.035,1546.07,High Value
14412.0,656.16,1,642,2010-11-10 12:33:00,2010-11-10 12:33:00,0.0,656.16,656.16,High Value
14413.0,647.67,3,212,,,,215.89,647.67,Medium Value
14414.0,902.35,1,365,,,,902.35,902.35,High Value
14415.0,6103.57,14,3273,2010-03-10 15:48:00,2010-12-02 14:46:00,266.0,435.9692857142857,6103.57,VIP
14417.0,604.2,1,567,,,,604.2,604.2,Medium Value
14419.0,202.85,1,69,,,,202.85,202.85,Low Value
14420.0,1241.85,5,782,2010-05-02 14:30:00,2010-08-11 10:49:00,100.0,248.36999999999998,1241.85,High Value
14421.0,1643.51,5,976,2010-07-06 12:35:00,2010-07-06 12:35:00,0.0,328.702,1643.51,High Value
14422.0,5937.28,15,3153,2010-05-01 13:45:00,2010-11-03 13:30:00,185.0,395.8186666666667,5937.28,VIP
14423.0,649.76,3,298,2010-11-10 16:24:00,2010-11-10 16:24:00,0.0,216.58666666666667,649.76,Medium Value
14425.0,635.89,5,319,2009-02-12 11:31:00,2010-08-10 14:24:00,544.0,127.178,635.89,Medium Value
14426.0,7185.07,11,4317,2010-01-11 16:24:00,2010-11-11 19:36:00,304.0,653.1881818181818,7185.07,VIP
14427.0,900.1800000000001,2,310,2010-02-08 11:25:00,2010-02-08 11:25:00,0.0,450.09000000000003,900.1800000000001,High Value
14429.0,516.28,1,286,2010-01-11 10:08:00,2010-01-11 10:08:00,0.0,516.28,516.28,Medium Value
14430.0,956.4000000000001,5,408,2010-10-05 16:58:00,2010-11-04 15:59:00,29.0,191.28000000000003,956.4000000000001,High Value
14431.0,2143.84,3,1072,2010-10-09 14:04:00,2010-10-09 14:04:00,0.0,714.6133333333333,2143.84,VIP
14433.0,289.6,1,134,,,,289.6,289.6,Medium Value
14435.0,90.42,1,282,,,,90.42,90.42,Low Value
14436.0,182.64000000000001,1,168,2010-04-06 11:32:00,2010-04-06 11:32:00,0.0,182.64000000000001,182.64000000000001,Low Value
14437.0,873.34,6,420,2010-01-11 09:31:00,2010-12-08 10:01:00,331.0,145.55666666666667,873.34,High Value
14439.0,6781.8,4,1718,,,,1695.45,6781.8,VIP
14440.0,4169.15,11,1157,2009-02-12 12:13:00,2010-11-11 08:27:00,636.0,379.01363636363635,4169.15,VIP
14441.0,2816.45,10,811,2010-01-04 15:46:00,2010-09-12 14:57:00,250.0,281.645,2816.45,VIP
14442.0,3727.4,7,945,2010-06-09 11:32:00,2010-06-09 11:32:00,0.0,532.4857142857143,3727.4,VIP
14443.0,950.7,4,578,2010-02-12 17:05:00,2010-06-12 11:03:00,119.0,237.675,950.7,High Value
14444.0,132.04,1,180,2010-09-09 18:56:00,2010-09-09 18:56:00,0.0,132.04,132.04,Low Value
14445.0,221.65,1,83,2010-10-09 11:09:00,2010-10-09 11:09:00,0.0,221.65,221.65,Low Value
14446.0,201.73,1,183,,,,201.73,201.73,Low Value
14447.0,548.5,1,342,2010-04-11 13:32:00,2010-04-11 13:32:00,0.0,548.5,548.5,Medium Value
14449.0,1575.7,5,1021,2010-02-11 12:48:00,2010-02-12 14:09:00,1.0,315.14,1575.7,High Value
14450.0,645.19,4,281,2010-03-11 13:48:00,2010-12-11 14:13:00,275.0,161.2975,645.19,Medium Value
14451.0,2603.0,16,1334,2010-01-07 11:16:00,2010-11-02 12:22:00,299.0,162.6875,2603.0,VIP
14452.0,401.15,2,170,2010-06-07 13:13:00,2010-09-11 14:13:00,96.0,200.575,401.15,Medium Value
14454.0,970.7,6,396,2009-06-12 12:56:00,2010-07-02 12:15:00,384.0,161.78333333333333,970.7,High Value
14455.0,594.86,5,682,2010-01-08 13:26:00,2010-09-09 11:59:00,243.0,118.97200000000001,594.86,Medium Value
14458.0,237.42,1,328,,,,237.42,237.42,Low Value
14459.0,3501.221,2,1542,,,,1750.6105,3501.221,VIP
14460.0,536.26,8,892,2010-01-11 11:21:00,2010-09-02 15:45:00,234.0,67.0325,536.26,Medium Value
14461.0,4594.54,11,2259,2010-06-05 11:02:00,2010-12-08 14:15:00,186.0,417.68545454545455,4594.54,VIP
14462.0,265.99,1,108,2010-03-10 14:13:00,2010-03-10 14:13:00,0.0,265.99,265.99,Low Value
14463.0,256.95,1,31,,,,256.95,256.95,Low Value
14464.0,111.0,2,62,,,,55.5,111.0,Low Value
14465.0,2887.4100000000003,8,2141,2010-07-01 15:03:00,2010-07-10 15:09:00,9.0,360.92625000000004,2887.4100000000003,VIP
14466.0,2374.5,7,1638,2010-02-12 13:36:00,2010-11-10 13:56:00,271.0,339.2142857142857,2374.5,VIP
14467.0,1622.23,8,918,2009-02-12 12:44:00,2010-09-11 11:41:00,575.0,202.77875,1622.23,High Value
14468.0,204.24,1,164,2009-06-12 12:21:00,2009-06-12 12:21:00,0.0,204.24,204.24,Low Value
14469.0,2112.21,4,980,2010-02-08 17:06:00,2010-02-08 17:06:00,0.0,528.0525,2112.21,VIP
14470.0,250.85,1,89,2010-05-10 12:39:00,2010-05-10 12:39:00,0.0,250.85,250.85,Low Value
14471.0,400.95,2,187,2009-07-12 12:26:00,2009-07-12 12:26:00,0.0,200.475,400.95,Medium Value
14472.0,291.38,1,145,,,,291.38,291.38,Medium Value
14474.0,730.42,1,313,2010-09-05 12:12:00,2010-09-05 12:12:00,0.0,730.42,730.42,High Value
14475.0,225.3,1,94,,,,225.3,225.3,Low Value
14477.0,652.8,5,396,2010-04-01 15:41:00,2010-04-01 15:41:00,0.0,130.56,652.8,Medium Value
14478.0,1276.66,4,1226,2009-01-12 13:20:00,2010-10-08 14:43:00,634.0,319.165,1276.66,High Value
14479.0,982.86,3,503,2009-06-12 13:48:00,2010-09-12 12:59:00,456.0,327.62,982.86,High Value
14480.0,1016.22,4,526,2010-02-11 12:35:00,2010-07-01 16:21:00,140.0,254.055,1016.22,High Value
14481.0,1298.81,4,1094,2010-01-04 10:18:00,2010-06-04 11:17:00,151.0,324.7025,1298.81,High Value
14482.0,2124.1,8,1159,2010-09-11 11:06:00,2010-09-11 11:11:00,0.0,265.5125,2124.1,VIP
14483.0,120.0,1,96,2009-03-12 10:16:00,2009-03-12 10:16:00,0.0,120.0,120.0,Low Value
14484.0,749.0600000000001,3,534,2010-03-11 13:50:00,2010-12-03 10:30:00,266.0,249.6866666666667,749.0600000000001,High Value
14486.0,175.5,2,90,2010-04-06 10:30:00,2010-04-06 10:30:00,0.0,87.75,175.5,Low Value
14487.0,244.53,3,101,2010-06-12 12:55:00,2010-06-12 13:22:00,0.0,81.51,244.53,Low Value
14489.0,1111.55,3,712,2010-04-08 10:00:00,2010-06-04 09:52:00,56.0,370.51666666666665,1111.55,High Value
14490.0,1273.47,2,933,2010-07-10 11:36:00,2010-07-10 11:36:00,0.0,636.735,1273.47,High Value
14491.0,127.2,1,40,2010-02-12 12:10:00,2010-02-12 12:10:00,0.0,127.2,127.2,Low Value
14492.0,1574.3600000000001,10,639,2010-03-06 15:50:00,2010-12-04 11:24:00,272.0,157.436,1574.3600000000001,High Value
14493.0,2673.21,7,1892,2010-08-03 08:33:00,2010-08-03 08:33:00,0.0,381.88714285714286,2673.21,VIP
14494.0,261.9,2,118,2009-08-12 13:25:00,2010-03-11 13:13:00,210.0,130.95,261.9,Low Value
14495.0,42.5,2,5,2010-02-03 15:15:00,2010-02-03 15:15:00,0.0,21.25,42.5,Low Value
14496.0,2107.07,9,821,2010-01-12 15:35:00,2010-09-11 10:38:00,241.0,234.1188888888889,2107.07,VIP
14497.0,221.69,1,97,2010-04-02 09:59:00,2010-04-02 09:59:00,0.0,221.69,221.69,Low Value
14498.0,1953.95,5,1024,2010-03-11 11:11:00,2010-09-08 14:39:00,181.0,390.79,1953.95,VIP
14499.0,1305.3,7,740,,,,186.47142857142856,1305.3,High Value
14505.0,5900.1,16,2561,2009-09-12 14:48:00,2009-09-12 14:48:00,0.0,368.75625,5900.1,VIP
14506.0,1278.5,3,348,2010-02-11 15:48:00,2010-05-12 14:25:00,89.0,426.1666666666667,1278.5,High Value
14507.0,1804.31,7,905,2009-10-12 17:04:00,2009-10-12 17:16:00,0.0,257.75857142857143,1804.31,VIP
14508.0,579.67,4,215,,,,144.9175,579.67,Medium Value
14509.0,110.95,1,38,,,,110.95,110.95,Low Value
14510.0,991.98,4,815,,,,247.995,991.98,High Value
14512.0,948.19,5,620,2009-07-12 13:49:00,2010-10-05 12:54:00,449.0,189.638,948.19,High Value
14513.0,332.42,3,232,,,,110.80666666666667,332.42,Medium Value
14514.0,3539.38,7,1906,2010-07-04 13:54:00,2010-07-06 14:47:00,2.0,505.6257142857143,3539.38,VIP
14515.0,1616.81,9,773,2010-07-06 12:37:00,2010-09-11 19:21:00,67.0,179.64555555555555,1616.81,High Value
14516.0,163.92,1,68,2010-11-07 14:07:00,2010-11-07 14:07:00,0.0,163.92,163.92,Low Value
14519.0,206.09,2,82,2009-11-12 10:40:00,2009-11-12 10:40:00,0.0,103.045,206.09,Low Value
14521.0,167.65,2,203,2010-05-08 16:35:00,2010-05-08 16:35:00,0.0,83.825,167.65,Low Value
14522.0,784.08,4,443,,,,196.02,784.08,High Value
14524.0,1066.03,4,500,,,,266.5075,1066.03,High Value
14525.0,3908.44,8,2539,2010-07-10 19:03:00,2010-12-09 11:41:00,151.0,488.555,3908.44,VIP
14526.0,262.4,1,179,,,,262.4,262.4,Low Value
14527.0,18063.16,108,4506,2009-02-12 12:06:00,2010-12-11 12:17:00,667.0,167.25148148148148,18063.16,VIP
14530.0,3151.2400000000002,13,1589,2010-03-03 12:34:00,2010-11-05 13:08:00,247.0,242.40307692307695,3151.2400000000002,VIP
14531.0,376.34,1,260,,,,376.34,376.34,Medium Value
14532.0,2913.58,8,830,2010-10-01 11:47:00,2010-10-01 11:47:00,0.0,364.1975,2913.58,VIP
14533.0,1372.5,6,2006,2010-05-05 09:02:00,2010-10-05 15:12:00,153.0,228.75,1372.5,High Value
14534.0,1711.07,13,794,2010-07-06 12:51:00,2010-12-10 11:15:00,156.0,131.6207692307692,1711.07,VIP
14535.0,3031.54,7,1389,2010-07-05 12:41:00,2010-09-11 16:03:00,68.0,433.07714285714286,3031.54,VIP
14537.0,279.89,2,107,2010-12-04 08:25:00,2010-12-04 08:25:00,0.0,139.945,279.89,Low Value
14538.0,982.59,3,129,,,,327.53000000000003,982.59,High Value
14540.0,2789.18,9,1196,2009-07-12 13:00:00,2010-05-10 16:24:00,302.0,309.9088888888889,2789.18,VIP
14541.0,1038.03,6,482,2010-07-01 11:59:00,2010-07-01 11:59:00,0.0,173.005,1038.03,High Value
14543.0,9277.84,29,1504,2009-01-12 13:47:00,2010-09-06 13:55:00,602.0,319.92551724137934,9277.84,VIP
14544.0,957.98,1,895,,,,957.98,957.98,High Value
14545.0,349.25,1,236,2010-03-02 15:23:00,2010-03-02 15:23:00,0.0,349.25,349.25,Medium Value
14546.0,2514.01,11,1333,2009-06-12 13:10:00,2010-07-02 11:48:00,384.0,228.54636363636365,2514.01,VIP
14548.0,1974.69,7,765,2009-06-12 14:00:00,2010-12-08 15:48:00,544.0,282.09857142857146,1974.69,VIP
14549.0,627.3100000000001,3,259,2009-02-12 14:06:00,2009-02-12 14:06:00,0.0,209.10333333333335,627.3100000000001,Medium Value
14550.0,587.69,2,382,,,,293.845,587.69,Medium Value
14551.0,672.36,7,370,,,,96.05142857142857,672.36,High Value
14552.0,346.21,2,170,,,,173.105,346.21,Medium Value
14553.0,956.77,5,645,,,,191.35399999999998,956.77,High Value
14555.0,1982.3400000000001,5,717,,,,396.468,1982.3400000000001,VIP
14556.0,835.34,3,331,,,,278.44666666666666,835.34,High Value
14558.0,614.1,5,158,2009-01-12 14:47:00,2009-08-12 10:41:00,211.0,122.82000000000001,614.1,Medium Value
14559.0,75.6,1,72,,,,75.6,75.6,Low Value
14560.0,3876.2599999999998,22,3320,2009-02-12 10:15:00,2010-11-11 13:13:00,637.0,176.19363636363636,3876.2599999999998,VIP
14562.0,1654.63,8,770,2010-02-09 11:37:00,2010-08-08 10:25:00,179.0,206.82875,1654.63,VIP
14563.0,679.44,2,335,,,,339.72,679.44,High Value
14564.0,2519.32,5,1284,2009-04-12 09:27:00,2010-08-10 14:20:00,485.0,503.86400000000003,2519.32,VIP
14565.0,760.1,1,400,,,,760.1,760.1,High Value
14566.0,2660.0,3,1600,,,,886.6666666666666,2660.0,VIP
14568.0,909.5,2,633,2010-11-10 17:03:00,2010-11-10 17:03:00,0.0,454.75,909.5,High Value
14569.0,371.59,3,179,2010-03-08 14:41:00,2010-03-08 14:41:00,0.0,123.86333333333333,371.59,Medium Value
14570.0,395.69,1,336,,,,395.69,395.69,Medium Value
14571.0,161.65,1,57,2010-10-10 15:06:00,2010-10-10 15:06:00,0.0,161.65,161.65,Low Value
14572.0,2769.59,5,1504,,,,553.918,2769.59,VIP
14573.0,968.0,5,291,2010-02-12 19:59:00,2010-08-01 16:34:00,169.0,193.6,968.0,High Value
14574.0,143.70000000000002,1,63,2009-07-12 12:42:00,2009-07-12 12:42:00,0.0,143.70000000000002,143.70000000000002,Low Value
14575.0,460.71,1,176,2010-08-08 14:51:00,2010-08-08 14:51:00,0.0,460.71,460.71,Medium Value
14576.0,35.400000000000006,1,12,2010-02-12 17:51:00,2010-02-12 17:51:00,0.0,35.400000000000006,35.400000000000006,Low Value
14577.0,514.54,3,220,2009-11-12 12:09:00,2010-10-11 12:19:00,333.0,171.51333333333332,514.54,Medium Value
14579.0,105.56,1,56,2010-03-10 14:36:00,2010-03-10 14:36:00,0.0,105.56,105.56,Low Value
14580.0,14.850000000000001,1,3,2010-09-07 15:20:00,2010-09-07 15:20:00,0.0,14.850000000000001,14.850000000000001,Low Value
14581.0,295.2,1,92,,,,295.2,295.2,Medium Value
14583.0,728.48,3,363,,,,242.82666666666668,728.48,High Value
14584.0,705.65,4,580,,,,176.4125,705.65,High Value
14585.0,986.22,4,539,2010-10-11 11:25:00,2010-10-11 11:25:00,0.0,246.555,986.22,High Value
14588.0,135.39,1,62,2010-10-05 15:08:00,2010-10-05 15:08:00,0.0,135.39,135.39,Low Value
14589.0,39.75,1,5,2010-03-12 11:42:00,2010-03-12 11:42:00,0.0,39.75,39.75,Low Value
14590.0,2884.29,28,881,2009-07-12 14:10:00,2010-11-10 12:06:00,485.0,103.01035714285715,2884.29,VIP
14593.0,2997.18,15,1530,2009-09-12 12:57:00,2010-10-02 11:26:00,384.0,199.81199999999998,2997.18,VIP
14594.0,255.0,1,146,2010-01-12 13:54:00,2010-01-12 13:54:00,0.0,255.0,255.0,Low Value
14595.0,423.85,2,250,2010-12-09 12:47:00,2010-12-09 12:47:00,0.0,211.925,423.85,Medium Value
14596.0,229.47,1,79,,,,229.47,229.47,Low Value
14597.0,1318.3899999999999,4,870,2010-12-11 14:55:00,2010-12-11 15:40:00,0.0,329.59749999999997,1318.3899999999999,High Value
14598.0,1.7763568394002505e-15,2,0,,,,8.881784197001252e-16,1.7763568394002505e-15,Low Value
14599.0,474.54,2,295,,,,237.27,474.54,Medium Value
14600.0,471.84000000000003,1,362,2010-11-11 15:56:00,2010-11-11 15:56:00,0.0,471.84000000000003,471.84000000000003,Medium Value
14602.0,205.35999999999999,1,80,,,,205.35999999999999,205.35999999999999,Low Value
14604.0,143.85999999999999,1,88,,,,143.85999999999999,143.85999999999999,Low Value
14605.0,937.16,4,424,2009-08-12 13:59:00,2009-08-12 14:01:00,0.0,234.29,937.16,High Value
14606.0,18380.53,135,9322,2009-03-12 12:40:00,2010-12-02 10:21:00,629.0,136.15207407407408,18380.53,VIP
14607.0,7404.46,10,3708,2010-04-02 10:56:00,2010-05-02 11:22:00,30.0,740.446,7404.46,VIP
14608.0,1488.29,8,480,2009-06-12 12:34:00,2010-12-07 11:45:00,542.0,186.03625,1488.29,High Value
14609.0,764.64,7,3294,2010-05-05 08:58:00,2010-09-02 09:48:00,120.0,109.23428571428572,764.64,High Value
14610.0,24.35,2,15,2010-09-11 10:58:00,2010-09-11 10:58:00,0.0,12.175,24.35,Low Value
14611.0,599.38,3,581,,,,199.79333333333332,599.38,Medium Value
14612.0,877.7,1,134,,,,877.7,877.7,High Value
14613.0,76.32000000000001,1,72,,,,76.32000000000001,76.32000000000001,Low Value
14614.0,295.13,1,189,,,,295.13,295.13,Medium Value
14615.0,934.26,6,481,2010-09-06 13:59:00,2010-10-11 13:36:00,34.0,155.71,934.26,High Value
14616.0,121.7,2,66,2010-09-06 09:42:00,2010-09-06 09:42:00,0.0,60.85,121.7,Low Value
14617.0,190.47000000000003,2,81,2010-02-11 11:41:00,2010-02-11 11:41:00,0.0,95.23500000000001,190.47000000000003,Low Value
14618.0,757.08,6,436,2010-08-12 14:57:00,2010-11-06 10:11:00,85.0,126.18,757.08,High Value
14619.0,896.8000000000001,1,442,,,,896.8000000000001,896.8000000000001,High Value
14621.0,1112.51,10,684,2009-01-12 13:47:00,2010-08-07 12:19:00,571.0,111.251,1112.51,High Value
14623.0,1161.48,6,637,2010-10-09 10:27:00,2010-10-09 10:27:00,0.0,193.58,1161.48,High Value
14624.0,588.22,4,483,2010-03-06 10:11:00,2010-03-06 10:11:00,0.0,147.055,588.22,Medium Value
14625.0,3543.05,14,1811,2009-11-12 14:10:00,2010-12-08 15:37:00,391.0,253.07500000000002,3543.05,VIP
14626.0,2617.7,8,1731,2009-10-12 14:57:00,2010-12-04 10:01:00,417.0,327.2125,2617.7,VIP
14627.0,428.25,2,274,2009-11-12 14:08:00,2009-11-12 14:08:00,0.0,214.125,428.25,Medium Value
14628.0,1326.04,3,875,2010-08-03 08:42:00,2010-08-03 08:42:00,0.0,442.0133333333333,1326.04,High Value
14630.0,338.65,1,111,2010-12-08 16:38:00,2010-12-08 16:38:00,0.0,338.65,338.65,Medium Value
14631.0,1016.19,4,773,2010-09-08 14:45:00,2010-10-08 12:09:00,29.0,254.0475,1016.19,High Value
14634.0,1971.82,7,1850,2010-04-05 10:16:00,2010-05-05 08:57:00,29.0,281.68857142857144,1971.82,VIP
14635.0,215.22,1,118,2010-12-09 10:47:00,2010-12-09 10:47:00,0.0,215.22,215.22,Low Value
14637.0,106.67999999999999,1,100,,,,106.67999999999999,106.67999999999999,Low Value
14639.0,1994.47,3,979,2010-08-07 08:08:00,2010-08-07 08:08:00,0.0,664.8233333333334,1994.47,VIP
14640.0,1421.88,8,729,2010-05-02 14:06:00,2010-05-02 14:06:00,0.0,177.735,1421.88,High Value
14643.0,986.08,3,562,2009-11-12 11:52:00,2010-01-04 08:33:00,52.0,328.6933333333333,986.08,High Value
14644.0,1297.01,8,503,2009-03-12 16:24:00,2010-06-08 16:36:00,453.0,162.12625,1297.01,High Value
14645.0,243.15,2,193,,,,121.575,243.15,Low Value
14646.0,243853.05,87,168501,2009-02-12 16:52:00,2010-12-03 10:41:00,658.0,2802.908620689655,243853.05,VIP
14647.0,276.75,1,85,2010-04-07 13:27:00,2010-04-07 13:27:00,0.0,276.75,276.75,Low Value
14648.0,4458.21,19,3285,2009-10-12 13:59:00,2010-04-02 13:34:00,171.0,234.64263157894737,4458.21,VIP
14649.0,2336.87,7,1443,2010-05-03 13:24:00,2010-05-03 13:24:00,0.0,333.8385714285714,2336.87,VIP
14650.0,62.5,1,22,,,,62.5,62.5,Low Value
14651.0,1379.52,7,542,2010-10-11 16:05:00,2010-11-10 10:58:00,29.0,197.0742857142857,1379.52,High Value
14653.0,1666.99,5,1026,2009-02-12 11:51:00,2010-06-06 13:27:00,479.0,333.398,1666.99,VIP
14654.0,246.86,1,273,2009-01-12 12:57:00,2009-01-12 12:57:00,0.0,246.86,246.86,Low Value
14655.0,1899.08,7,1237,2010-05-07 09:45:00,2010-08-07 13:45:00,92.0,271.29714285714283,1899.08,VIP
14656.0,523.6,3,198,,,,174.53333333333333,523.6,Medium Value
14657.0,612.65,2,419,2010-06-10 15:33:00,2010-06-10 15:33:00,0.0,306.325,612.65,Medium Value
14662.0,645.16,3,333,2009-03-12 16:47:00,2010-08-10 13:31:00,515.0,215.0533333333333,645.16,Medium Value
14663.0,490.6,2,397,2010-05-10 13:12:00,2010-05-10 13:21:00,0.0,245.3,490.6,Medium Value
14665.0,913.95,2,404,2010-08-10 14:40:00,2010-08-10 14:40:00,0.0,456.975,913.95,High Value
14667.0,12489.39,36,7562,2009-02-12 12:38:00,2010-12-07 12:44:00,663.0,346.9275,12489.39,VIP
14668.0,111.63,1,49,,,,111.63,111.63,Low Value
14669.0,1973.94,4,1279,2009-02-12 13:06:00,2009-02-12 13:06:00,0.0,493.485,1973.94,VIP
14670.0,190.47,1,97,2009-07-12 13:59:00,2009-07-12 13:59:00,0.0,190.47,190.47,Low Value
14671.0,1127.45,2,571,2010-08-06 13:39:00,2010-08-06 13:39:00,0.0,563.725,1127.45,High Value
14672.0,347.59,2,192,2010-12-07 10:23:00,2010-12-07 10:23:00,0.0,173.795,347.59,Medium Value
14673.0,1674.41,3,1031,2010-07-12 12:49:00,2010-07-12 12:49:00,0.0,558.1366666666667,1674.41,VIP
14674.0,173.66,1,103,,,,173.66,173.66,Low Value
14675.0,462.15,1,385,,,,462.15,462.15,Medium Value
14676.0,5742.25,8,6246,2010-04-11 16:37:00,2010-10-11 12:32:00,182.0,717.78125,5742.25,VIP
14677.0,184.91,1,139,,,,184.91,184.91,Low Value
14678.0,386.44,2,178,2010-09-05 14:32:00,2010-09-05 14:32:00,0.0,193.22,386.44,Medium Value
14679.0,1272.95,5,789,2009-08-12 17:13:00,2010-06-07 09:58:00,298.0,254.59,1272.95,High Value
14680.0,27869.0,65,13546,2009-04-12 12:36:00,2010-12-05 12:26:00,601.0,428.75384615384615,27869.0,VIP
14681.0,376.20000000000005,3,96,2010-05-03 12:57:00,2010-05-03 12:57:00,0.0,125.40000000000002,376.20000000000005,Medium Value
14682.0,1462.81,4,869,2010-05-02 14:47:00,2010-07-10 09:53:00,68.0,365.7025,1462.81,High Value
14683.0,146.56,1,386,,,,146.56,146.56,Low Value
14684.0,232.27,1,186,,,,232.27,232.27,Low Value
14685.0,4324.31,13,1952,2010-07-02 14:27:00,2010-12-05 13:08:00,155.0,332.6392307692308,4324.31,VIP
14686.0,877.88,6,474,,,,146.31333333333333,877.88,High Value
14687.0,773.6800000000001,2,380,2010-04-11 18:56:00,2010-06-06 10:36:00,55.0,386.84000000000003,773.6800000000001,High Value
14688.0,2082.7,8,1959,2010-01-12 09:37:00,2010-12-10 13:16:00,332.0,260.3375,2082.7,VIP
14690.0,422.63,2,174,2010-12-11 14:51:00,2010-12-11 14:51:00,0.0,211.315,422.63,Medium Value
14692.0,1153.54,8,640,2010-01-04 14:04:00,2010-12-08 13:02:00,337.0,144.1925,1153.54,High Value
14693.0,966.96,7,352,2010-02-07 08:28:00,2010-12-09 13:44:00,305.0,138.13714285714286,966.96,High Value
14694.0,244.31,1,193,2010-01-04 19:46:00,2010-01-04 19:46:00,0.0,244.31,244.31,Low Value
14695.0,1552.57,4,624,2009-07-12 11:05:00,2010-08-07 14:18:00,391.0,388.1425,1552.57,High Value
14696.0,687.7,3,520,2010-01-12 15:37:00,2010-09-12 15:38:00,243.0,229.23333333333335,687.7,High Value
14699.0,593.47,3,407,2010-02-07 12:04:00,2010-03-08 12:55:00,29.0,197.82333333333335,593.47,Medium Value
14700.0,880.96,2,292,2010-11-08 12:19:00,2010-11-08 12:19:00,0.0,440.48,880.96,High Value
14701.0,2012.72,6,850,2010-05-07 12:50:00,2010-05-07 12:53:00,0.0,335.4533333333333,2012.72,VIP
14702.0,3445.08,15,1617,2009-10-12 20:22:00,2010-12-08 19:21:00,421.0,229.672,3445.08,VIP
14704.0,266.66,2,127,2010-11-10 11:53:00,2010-11-10 11:53:00,0.0,133.33,266.66,Low Value
14706.0,390.69,1,263,,,,390.69,390.69,Medium Value
14707.0,139.2,2,96,2010-12-05 11:07:00,2010-12-05 11:07:00,0.0,69.6,139.2,Low Value
14708.0,1085.91,3,888,2010-06-12 12:23:00,2010-12-10 10:42:00,180.0,361.97,1085.91,High Value
14709.0,3955.34,13,1656,2009-05-12 15:26:00,2010-08-08 11:20:00,452.0,304.2569230769231,3955.34,VIP
14710.0,1316.46,9,773,2009-03-12 17:12:00,2010-05-07 11:15:00,420.0,146.27333333333334,1316.46,High Value
14712.0,411.0,1,96,,,,411.0,411.0,Medium Value
14713.0,2708.21,14,1832,2009-03-12 19:22:00,2010-11-11 17:28:00,608.0,193.44357142857143,2708.21,VIP
14714.0,736.21,6,408,2010-04-11 17:15:00,2010-04-11 17:15:00,0.0,122.70166666666667,736.21,High Value
14715.0,973.0699999999999,4,513,2010-07-07 11:43:00,2010-07-07 11:43:00,0.0,243.26749999999998,973.0699999999999,High Value
14716.0,235.77,1,148,,,,235.77,235.77,Low Value
14717.0,72.8,2,30,2009-06-12 12:46:00,2009-06-12 13:05:00,0.0,36.4,72.8,Low Value
14718.0,226.42,1,202,,,,226.42,226.42,Low Value
14721.0,115.77,1,59,,,,115.77,115.77,Low Value
14722.0,325.45,2,102,2010-10-08 13:28:00,2010-10-08 13:28:00,0.0,162.725,325.45,Medium Value
14723.0,934.76,7,613,2009-04-12 11:22:00,2010-10-10 16:08:00,546.0,133.53714285714287,934.76,High Value
14724.0,345.25,1,187,,,,345.25,345.25,Medium Value
14725.0,546.76,4,723,2010-10-11 11:47:00,2010-10-11 11:55:00,0.0,136.69,546.76,Medium Value
14726.0,124.75,1,91,,,,124.75,124.75,Low Value
14727.0,22.55,3,14,2010-11-06 13:23:00,2010-11-06 13:34:00,0.0,7.516666666666667,22.55,Low Value
14728.0,190.58,1,68,,,,190.58,190.58,Low Value
14729.0,593.89,3,377,2010-01-12 12:43:00,2010-01-12 12:43:00,0.0,197.96333333333334,593.89,Medium Value
14732.0,2761.1800000000003,14,857,2009-09-12 10:48:00,2010-12-11 16:42:00,455.0,197.22714285714287,2761.1800000000003,VIP
14733.0,6599.06,4,2727,2010-02-11 15:42:00,2010-07-12 11:30:00,150.0,1649.765,6599.06,VIP
14734.0,1045.47,5,377,2010-03-08 09:04:00,2010-10-10 12:04:00,216.0,209.094,1045.47,High Value
14735.0,6102.02,25,2238,2009-04-12 11:32:00,2010-12-11 12:10:00,608.0,244.0808,6102.02,VIP
14736.0,401.08,2,164,2010-11-08 15:13:00,2010-11-08 15:21:00,0.0,200.54,401.08,Medium Value
14737.0,2389.62,1,726,2010-04-11 11:29:00,2010-04-11 11:29:00,0.0,2389.62,2389.62,VIP
14738.0,473.7,3,151,2009-07-12 10:21:00,2009-07-12 10:21:00,0.0,157.9,473.7,Medium Value
14739.0,8370.47,21,6347,2009-02-12 13:23:00,2010-12-10 09:58:00,665.0,398.5938095238095,8370.47,VIP
14740.0,2645.65,9,1330,2010-01-06 16:51:00,2010-08-09 10:54:00,214.0,293.9611111111111,2645.65,VIP
14741.0,497.25,2,279,2010-02-12 08:43:00,2010-02-12 08:43:00,0.0,248.625,497.25,Medium Value
14742.0,579.85,1,374,,,,579.85,579.85,Medium Value
14743.0,50.48,1,40,,,,50.48,50.48,Low Value
14744.0,2732.49,9,1919,2010-06-10 09:56:00,2010-08-12 10:21:00,63.0,303.60999999999996,2732.49,VIP
14745.0,1324.3,11,933,2010-06-05 14:45:00,2010-12-03 10:33:00,180.0,120.39090909090909,1324.3,High Value
14746.0,593.5,4,398,2010-12-10 11:06:00,2010-12-10 11:06:00,0.0,148.375,593.5,Medium Value
14748.0,1360.46,12,1128,2009-01-12 11:56:00,2010-12-04 08:58:00,690.0,113.37166666666667,1360.46,High Value
14749.0,310.15,1,403,,,,310.15,310.15,Medium Value
14750.0,112.03,1,65,2009-03-12 17:57:00,2009-03-12 17:57:00,0.0,112.03,112.03,Low Value
14751.0,126.45,2,65,,,,63.225,126.45,Low Value
14753.0,306.36,1,201,2010-05-09 11:04:00,2010-05-09 11:04:00,0.0,306.36,306.36,Medium Value
14754.0,908.23,5,523,2010-10-10 10:22:00,2010-10-10 10:22:00,0.0,181.64600000000002,908.23,High Value
14755.0,4886.07,18,2149,2009-03-12 16:51:00,2010-07-05 15:26:00,479.0,271.4483333333333,4886.07,VIP
14756.0,1874.5,3,1003,2010-11-10 11:50:00,2010-11-10 11:50:00,0.0,624.8333333333334,1874.5,VIP
14758.0,1380.9099999999999,3,421,2010-08-04 08:27:00,2010-08-11 09:42:00,7.0,460.3033333333333,1380.9099999999999,High Value
14761.0,192.02,1,88,,,,192.02,192.02,Low Value
14762.0,117.05000000000001,1,87,,,,117.05000000000001,117.05000000000001,Low Value
14763.0,-9.95,1,-1,2009-07-12 17:59:00,2009-07-12 17:59:00,0.0,-9.95,-9.95,Low Value
14766.0,4008.91,9,2678,2010-02-12 10:46:00,2010-09-12 14:45:00,212.0,445.4344444444444,4008.91,VIP
14767.0,382.81,1,117,,,,382.81,382.81,Medium Value
14769.0,5055.07,11,3796,2010-03-11 12:31:00,2010-08-10 10:23:00,151.0,459.55181818181813,5055.07,VIP
14770.0,2748.4700000000003,7,1107,2010-07-04 13:07:00,2010-07-07 12:13:00,2.0,392.6385714285715,2748.4700000000003,VIP
14771.0,579.92,3,608,2009-03-12 09:44:00,2009-03-12 09:44:00,0.0,193.30666666666664,579.92,Medium Value
14773.0,125.7,2,50,,,,62.85,125.7,Low Value
14774.0,241.45,1,99,,,,241.45,241.45,Low Value
14775.0,406.56,1,384,2010-02-12 16:38:00,2010-02-12 16:38:00,0.0,406.56,406.56,Medium Value
14776.0,1143.44,6,1516,2010-05-10 14:14:00,2010-05-10 19:25:00,0.0,190.57333333333335,1143.44,High Value
14777.0,256.71,2,209,2010-01-11 12:50:00,2010-04-11 14:07:00,90.0,128.355,256.71,Low Value
14781.0,-530.31,1,-1,,,,-530.31,-530.31,Low Value
14783.0,305.35,2,261,,,,152.675,305.35,Medium Value
14784.0,159.94,1,126,,,,159.94,159.94,Low Value
14786.0,90.96,1,112,2010-07-06 13:42:00,2010-07-06 13:42:00,0.0,90.96,90.96,Low Value
14787.0,110.65,1,59,,,,110.65,110.65,Low Value
14788.0,476.88,1,298,,,,476.88,476.88,Medium Value
14790.0,1781.56,6,1943,2009-11-12 14:37:00,2010-01-04 16:13:00,53.0,296.9266666666667,1781.56,VIP
14791.0,303.63,1,127,2010-12-04 10:24:00,2010-12-04 10:24:00,0.0,303.63,303.63,Medium Value
14793.0,396.91,1,270,,,,396.91,396.91,Medium Value
14794.0,617.04,4,109,2010-02-11 09:06:00,2010-11-11 19:20:00,273.0,154.26,617.04,Medium Value
14796.0,2851.61,14,1623,2010-01-04 10:54:00,2010-11-11 10:25:00,310.0,203.6864285714286,2851.61,VIP
14797.0,300.31,1,99,,,,300.31,300.31,Medium Value
14798.0,541.37,6,449,2010-01-03 08:38:00,2010-08-04 08:31:00,212.0,90.22833333333334,541.37,Medium Value
14799.0,180.45,1,349,2009-02-12 11:18:00,2009-02-12 11:18:00,0.0,180.45,180.45,Low Value
14800.0,3179.25,8,3210,2010-05-12 11:10:00,2010-05-12 11:10:00,0.0,397.40625,3179.25,VIP
14802.0,-1502.98,6,-2,2010-05-10 14:46:00,2010-05-10 14:49:00,0.0,-250.49666666666667,-1502.98,Low Value
14805.0,549.99,3,306,2010-11-07 12:59:00,2010-11-07 12:59:00,0.0,183.33,549.99,Medium Value
14806.0,110.03999999999999,1,93,,,,110.03999999999999,110.03999999999999,Low Value
14807.0,519.29,2,247,,,,259.645,519.29,Medium Value
14809.0,686.76,2,232,,,,343.38,686.76,High Value
14810.0,449.14,3,231,2010-05-12 12:08:00,2010-06-10 13:12:00,29.0,149.71333333333334,449.14,Medium Value
14811.0,170.5,1,74,,,,170.5,170.5,Low Value
14812.0,185.8,1,136,,,,185.8,185.8,Low Value
14813.0,935.44,4,407,2010-05-12 11:54:00,2010-08-04 11:49:00,83.0,233.86,935.44,High Value
14814.0,160.46,1,96,2010-07-05 14:10:00,2010-07-05 14:10:00,0.0,160.46,160.46,Low Value
14817.0,2778.87,7,1790,2009-08-12 18:52:00,2010-09-11 12:15:00,394.0,396.9814285714286,2778.87,VIP
14818.0,512.61,3,222,2010-02-03 12:48:00,2010-07-09 14:16:00,156.0,170.87,512.61,Medium Value
14819.0,198.09,2,64,2010-02-08 17:19:00,2010-02-08 17:19:00,0.0,99.045,198.09,Low Value
14820.0,767.47,5,471,2010-10-10 13:06:00,2010-12-11 13:13:00,62.0,153.494,767.47,High Value
14821.0,1237.65,7,465,2010-01-02 13:33:00,2010-08-12 08:43:00,221.0,176.80714285714288,1237.65,High Value
14822.0,157.70000000000002,1,94,2010-11-08 12:52:00,2010-11-08 12:52:00,0.0,157.70000000000002,157.70000000000002,Low Value
14824.0,2824.8,8,1409,2010-07-05 12:49:00,2010-12-03 13:07:00,151.0,353.1,2824.8,VIP
14825.0,2659.37,16,1850,2010-05-10 13:47:00,2010-11-05 10:12:00,178.0,166.210625,2659.37,VIP
14826.0,385.2,2,152,2010-07-05 09:00:00,2010-07-05 09:00:00,0.0,192.6,385.2,Medium Value
14827.0,0.0,1,5,2010-12-02 15:47:00,2010-12-02 15:47:00,0.0,0.0,0.0,Low Value
14828.0,7663.7,11,7498,2009-07-12 11:19:00,2010-10-03 10:54:00,447.0,696.6999999999999,7663.7,VIP
14829.0,995.29,4,695,2010-02-12 16:12:00,2010-02-12 16:12:00,0.0,248.8225,995.29,High Value
14831.0,1623.97,7,877,2009-02-12 09:21:00,2010-02-03 17:20:00,356.0,231.99571428571429,1623.97,High Value
14832.0,-274.63,3,-1,,,,-91.54333333333334,-274.63,Low Value
14833.0,94.8,1,58,,,,94.8,94.8,Low Value
14834.0,485.86,1,138,,,,485.86,485.86,Medium Value
14835.0,293.09999999999997,3,178,2010-01-04 19:34:00,2010-01-04 19:34:00,0.0,97.69999999999999,293.09999999999997,Medium Value
14837.0,1804.6200000000001,7,1592,2010-06-05 19:27:00,2010-08-08 14:41:00,63.0,257.80285714285714,1804.6200000000001,VIP
14838.0,773.6700000000001,2,362,2009-03-12 09:52:00,2010-12-10 15:46:00,638.0,386.83500000000004,773.6700000000001,High Value
14839.0,915.28,3,927,2010-04-01 16:29:00,2010-09-05 12:03:00,156.0,305.0933333333333,915.28,High Value
14840.0,277.36,2,142,,,,138.68,277.36,Low Value
14841.0,3867.2400000000002,8,2386,2009-02-12 16:49:00,2010-09-11 15:11:00,575.0,483.40500000000003,3867.2400000000002,VIP
14843.0,211.79999999999998,1,132,,,,211.79999999999998,211.79999999999998,Low Value
14844.0,3498.62,8,2532,2010-02-08 10:30:00,2010-12-08 15:17:00,303.0,437.3275,3498.62,VIP
14845.0,150.0,1,600,,,,150.0,150.0,Low Value
14846.0,406.79999999999995,2,181,2010-08-10 17:07:00,2010-12-10 15:30:00,121.0,203.39999999999998,406.79999999999995,Medium Value
14847.0,1011.2,3,409,2010-04-11 17:16:00,2010-04-11 17:16:00,0.0,337.06666666666666,1011.2,High Value
14848.0,310.56,1,260,,,,310.56,310.56,Medium Value
14849.0,7638.16,25,6219,2010-01-07 14:28:00,2010-10-01 11:40:00,266.0,305.52639999999997,7638.16,VIP
14850.0,1297.06,8,1099,2010-07-12 08:42:00,2010-07-12 08:42:00,0.0,162.1325,1297.06,High Value
14851.0,318.06,1,306,,,,318.06,318.06,Medium Value
14852.0,3286.94,15,2619,2010-05-03 14:51:00,2010-11-10 14:46:00,190.0,219.12933333333334,3286.94,VIP
14853.0,888.3199999999999,4,262,2010-12-10 17:17:00,2010-12-10 17:17:00,0.0,222.07999999999998,888.3199999999999,High Value
14854.0,1552.28,6,1164,2010-12-05 12:17:00,2010-12-05 12:17:00,0.0,258.7133333333333,1552.28,High Value
14855.0,5874.65,5,3243,2010-08-04 10:30:00,2010-08-04 10:30:00,0.0,1174.9299999999998,5874.65,VIP
14857.0,2413.281,7,1610,2010-01-06 09:42:00,2010-01-06 09:42:00,0.0,344.75442857142855,2413.281,VIP
14858.0,180.75,1,105,,,,180.75,180.75,Low Value
14859.0,351.9,1,217,2010-03-06 10:26:00,2010-03-06 10:26:00,0.0,351.9,351.9,Medium Value
14861.0,1192.61,13,937,2009-08-12 12:12:00,2010-12-01 13:39:00,476.0,91.73923076923076,1192.61,High Value
14864.0,-48.75,1,-17,2009-08-12 17:07:00,2009-08-12 17:07:00,0.0,-48.75,-48.75,Low Value
14865.0,77.52000000000001,3,192,2009-01-12 16:05:00,2010-02-12 18:23:00,396.0,25.840000000000003,77.52000000000001,Low Value
14866.0,6460.32,8,2481,2010-08-10 12:26:00,2010-08-12 14:58:00,2.0,807.54,6460.32,VIP
14867.0,2200.13,16,665,2009-05-12 15:47:00,2010-12-01 09:48:00,567.0,137.508125,2200.13,VIP
14868.0,1230.42,4,825,2010-11-11 12:38:00,2010-11-11 12:38:00,0.0,307.605,1230.42,High Value
14869.0,2054.85,6,1577,,,,342.47499999999997,2054.85,VIP
14870.0,1467.3500000000001,8,359,2010-01-03 11:04:00,2010-04-11 11:13:00,98.0,183.41875000000002,1467.3500000000001,High Value
14871.0,736.59,5,269,2009-01-12 11:57:00,2010-07-06 15:32:00,540.0,147.318,736.59,High Value
14872.0,802.6800000000001,4,614,2010-04-05 09:45:00,2010-04-05 09:45:00,0.0,200.67000000000002,802.6800000000001,High Value
14873.0,334.45,1,143,,,,334.45,334.45,Medium Value
14874.0,116.18,1,148,,,,116.18,116.18,Low Value
14875.0,1392.83,2,773,,,,696.415,1392.83,High Value
14876.0,256.7,2,162,2010-06-07 14:57:00,2010-06-07 14:57:00,0.0,128.35,256.7,Low Value
14877.0,437.0,2,171,2010-07-03 12:25:00,2010-07-03 12:25:00,0.0,218.5,437.0,Medium Value
14878.0,2326.68,19,1377,2010-01-08 12:48:00,2010-11-03 14:03:00,299.0,122.45684210526315,2326.68,VIP
14879.0,185.06,1,104,,,,185.06,185.06,Low Value
14882.0,2836.8500000000004,13,1290,2010-05-11 10:15:00,2010-12-07 16:08:00,210.0,218.2192307692308,2836.8500000000004,VIP
14884.0,120.6,1,72,2010-08-02 12:56:00,2010-08-02 12:56:00,0.0,120.6,120.6,Low Value
14885.0,730.8,3,560,2010-08-10 12:08:00,2010-08-10 14:22:00,0.0,243.6,730.8,High Value
14890.0,691.6,2,585,,,,345.8,691.6,High Value
14891.0,552.35,2,283,,,,276.175,552.35,Medium Value
14892.0,202.35000000000002,1,79,,,,202.35000000000002,202.35000000000002,Low Value
14893.0,544.41,4,235,2010-01-04 09:03:00,2010-01-04 09:03:00,0.0,136.1025,544.41,Medium Value
14894.0,756.46,4,326,2009-02-12 10:42:00,2009-02-12 10:42:00,0.0,189.115,756.46,High Value
14895.0,13468.56,24,5822,2009-03-12 10:58:00,2010-07-06 12:03:00,481.0,561.1899999999999,13468.56,VIP
14896.0,1504.7,9,821,2009-06-12 12:42:00,2010-09-12 12:24:00,456.0,167.1888888888889,1504.7,High Value
14897.0,1734.3600000000001,5,690,2010-02-11 12:10:00,2010-02-11 12:10:00,0.0,346.872,1734.3600000000001,VIP
14898.0,2128.54,12,1214,2009-03-12 16:40:00,2010-12-09 13:49:00,636.0,177.37833333333333,2128.54,VIP
14899.0,1384.88,1,586,2010-09-11 15:20:00,2010-09-11 15:20:00,0.0,1384.88,1384.88,High Value
14900.0,13.919999999999998,1,48,2010-05-07 15:09:00,2010-05-07 15:09:00,0.0,13.919999999999998,13.919999999999998,Low Value
14901.0,862.06,6,390,2010-01-09 11:43:00,2010-08-12 10:46:00,214.0,143.67666666666665,862.06,High Value
14902.0,686.16,3,494,2010-04-06 12:35:00,2010-09-11 10:29:00,157.0,228.72,686.16,High Value
14904.0,615.2,2,564,2010-08-10 12:48:00,2010-08-10 12:48:00,0.0,307.6,615.2,Medium Value
14905.0,1339.79,7,713,2009-03-12 14:36:00,2010-12-04 14:53:00,632.0,191.39857142857142,1339.79,High Value
14906.0,-66.98,3,-1,,,,-22.326666666666668,-66.98,Low Value
14907.0,2615.84,14,1097,2009-08-12 18:35:00,2010-12-10 12:20:00,484.0,186.8457142857143,2615.84,VIP
14908.0,104.10000000000001,1,50,2010-02-09 16:39:00,2010-02-09 16:39:00,0.0,104.10000000000001,104.10000000000001,Low Value
14909.0,1380.98,5,886,2010-07-10 16:47:00,2010-07-10 16:47:00,0.0,276.196,1380.98,High Value
14911.0,137675.91,270,66561,2009-01-12 11:41:00,2010-12-11 13:18:00,698.0,509.9107777777778,137675.91,VIP
14912.0,-92.94000000000011,8,833,2010-01-10 09:33:00,2010-03-11 11:50:00,60.0,-11.617500000000014,-92.94000000000011,Low Value
14913.0,2845.7,4,2212,2010-11-08 08:40:00,2010-11-08 08:40:00,0.0,711.425,2845.7,VIP
14914.0,-5.85,1,-3,,,,-5.85,-5.85,Low Value
14915.0,1493.8200000000002,10,594,2009-03-12 10:17:00,2010-12-11 15:16:00,639.0,149.382,1493.8200000000002,High Value
14916.0,1623.3700000000001,6,1247,2010-01-04 10:57:00,2010-09-05 11:39:00,244.0,270.56166666666667,1623.3700000000001,High Value
14917.0,1123.75,2,891,,,,561.875,1123.75,High Value
14918.0,4345.66,7,1876,2010-05-07 15:42:00,2010-10-06 14:37:00,151.0,620.8085714285714,4345.66,VIP
14919.0,359.35,1,129,,,,359.35,359.35,Medium Value
14920.0,629.4,1,377,,,,629.4,629.4,Medium Value
14922.0,843.74,2,376,2010-11-11 11:14:00,2010-11-11 11:14:00,0.0,421.87,843.74,High Value
14924.0,620.96,2,248,2010-08-04 15:40:00,2010-10-03 12:51:00,59.0,310.48,620.96,Medium Value
14925.0,-7.95,1,-1,2009-08-12 13:44:00,2009-08-12 13:44:00,0.0,-7.95,-7.95,Low Value
14926.0,337.65,3,189,,,,112.55,337.65,Medium Value
14927.0,308.2,1,196,2010-08-11 12:30:00,2010-08-11 12:30:00,0.0,308.2,308.2,Medium Value
14928.0,204.46,2,263,,,,102.23,204.46,Low Value
14929.0,612.8100000000001,1,351,,,,612.8100000000001,612.8100000000001,Medium Value
14930.0,2763.78,6,1026,2010-03-06 19:22:00,2010-12-04 11:22:00,272.0,460.63000000000005,2763.78,VIP
14932.0,666.13,2,257,2010-09-12 11:48:00,2010-09-12 11:48:00,0.0,333.065,666.13,High Value
14933.0,885.0,5,300,,,,177.0,885.0,High Value
14934.0,555.26,6,405,2010-01-11 11:45:00,2010-02-11 10:40:00,30.0,92.54333333333334,555.26,Medium Value
14935.0,1065.12,1,996,,,,1065.12,1065.12,High Value
14936.0,4261.04,5,2188,2010-05-05 12:26:00,2010-05-05 12:31:00,0.0,852.208,4261.04,VIP
14938.0,2289.43,4,1361,,,,572.3575,2289.43,VIP
14939.0,-934.66,1,-1,,,,-934.66,-934.66,Low Value
14940.0,531.49,2,384,2009-06-12 15:46:00,2009-06-12 15:46:00,0.0,265.745,531.49,Medium Value
14941.0,182.1,1,80,2010-10-05 11:30:00,2010-10-05 11:30:00,0.0,182.1,182.1,Low Value
14942.0,706.56,5,353,2009-10-12 10:00:00,2010-11-03 12:31:00,387.0,141.31199999999998,706.56,High Value
14943.0,107.62,1,46,,,,107.62,107.62,Low Value
14944.0,3831.97,10,2032,2010-02-03 16:12:00,2010-02-03 16:12:00,0.0,383.197,3831.97,VIP
14945.0,179.4,1,156,,,,179.4,179.4,Low Value
14947.0,758.97,4,237,,,,189.7425,758.97,High Value
14949.0,498.55,6,243,2010-01-03 09:24:00,2010-06-09 12:16:00,157.0,83.09166666666667,498.55,Medium Value
14952.0,9331.46,29,3544,2009-03-12 15:34:00,2010-08-12 11:33:00,517.0,321.77448275862065,9331.46,VIP
14953.0,715.55,4,783,,,,178.8875,715.55,High Value
14954.0,167.27,1,92,2010-05-01 16:38:00,2010-05-01 16:38:00,0.0,167.27,167.27,Low Value
14955.0,163.77,1,74,2009-07-12 11:35:00,2009-07-12 11:35:00,0.0,163.77,163.77,Low Value
14956.0,1325.0,1,2500,,,,1325.0,1325.0,High Value
14957.0,274.8,1,71,2010-05-03 10:50:00,2010-05-03 10:50:00,0.0,274.8,274.8,Low Value
14958.0,458.26,3,120,2009-03-12 16:02:00,2009-03-12 16:02:00,0.0,152.75333333333333,458.26,Medium Value
14961.0,9322.32,16,4643,2009-04-12 11:32:00,2010-09-04 10:17:00,509.0,582.645,9322.32,VIP
14962.0,240.21000000000004,3,79,2010-04-05 14:57:00,2010-04-05 14:57:00,0.0,80.07000000000001,240.21000000000004,Low Value
14963.0,1670.83,8,1138,2010-02-07 12:43:00,2010-10-11 13:13:00,246.0,208.85375,1670.83,VIP
14966.0,924.5200000000001,5,911,2010-02-11 12:37:00,2010-02-11 12:46:00,0.0,184.90400000000002,924.5200000000001,High Value
14967.0,1216.72,6,511,2009-03-12 14:07:00,2009-03-12 14:07:00,0.0,202.78666666666666,1216.72,High Value
14968.0,357.4,1,131,2010-07-09 13:28:00,2010-07-09 13:28:00,0.0,357.4,357.4,Medium Value
14969.0,906.23,1,665,2010-05-01 12:43:00,2010-05-01 12:43:00,0.0,906.23,906.23,High Value
14970.0,2001.34,12,513,2010-03-06 10:51:00,2010-03-06 10:51:00,0.0,166.77833333333334,2001.34,VIP
14972.0,30.300000000000004,1,12,,,,30.300000000000004,30.300000000000004,Low Value
14975.0,192.45,1,127,,,,192.45,192.45,Low Value
14977.0,31.929999999999996,1,17,,,,31.929999999999996,31.929999999999996,Low Value
14978.0,1174.92,7,211,2010-05-10 13:52:00,2010-05-10 13:54:00,0.0,167.8457142857143,1174.92,High Value
14979.0,439.46,1,213,2009-04-12 12:54:00,2009-04-12 12:54:00,0.0,439.46,439.46,Medium Value
14980.0,150.68,1,79,2009-02-12 14:09:00,2009-02-12 14:09:00,0.0,150.68,150.68,Low Value
14981.0,211.39999999999998,2,132,2010-11-11 17:56:00,2010-12-10 11:04:00,28.0,105.69999999999999,211.39999999999998,Low Value
14982.0,237.78,1,125,,,,237.78,237.78,Low Value
14983.0,183.20000000000002,1,90,,,,183.20000000000002,183.20000000000002,Low Value
14984.0,1058.1399999999999,4,290,2010-06-06 10:55:00,2010-11-01 13:22:00,148.0,264.53499999999997,1058.1399999999999,High Value
14986.0,566.9,2,342,,,,283.45,566.9,Medium Value
14987.0,1305.85,8,511,2009-02-12 14:56:00,2010-09-12 12:13:00,576.0,163.23125,1305.85,High Value
14988.0,1732.06,6,1135,2010-03-11 13:18:00,2010-11-11 12:01:00,244.0,288.6766666666667,1732.06,VIP
14989.0,342.4,1,200,,,,342.4,342.4,Medium Value
14990.0,305.42,2,130,2009-09-12 13:31:00,2010-06-04 13:54:00,265.0,152.71,305.42,Medium Value
14991.0,314.67,1,191,2010-05-10 13:01:00,2010-05-10 13:01:00,0.0,314.67,314.67,Medium Value
14992.0,210.5,1,145,,,,210.5,210.5,Low Value
14993.0,36.13,1,21,,,,36.13,36.13,Low Value
14994.0,886.33,8,489,2010-12-11 11:30:00,2010-12-11 11:30:00,0.0,110.79125,886.33,High Value
14996.0,442.28999999999996,2,404,,,,221.14499999999998,442.28999999999996,Medium Value
14997.0,230.4,1,288,,,,230.4,230.4,Low Value
14998.0,340.86,2,97,2010-07-10 18:48:00,2010-07-10 18:48:00,0.0,170.43,340.86,Medium Value
14999.0,129.48000000000002,1,88,,,,129.48000000000002,129.48000000000002,Low Value
15001.0,230.85999999999999,2,81,2010-10-11 13:31:00,2010-10-11 13:51:00,0.0,115.42999999999999,230.85999999999999,Low Value
15002.0,3175.52,6,1656,2010-07-12 13:16:00,2010-12-01 11:40:00,141.0,529.2533333333333,3175.52,VIP
15003.0,1055.7,7,543,2010-02-03 12:20:00,2010-09-02 12:23:00,211.0,150.81428571428572,1055.7,High Value
15005.0,7582.78,42,4548,2009-01-12 13:20:00,2010-11-08 13:38:00,665.0,180.54238095238094,7582.78,VIP
15006.0,323.05,1,114,2010-12-09 13:03:00,2010-12-09 13:03:00,0.0,323.05,323.05,Medium Value
15008.0,360.0,2,1500,2010-12-03 11:13:00,2010-12-03 11:13:00,0.0,180.0,360.0,Medium Value
15011.0,416.6,2,289,2010-09-11 11:10:00,2010-09-11 11:10:00,0.0,208.3,416.6,Medium Value
15012.0,437.58,2,248,2010-01-12 12:49:00,2010-12-05 11:49:00,326.0,218.79,437.58,Medium Value
15013.0,1641.3,10,1747,2010-01-07 14:11:00,2010-09-08 12:05:00,243.0,164.13,1641.3,High Value
15015.0,2275.82,20,1563,2010-01-07 19:16:00,2010-11-04 11:17:00,300.0,113.79100000000001,2275.82,VIP
15016.0,452.26,5,168,2010-11-11 15:28:00,2010-11-11 16:30:00,0.0,90.452,452.26,Medium Value
15018.0,111.25,1,21,2010-07-12 10:47:00,2010-07-12 10:47:00,0.0,111.25,111.25,Low Value
15020.0,203.42,1,112,,,,203.42,203.42,Low Value
15021.0,817.3100000000001,7,350,2010-07-12 08:57:00,2010-12-11 13:05:00,152.0,116.75857142857144,817.3100000000001,High Value
15022.0,281.05,1,113,,,,281.05,281.05,Low Value
15023.0,5329.03,12,2174,2010-01-04 13:54:00,2010-05-12 13:49:00,127.0,444.0858333333333,5329.03,VIP
15024.0,2414.18,8,1281,2010-07-12 13:20:00,2010-12-11 14:28:00,152.0,301.7725,2414.18,VIP
15025.0,636.08,1,326,,,,636.08,636.08,Medium Value
15026.0,592.61,2,388,,,,296.305,592.61,Medium Value
15027.0,1922.09,7,1641,2010-04-11 15:24:00,2010-09-11 16:53:00,153.0,274.5842857142857,1922.09,VIP
15028.0,530.58,3,337,2010-06-12 12:47:00,2010-10-11 14:32:00,121.0,176.86,530.58,Medium Value
15029.0,362.15,2,233,,,,181.075,362.15,Medium Value
15030.0,1446.38,7,851,2010-04-03 17:10:00,2010-07-10 10:21:00,97.0,206.6257142857143,1446.38,High Value
15031.0,2189.23,12,1035,2009-08-12 13:38:00,2010-10-11 16:14:00,425.0,182.43583333333333,2189.23,VIP
15032.0,8821.55,7,5291,2009-10-12 15:27:00,2010-10-08 12:42:00,360.0,1260.2214285714285,8821.55,VIP
15034.0,4004.79,6,2366,2010-02-07 12:55:00,2010-11-05 13:30:00,271.0,667.465,4004.79,VIP
15037.0,402.51,2,301,,,,201.255,402.51,Medium Value
15038.0,604.37,4,224,2010-05-12 10:54:00,2010-10-10 14:35:00,151.0,151.0925,604.37,Medium Value
15039.0,19956.55,56,8867,2009-10-12 11:39:00,2010-12-10 11:04:00,423.0,356.3669642857143,19956.55,VIP
15040.0,7.49,1,1,,,,7.49,7.49,Low Value
15041.0,113.67,1,93,,,,113.67,113.67,Low Value
15042.0,179.52,1,208,,,,179.52,179.52,Low Value
15043.0,2336.7999999999997,5,731,2010-02-09 15:09:00,2010-05-08 16:33:00,88.0,467.35999999999996,2336.7999999999997,VIP
15044.0,8212.15,25,2473,2010-07-07 11:24:00,2010-12-04 13:01:00,150.0,328.486,8212.15,VIP
15046.0,2519.37,12,1223,2010-02-05 11:56:00,2010-12-10 14:10:00,308.0,209.9475,2519.37,VIP
15048.0,98.7,1,32,2010-06-12 12:15:00,2010-06-12 12:15:00,0.0,98.7,98.7,Low Value
15050.0,2411.7,2,1404,,,,1205.85,2411.7,VIP
15051.0,2528.55,7,2030,2009-01-12 13:29:00,2009-01-12 13:29:00,0.0,361.2214285714286,2528.55,VIP
15055.0,560.07,3,230,,,,186.69000000000003,560.07,Medium Value
15056.0,133.45,1,81,2010-07-07 15:58:00,2010-07-07 15:58:00,0.0,133.45,133.45,Low Value
15057.0,1695.06,4,714,2009-05-12 15:27:00,2009-05-12 15:27:00,0.0,423.765,1695.06,VIP
15058.0,1252.19,6,588,,,,208.69833333333335,1252.19,High Value
15059.0,2101.8,16,996,2009-06-12 10:57:00,2010-08-02 09:29:00,415.0,131.3625,2101.8,VIP
15061.0,82162.74,90,51395,2009-01-12 12:18:00,2010-12-11 14:39:00,698.0,912.9193333333334,82162.74,VIP
15062.0,1597.76,4,1109,2010-01-07 14:49:00,2010-12-10 10:38:00,336.0,399.44,1597.76,High Value
15064.0,1254.41,4,810,2010-04-08 15:02:00,2010-04-08 15:02:00,0.0,313.6025,1254.41,High Value
15065.0,168.73,1,63,,,,168.73,168.73,Low Value
15067.0,2120.37,3,1208,2010-11-04 15:54:00,2010-11-04 15:54:00,0.0,706.79,2120.37,VIP
15068.0,623.49,2,471,,,,311.745,623.49,Medium Value
15070.0,737.0500000000001,3,347,2010-02-12 11:23:00,2010-02-12 11:23:00,0.0,245.68333333333337,737.0500000000001,High Value
15071.0,473.49,2,147,,,,236.745,473.49,Medium Value
15072.0,187.51999999999998,1,164,,,,187.51999999999998,187.51999999999998,Low Value
15073.0,1744.61,5,919,2010-04-11 10:26:00,2010-05-10 17:33:00,29.0,348.92199999999997,1744.61,VIP
15074.0,817.46,2,608,2010-06-10 15:49:00,2010-06-10 15:49:00,0.0,408.73,817.46,High Value
15076.0,544.99,4,293,2010-04-08 13:37:00,2010-12-07 14:17:00,243.0,136.2475,544.99,Medium Value
15077.0,2423.88,4,526,2009-09-12 17:10:00,2010-09-09 18:20:00,362.0,605.97,2423.88,VIP
15078.0,7953.17,28,3837,2009-04-12 12:03:00,2010-12-08 15:38:00,605.0,284.0417857142857,7953.17,VIP
15079.0,2793.09,13,1096,2009-08-12 11:22:00,2010-12-04 08:09:00,478.0,214.85307692307694,2793.09,VIP
15080.0,546.25,2,287,2010-08-10 11:52:00,2010-08-10 11:52:00,0.0,273.125,546.25,Medium Value
15081.0,1460.92,8,616,2010-01-07 10:51:00,2010-07-12 16:20:00,186.0,182.615,1460.92,High Value
15082.0,93.35000000000001,1,43,2010-09-02 10:23:00,2010-09-02 10:23:00,0.0,93.35000000000001,93.35000000000001,Low Value
15084.0,965.2,2,600,2010-04-03 10:45:00,2010-04-03 10:45:00,0.0,482.6,965.2,High Value
15085.0,347.54,1,169,2009-10-12 11:47:00,2009-10-12 11:47:00,0.0,347.54,347.54,Medium Value
15086.0,218.53,2,95,,,,109.265,218.53,Low Value
15091.0,546.15,4,231,2009-01-12 12:18:00,2010-03-02 11:50:00,413.0,136.5375,546.15,Medium Value
15092.0,315.35,2,93,2010-03-09 12:33:00,2010-03-09 12:33:00,0.0,157.675,315.35,Medium Value
15093.0,9247.74,26,7797,2009-08-12 12:46:00,2010-12-01 14:33:00,476.0,355.6823076923077,9247.74,VIP
15094.0,83.0,2,28,2010-02-09 16:55:00,2010-05-03 12:56:00,82.0,41.5,83.0,Low Value
15095.0,1771.04,6,1154,2010-04-08 10:52:00,2010-04-08 10:52:00,0.0,295.17333333333335,1771.04,VIP
15097.0,338.97,4,128,2010-05-05 14:22:00,2010-05-05 14:33:00,0.0,84.7425,338.97,Medium Value
15100.0,1684.3999999999999,11,220,2010-01-12 09:09:00,2010-12-01 16:35:00,323.0,153.12727272727273,1684.3999999999999,VIP
15101.0,993.46,8,416,2010-04-06 14:12:00,2010-12-07 10:46:00,244.0,124.1825,993.46,High Value
15102.0,554.67,2,339,2010-11-06 10:16:00,2010-11-06 10:16:00,0.0,277.335,554.67,Medium Value
15105.0,795.98,2,536,2010-05-10 14:12:00,2010-05-10 14:12:00,0.0,397.99,795.98,High Value
15107.0,608.6,5,185,2010-02-12 13:45:00,2010-02-12 13:45:00,0.0,121.72,608.6,Medium Value
15109.0,498.15000000000003,2,127,2009-04-12 12:33:00,2010-09-05 13:44:00,511.0,249.07500000000002,498.15000000000003,Medium Value
15110.0,509.75,2,91,2010-01-11 10:31:00,2010-11-08 15:49:00,301.0,254.875,509.75,Medium Value
15111.0,1163.39,3,454,2010-02-12 11:45:00,2010-11-10 14:32:00,271.0,387.7966666666667,1163.39,High Value
15112.0,209.4,1,72,2010-07-04 14:17:00,2010-07-04 14:17:00,0.0,209.4,209.4,Low Value
15114.0,639.56,2,436,,,,319.78,639.56,Medium Value
15115.0,187.99,2,87,2009-07-12 11:20:00,2009-07-12 11:20:00,0.0,93.995,187.99,Low Value
15117.0,934.19,3,1145,,,,311.3966666666667,934.19,High Value
15122.0,2849.29,10,1231,2010-04-05 14:12:00,2010-12-04 09:40:00,242.0,284.929,2849.29,VIP
15123.0,2456.86,3,1329,,,,818.9533333333334,2456.86,VIP
15124.0,266.63,2,229,,,,133.315,266.63,Low Value
15125.0,5007.28,13,2144,2010-05-05 08:43:00,2010-06-07 15:17:00,33.0,385.1753846153846,5007.28,VIP
15126.0,449.49,2,273,,,,224.745,449.49,Medium Value
15127.0,304.97,1,213,2010-08-07 10:07:00,2010-08-07 10:07:00,0.0,304.97,304.97,Medium Value
15128.0,312.68,1,240,2010-05-10 16:46:00,2010-05-10 16:46:00,0.0,312.68,312.68,Medium Value
15129.0,3412.78,12,2208,2010-06-05 11:14:00,2010-12-10 16:29:00,188.0,284.39833333333337,3412.78,VIP
15131.0,80.28,1,88,2010-10-11 12:07:00,2010-10-11 12:07:00,0.0,80.28,80.28,Low Value
15133.0,824.48,2,280,2010-07-07 12:31:00,2010-07-07 12:31:00,0.0,412.24,824.48,High Value
15134.0,208.3,2,170,,,,104.15,208.3,Low Value
15135.0,166.63,1,41,2010-01-06 13:33:00,2010-01-06 13:33:00,0.0,166.63,166.63,Low Value
15137.0,747.55,5,507,2009-08-12 18:47:00,2010-07-07 09:41:00,328.0,149.51,747.55,High Value
15138.0,486.59000000000003,2,278,2010-11-11 09:16:00,2010-11-11 09:16:00,0.0,243.29500000000002,486.59000000000003,Medium Value
15140.0,889.44,1,438,,,,889.44,889.44,High Value
15141.0,1378.31,9,1184,2010-08-09 11:33:00,2010-12-08 16:31:00,121.0,153.14555555555555,1378.31,High Value
15142.0,2110.23,6,1789,2010-01-10 15:06:00,2010-12-08 09:17:00,331.0,351.705,2110.23,VIP
15143.0,304.18,1,170,2010-03-10 13:58:00,2010-03-10 13:58:00,0.0,304.18,304.18,Medium Value
15144.0,5476.47,15,2179,2010-05-10 19:51:00,2010-10-05 16:26:00,147.0,365.098,5476.47,VIP
15149.0,1033.81,4,252,2010-11-05 13:51:00,2010-12-05 16:04:00,30.0,258.4525,1033.81,High Value
15150.0,3686.61,3,2525,2010-09-09 17:16:00,2010-09-09 17:19:00,0.0,1228.8700000000001,3686.61,VIP
15151.0,2085.61,2,795,2010-12-10 16:37:00,2010-12-10 16:37:00,0.0,1042.805,2085.61,VIP
15152.0,513.73,2,289,2010-07-01 15:15:00,2010-07-01 15:15:00,0.0,256.865,513.73,Medium Value
15154.0,1091.99,2,245,,,,545.995,1091.99,High Value
15155.0,383.96999999999997,1,192,,,,383.96999999999997,383.96999999999997,Medium Value
15157.0,718.04,2,1074,2009-10-12 14:44:00,2009-10-12 14:44:00,0.0,359.02,718.04,High Value
15158.0,36.25999999999999,2,12,2010-03-11 13:46:00,2010-04-11 13:38:00,30.0,18.129999999999995,36.25999999999999,Low Value
15159.0,3475.7200000000003,4,2071,2010-04-10 09:31:00,2010-09-11 11:11:00,154.0,868.9300000000001,3475.7200000000003,VIP
15160.0,431.11,3,223,2010-04-11 12:24:00,2010-04-11 12:24:00,0.0,143.70333333333335,431.11,Medium Value
15161.0,119.92,1,144,,,,119.92,119.92,Low Value
15162.0,241.5,2,66,2009-08-12 13:14:00,2009-11-12 11:31:00,91.0,120.75,241.5,Low Value
15164.0,1208.97,7,569,2010-03-10 10:50:00,2010-11-07 10:28:00,241.0,172.71,1208.97,High Value
15165.0,487.75,1,160,2010-01-12 14:03:00,2010-01-12 14:03:00,0.0,487.75,487.75,Medium Value
15166.0,167.16,1,140,,,,167.16,167.16,Low Value
15167.0,1496.67,4,805,2010-04-02 14:13:00,2010-04-02 14:13:00,0.0,374.1675,1496.67,High Value
15169.0,569.22,2,356,,,,284.61,569.22,Medium Value
15170.0,81.15,1,33,,,,81.15,81.15,Low Value
15173.0,1399.26,8,828,2010-01-04 12:26:00,2010-09-06 09:40:00,244.0,174.9075,1399.26,High Value
15174.0,345.71,1,237,,,,345.71,345.71,Medium Value
15176.0,985.09,2,447,2010-10-02 10:36:00,2010-10-02 10:36:00,0.0,492.545,985.09,High Value
15177.0,948.93,1,485,2010-10-10 12:48:00,2010-10-10 12:48:00,0.0,948.93,948.93,High Value
15179.0,5240.62,10,3456,2009-03-12 12:27:00,2010-12-11 15:35:00,639.0,524.062,5240.62,VIP
15180.0,816.9300000000001,3,654,2010-07-12 14:57:00,2010-07-12 14:57:00,0.0,272.31,816.9300000000001,High Value
15181.0,268.16999999999996,4,95,2009-08-12 19:02:00,2010-09-12 13:28:00,395.0,67.04249999999999,268.16999999999996,Low Value
15182.0,2319.902,12,921,,,,193.32516666666666,2319.902,VIP
15183.0,637.03,4,295,2010-04-05 11:31:00,2010-10-06 10:43:00,183.0,159.2575,637.03,Medium Value
15184.0,283.19,2,263,,,,141.595,283.19,Low Value
15186.0,991.7900000000001,3,501,2010-12-01 10:14:00,2010-12-05 14:00:00,4.0,330.5966666666667,991.7900000000001,High Value
15188.0,310.43,1,233,,,,310.43,310.43,Medium Value
15189.0,1298.99,5,753,2010-07-09 10:54:00,2010-07-09 10:54:00,0.0,259.798,1298.99,High Value
15190.0,834.4399999999999,1,790,2010-01-10 13:09:00,2010-01-10 13:09:00,0.0,834.4399999999999,834.4399999999999,High Value
15191.0,588.05,3,287,2010-02-09 15:37:00,2010-02-09 15:37:00,0.0,196.01666666666665,588.05,Medium Value
15192.0,937.07,3,726,2010-09-12 14:56:00,2010-09-12 14:56:00,0.0,312.3566666666667,937.07,High Value
15194.0,4666.51,18,3432,2009-03-12 10:37:00,2010-06-12 15:00:00,457.0,259.2505555555556,4666.51,VIP
15196.0,316.25,2,131,2010-03-10 10:50:00,2010-03-10 10:50:00,0.0,158.125,316.25,Medium Value
15197.0,771.4,5,584,2009-11-12 12:56:00,2010-10-11 11:55:00,332.0,154.28,771.4,High Value
15198.0,365.81,4,205,2010-01-04 14:15:00,2010-01-04 14:15:00,0.0,91.4525,365.81,Medium Value
15199.0,1853.7,6,498,2010-01-09 13:57:00,2010-02-08 15:28:00,30.0,308.95,1853.7,VIP
15200.0,549.05,1,195,2010-02-08 09:38:00,2010-02-08 09:38:00,0.0,549.05,549.05,Medium Value
15201.0,598.0600000000001,3,447,2010-07-04 14:50:00,2010-07-04 14:50:00,0.0,199.35333333333335,598.0600000000001,Medium Value
15202.0,-2570.1800000000003,8,-2,,,,-321.27250000000004,-2570.1800000000003,Low Value
15203.0,2572.38,9,2429,2009-08-12 18:06:00,2010-05-03 09:09:00,263.0,285.82,2572.38,VIP
15207.0,653.77,5,398,2010-10-06 17:29:00,2010-10-06 17:29:00,0.0,130.754,653.77,Medium Value
15208.0,100.4,1,40,2010-12-10 12:17:00,2010-12-10 12:17:00,0.0,100.4,100.4,Low Value
15209.0,178.98000000000002,1,94,2009-09-12 17:26:00,2009-09-12 17:26:00,0.0,178.98000000000002,178.98000000000002,Low Value
15210.0,845.01,2,613,,,,422.505,845.01,High Value
15211.0,383.07,1,117,2010-09-12 16:08:00,2010-09-12 16:08:00,0.0,383.07,383.07,Medium Value
15212.0,106.47999999999999,1,48,,,,106.47999999999999,106.47999999999999,Low Value
15215.0,880.47,5,259,2010-04-05 12:59:00,2010-11-11 10:50:00,219.0,176.094,880.47,High Value
15216.0,389.49,1,189,,,,389.49,389.49,Medium Value
15217.0,426.24,1,190,,,,426.24,426.24,Medium Value
15218.0,5699.11,14,3191,2010-02-07 10:23:00,2010-10-09 10:45:00,244.0,407.0792857142857,5699.11,VIP
15219.0,379.7,1,226,2010-01-03 11:33:00,2010-01-03 11:33:00,0.0,379.7,379.7,Medium Value
15221.0,1702.0,7,214,2010-05-12 12:29:00,2010-12-03 10:40:00,204.0,243.14285714285714,1702.0,VIP
15222.0,2830.66,16,3701,2010-01-04 17:15:00,2010-07-01 15:32:00,177.0,176.91625,2830.66,VIP
15223.0,662.2,3,172,2009-05-12 11:19:00,2010-09-04 11:34:00,480.0,220.73333333333335,662.2,High Value
15224.0,526.78,5,273,2010-03-03 10:11:00,2010-03-03 10:11:00,0.0,105.356,526.78,Medium Value
15227.0,1269.0900000000001,4,467,2010-02-09 15:04:00,2010-08-11 13:31:00,182.0,317.27250000000004,1269.0900000000001,High Value
15228.0,2193.56,2,1120,2010-07-10 14:24:00,2010-07-10 14:24:00,0.0,1096.78,2193.56,VIP
15229.0,160.5,1,114,2010-02-05 13:50:00,2010-02-05 13:50:00,0.0,160.5,160.5,Low Value
15231.0,228.35999999999999,2,182,,,,114.17999999999999,228.35999999999999,Low Value
15233.0,59.400000000000006,1,12,2010-03-11 13:36:00,2010-03-11 13:36:00,0.0,59.400000000000006,59.400000000000006,Low Value
15235.0,690.3000000000001,6,411,2010-01-12 17:22:00,2010-05-12 15:02:00,119.0,115.05000000000001,690.3000000000001,High Value
15240.0,2629.43,14,1791,2009-05-12 14:57:00,2010-11-11 18:06:00,548.0,187.81642857142856,2629.43,VIP
15241.0,1293.72,3,1510,2010-05-10 08:50:00,2010-05-10 08:50:00,0.0,431.24,1293.72,High Value
15242.0,302.04,1,196,,,,302.04,302.04,Medium Value
15243.0,610.6,1,358,,,,610.6,610.6,Medium Value
15244.0,218.61,2,65,2010-11-02 14:48:00,2010-11-02 14:48:00,0.0,109.305,218.61,Low Value
15245.0,2095.0,5,1237,2010-02-11 12:58:00,2010-06-07 13:49:00,116.0,419.0,2095.0,VIP
15246.0,266.25,1,112,2010-02-06 11:28:00,2010-02-06 11:28:00,0.0,266.25,266.25,Low Value
15247.0,611.11,3,353,2010-01-09 15:20:00,2010-01-09 15:20:00,0.0,203.70333333333335,611.11,Medium Value
15248.0,1865.03,4,1057,,,,466.2575,1865.03,VIP
15249.0,2489.79,6,1390,2010-02-06 10:31:00,2010-07-06 12:08:00,150.0,414.965,2489.79,VIP
15250.0,60.0,1,48,2010-09-03 07:35:00,2010-09-03 07:35:00,0.0,60.0,60.0,Low Value
15251.0,9768.49,16,5896,2010-01-04 08:45:00,2010-05-02 14:42:00,118.0,610.530625,9768.49,VIP
15252.0,1312.28,5,893,2010-07-04 10:24:00,2010-12-05 11:55:00,154.0,262.456,1312.28,High Value
15253.0,1117.99,6,713,2010-01-11 13:46:00,2010-05-11 15:19:00,120.0,186.33166666666668,1117.99,High Value
15254.0,773.04,3,435,2009-01-12 14:20:00,2010-11-06 10:30:00,662.0,257.68,773.04,High Value
15255.0,2779.92,10,1718,2009-03-12 09:10:00,2010-08-11 15:12:00,517.0,277.992,2779.92,VIP
15256.0,71.95,1,37,,,,71.95,71.95,Low Value
15257.0,368.75,1,25,,,,368.75,368.75,Medium Value
15259.0,1182.3799999999999,4,631,,,,295.59499999999997,1182.3799999999999,High Value
15260.0,7317.61,24,3824,2009-06-12 11:45:00,2010-10-06 16:18:00,481.0,304.9004166666667,7317.61,VIP
15261.0,1253.18,3,536,2010-01-10 11:59:00,2010-01-10 11:59:00,0.0,417.7266666666667,1253.18,High Value
15262.0,239.87,2,145,2010-08-08 15:55:00,2010-08-08 15:55:00,0.0,119.935,239.87,Low Value
15264.0,450.46000000000004,2,176,,,,225.23000000000002,450.46000000000004,Medium Value
15265.0,1839.52,2,958,2009-01-12 17:08:00,2009-01-12 17:08:00,0.0,919.76,1839.52,VIP
15266.0,722.4,5,217,2010-07-01 12:19:00,2010-10-10 13:03:00,101.0,144.48,722.4,High Value
15268.0,941.2500000000001,4,422,,,,235.31250000000003,941.2500000000001,High Value
15269.0,816.56,2,346,,,,408.28,816.56,High Value
15270.0,4895.79,22,2173,2010-03-02 08:14:00,2010-12-04 11:26:00,277.0,222.5359090909091,4895.79,VIP
15271.0,2153.4700000000003,11,1231,2010-05-08 14:57:00,2010-09-12 13:47:00,126.0,195.77,2153.4700000000003,VIP
15272.0,1363.54,4,377,,,,340.885,1363.54,High Value
15273.0,228.96,1,216,,,,228.96,228.96,Low Value
15276.0,495.71999999999997,4,263,2010-01-10 12:24:00,2010-10-11 16:19:00,274.0,123.92999999999999,495.71999999999997,Medium Value
15277.0,220.44,1,168,2010-10-10 16:02:00,2010-10-10 16:02:00,0.0,220.44,220.44,Low Value
15278.0,496.15999999999997,4,458,2010-12-02 14:53:00,2010-12-02 14:54:00,0.0,124.03999999999999,496.15999999999997,Medium Value
15279.0,1264.33,6,549,2010-02-02 10:15:00,2010-09-12 14:58:00,222.0,210.72166666666666,1264.33,High Value
15280.0,293.09999999999997,2,359,2010-08-08 12:21:00,2010-08-08 12:21:00,0.0,146.54999999999998,293.09999999999997,Medium Value
15281.0,6077.67,10,3988,2010-03-11 12:11:00,2010-09-11 15:45:00,184.0,607.767,6077.67,VIP
15282.0,348.59,1,395,,,,348.59,348.59,Medium Value
15283.0,135.43,4,25,2010-09-07 15:46:00,2010-09-08 15:47:00,1.0,33.8575,135.43,Low Value
15284.0,24.75,1,5,,,,24.75,24.75,Low Value
15285.0,94.92,1,120,,,,94.92,94.92,Low Value
15287.0,369.34000000000003,3,577,2009-02-12 12:13:00,2009-02-12 12:13:00,0.0,123.11333333333334,369.34000000000003,Medium Value
15288.0,1576.6100000000001,6,629,2010-03-11 16:26:00,2010-12-02 15:27:00,265.0,262.7683333333334,1576.6100000000001,High Value
15289.0,635.61,3,613,2010-07-09 12:38:00,2010-07-09 12:38:00,0.0,211.87,635.61,Medium Value
15290.0,2551.81,9,2065,2010-01-09 15:32:00,2010-11-11 12:04:00,305.0,283.53444444444443,2551.81,VIP
15291.0,8854.73,34,2594,2009-03-12 11:09:00,2010-12-10 17:57:00,638.0,260.43323529411765,8854.73,VIP
15293.0,247.5,1,178,2010-12-02 11:54:00,2010-12-02 11:54:00,0.0,247.5,247.5,Low Value
15294.0,222.3,2,95,2010-04-11 17:45:00,2010-04-11 17:45:00,0.0,111.15,222.3,Low Value
15295.0,217.23999999999998,1,151,,,,217.23999999999998,217.23999999999998,Low Value
15296.0,6613.62,10,3681,2010-01-09 13:38:00,2010-12-08 15:11:00,333.0,661.362,6613.62,VIP
15298.0,4581.93,16,3142,2009-08-12 17:04:00,2010-12-08 11:50:00,482.0,286.370625,4581.93,VIP
15299.0,3456.5299999999997,7,2503,2009-01-12 12:11:00,2010-12-01 11:34:00,687.0,493.78999999999996,3456.5299999999997,VIP
15301.0,2533.09,6,1515,2010-06-12 12:21:00,2010-06-12 12:21:00,0.0,422.1816666666667,2533.09,VIP
15302.0,291.05,2,101,2009-09-12 13:11:00,2009-09-12 13:11:00,0.0,145.525,291.05,Medium Value
15303.0,604.76,3,262,,,,201.58666666666667,604.76,Medium Value
15304.0,225.15,2,29,2010-06-12 11:42:00,2010-06-12 11:42:00,0.0,112.575,225.15,Low Value
15305.0,93.6,1,40,2010-02-06 13:50:00,2010-02-06 13:50:00,0.0,93.6,93.6,Low Value
15306.0,2306.63,7,2263,2010-05-05 12:30:00,2010-05-05 12:30:00,0.0,329.5185714285714,2306.63,VIP
15309.0,715.53,10,417,2009-04-12 13:01:00,2010-10-03 10:50:00,538.0,71.553,715.53,High Value
15310.0,1634.64,1,1476,,,,1634.64,1634.64,High Value
15311.0,54093.73,158,32007,2009-01-12 11:21:00,2010-12-11 14:24:00,698.0,342.36537974683546,54093.73,VIP
15312.0,1995.39,9,1176,2010-01-11 08:58:00,2010-10-02 13:18:00,264.0,221.71,1995.39,VIP
15314.0,472.67999999999995,3,425,2010-07-10 15:41:00,2010-08-11 16:32:00,32.0,157.55999999999997,472.67999999999995,Medium Value
15317.0,112.05000000000001,2,39,2009-08-12 16:43:00,2009-08-12 16:43:00,0.0,56.025000000000006,112.05000000000001,Low Value
15321.0,3909.92,14,2451,2010-02-03 17:25:00,2010-03-03 15:59:00,27.0,279.28000000000003,3909.92,VIP
15322.0,711.18,1,555,,,,711.18,711.18,High Value
15323.0,320.9,4,139,2010-07-04 15:14:00,2010-07-04 15:14:00,0.0,80.225,320.9,Medium Value
15324.0,140.22000000000003,1,74,2010-07-01 14:37:00,2010-07-01 14:37:00,0.0,140.22000000000003,140.22000000000003,Low Value
15325.0,1434.52,8,1143,2010-02-08 10:26:00,2010-09-11 13:14:00,215.0,179.315,1434.52,High Value
15326.0,1218.1100000000001,9,934,2009-01-12 13:19:00,2010-09-04 15:22:00,600.0,135.34555555555556,1218.1100000000001,High Value
15328.0,107.24,1,88,,,,107.24,107.24,Low Value
15329.0,1737.48,16,679,2010-04-11 11:14:00,2010-09-12 15:43:00,154.0,108.5925,1737.48,VIP
15331.0,755.41,4,697,2010-09-04 14:26:00,2010-09-04 14:26:00,0.0,188.8525,755.41,High Value
15332.0,4892.68,6,2306,2010-04-11 12:17:00,2010-08-12 14:43:00,123.0,815.4466666666667,4892.68,VIP
15336.0,240.5,1,84,2010-03-11 12:39:00,2010-03-11 12:39:00,0.0,240.5,240.5,Low Value
15337.0,344.72,2,192,2010-02-11 10:34:00,2010-02-11 10:34:00,0.0,172.36,344.72,Medium Value
15338.0,283.43,1,150,,,,283.43,283.43,Low Value
15339.0,1076.52,8,686,2010-08-02 13:38:00,2010-08-09 13:46:00,7.0,134.565,1076.52,High Value
15340.0,105.5,1,76,,,,105.5,105.5,Low Value
15341.0,380.5,2,194,,,,190.25,380.5,Medium Value
15346.0,339.23,3,113,2010-04-10 15:11:00,2010-10-10 13:55:00,182.0,113.07666666666667,339.23,Medium Value
15347.0,1132.3,6,536,2010-04-11 15:03:00,2010-08-12 15:25:00,123.0,188.71666666666667,1132.3,High Value
15350.0,547.6,2,272,2010-01-12 13:33:00,2010-01-12 13:33:00,0.0,273.8,547.6,Medium Value
15351.0,1753.04,7,726,2010-03-10 12:18:00,2010-05-12 11:49:00,62.0,250.43428571428572,1753.04,VIP
15352.0,114.95,1,43,2010-09-06 11:28:00,2010-09-06 11:28:00,0.0,114.95,114.95,Low Value
15353.0,2377.03,7,1206,2009-02-12 10:46:00,2010-08-06 14:00:00,540.0,339.5757142857143,2377.03,VIP
15354.0,-94.8,7,-1,,,,-13.542857142857143,-94.8,Low Value
15356.0,698.45,4,342,2010-06-12 14:05:00,2010-06-12 14:05:00,0.0,174.6125,698.45,High Value
15357.0,-36.75,1,-1,,,,-36.75,-36.75,Low Value
15358.0,8602.55,28,8292,2009-07-12 12:19:00,2010-12-10 18:33:00,516.0,307.2339285714285,8602.55,VIP
15359.0,162.6,9,130,2010-03-06 10:42:00,2010-09-02 12:30:00,180.0,18.066666666666666,162.6,Low Value
15361.0,270.15000000000003,3,37,2010-01-07 14:15:00,2010-01-07 14:15:00,0.0,90.05000000000001,270.15000000000003,Low Value
15362.0,613.08,2,368,2009-01-12 09:08:00,2009-01-12 09:08:00,0.0,306.54,613.08,Medium Value
15363.0,678.11,2,383,2010-02-12 12:28:00,2010-04-08 08:41:00,54.0,339.055,678.11,High Value
15365.0,2242.81,6,1047,2010-01-11 10:42:00,2010-12-08 15:00:00,331.0,373.8016666666667,2242.81,VIP
15366.0,1786.57,5,1826,2010-07-06 10:49:00,2010-07-06 10:49:00,0.0,357.31399999999996,1786.57,VIP
15367.0,3138.04,8,1881,2009-10-12 14:20:00,2010-09-04 11:35:00,326.0,392.255,3138.04,VIP
15368.0,275.8,1,176,2010-10-11 15:52:00,2010-10-11 15:52:00,0.0,275.8,275.8,Low Value
15369.0,3305.88,12,1756,2009-08-12 07:43:00,2010-12-07 15:20:00,482.0,275.49,3305.88,VIP
15370.0,1352.96,1,567,,,,1352.96,1352.96,High Value
15371.0,59.400000000000006,1,12,,,,59.400000000000006,59.400000000000006,Low Value
15372.0,3947.02,9,3412,2010-10-09 11:56:00,2010-10-09 11:56:00,0.0,438.5577777777778,3947.02,VIP
15373.0,1005.48,6,269,2010-02-05 11:57:00,2010-06-06 14:41:00,121.0,167.58,1005.48,High Value
15374.0,139.32,1,164,,,,139.32,139.32,Low Value
15375.0,60.959999999999994,1,84,,,,60.959999999999994,60.959999999999994,Low Value
15377.0,1179.95,5,249,2010-02-11 18:25:00,2010-02-11 18:25:00,0.0,235.99,1179.95,High Value
15378.0,246.5,2,130,2010-03-09 11:30:00,2010-03-09 11:30:00,0.0,123.25,246.5,Low Value
15379.0,1174.55,1,695,2010-04-11 11:59:00,2010-04-11 11:59:00,0.0,1174.55,1174.55,High Value
15380.0,1739.8400000000001,8,640,2009-01-12 13:50:00,2010-12-01 09:25:00,687.0,217.48000000000002,1739.8400000000001,VIP
15381.0,1290.77,4,630,2010-05-05 14:35:00,2010-12-10 13:32:00,218.0,322.6925,1290.77,High Value
15382.0,7718.64,12,5127,2009-04-12 14:13:00,2010-07-05 12:09:00,448.0,643.22,7718.64,VIP
15383.0,-10.5,1,-1,,,,-10.5,-10.5,Low Value
15384.0,1378.73,3,1168,2010-02-12 17:27:00,2010-02-12 17:27:00,0.0,459.57666666666665,1378.73,High Value
15385.0,625.2,2,267,2010-12-11 12:28:00,2010-12-11 12:28:00,0.0,312.6,625.2,Medium Value
15387.0,468.65,1,335,2010-04-08 16:05:00,2010-04-08 16:05:00,0.0,468.65,468.65,Medium Value
15389.0,2233.8,4,3540,2010-02-06 15:01:00,2010-04-11 19:23:00,64.0,558.45,2233.8,VIP
15390.0,1216.66,2,894,2010-08-11 15:19:00,2010-08-11 15:19:00,0.0,608.33,1216.66,High Value
15391.0,282.92,2,108,2010-04-05 15:04:00,2010-04-05 15:04:00,0.0,141.46,282.92,Low Value
15392.0,1376.0900000000001,3,867,2010-04-10 12:50:00,2010-08-11 08:58:00,122.0,458.6966666666667,1376.0900000000001,High Value
15393.0,659.48,3,228,,,,219.82666666666668,659.48,High Value
15394.0,3067.86,9,1458,2010-04-10 16:21:00,2010-09-11 12:26:00,153.0,340.87333333333333,3067.86,VIP
15396.0,508.20000000000005,1,156,2010-05-05 09:04:00,2010-05-05 09:04:00,0.0,508.20000000000005,508.20000000000005,Medium Value
15400.0,586.1,3,272,2010-05-08 14:11:00,2010-05-08 14:11:00,0.0,195.36666666666667,586.1,Medium Value
15401.0,216.95000000000002,2,93,,,,108.47500000000001,216.95000000000002,Low Value
15402.0,1189.87,5,1338,,,,237.974,1189.87,High Value
15403.0,170.88,2,492,2009-09-12 12:45:00,2010-05-08 12:21:00,237.0,85.44,170.88,Low Value
15404.0,257.06,1,334,,,,257.06,257.06,Low Value
15405.0,310.74,1,155,2010-12-05 15:56:00,2010-12-05 15:56:00,0.0,310.74,310.74,Medium Value
15406.0,465.15999999999997,2,293,2010-12-09 13:06:00,2010-12-09 13:10:00,0.0,232.57999999999998,465.15999999999997,Medium Value
15409.0,117.2,2,54,2010-07-01 11:52:00,2010-07-01 11:52:00,0.0,58.6,117.2,Low Value
15410.0,1234.88,2,702,,,,617.44,1234.88,High Value
15413.0,-2531.3799999999997,7,2692,2009-01-12 10:18:00,2010-10-01 12:37:00,627.0,-361.62571428571425,-2531.3799999999997,Low Value
15416.0,580.28,4,329,2010-01-02 11:55:00,2010-01-02 11:55:00,0.0,145.07,580.28,Medium Value
15418.0,452.32,2,266,2010-02-05 11:31:00,2010-10-10 13:38:00,247.0,226.16,452.32,Medium Value
15420.0,743.0,6,844,2009-05-12 13:29:00,2010-01-10 15:46:00,243.0,123.83333333333333,743.0,High Value
15421.0,2854.98,6,1427,2009-07-12 15:10:00,2009-07-12 15:10:00,0.0,475.83,2854.98,VIP
15422.0,1517.32,6,671,2010-07-02 11:52:00,2010-12-09 11:38:00,159.0,252.88666666666666,1517.32,High Value
15423.0,175.64,3,92,2010-06-04 11:50:00,2010-07-05 09:21:00,30.0,58.54666666666666,175.64,Low Value
15424.0,214.44,1,319,2010-02-09 17:17:00,2010-02-09 17:17:00,0.0,214.44,214.44,Low Value
15425.0,1944.57,4,1042,2010-04-11 18:13:00,2010-04-11 18:13:00,0.0,486.1425,1944.57,VIP
15426.0,1163.05,6,545,2010-02-05 15:10:00,2010-06-12 14:22:00,126.0,193.84166666666667,1163.05,High Value
15428.0,668.97,3,245,2010-12-03 15:13:00,2010-12-03 15:13:00,0.0,222.99,668.97,High Value
15430.0,903.75,3,301,2010-05-07 09:55:00,2010-05-07 09:55:00,0.0,301.25,903.75,High Value
15431.0,153.24,1,84,,,,153.24,153.24,Low Value
15432.0,130.07,3,25,,,,43.35666666666666,130.07,Low Value
15434.0,1519.63,7,775,,,,217.09,1519.63,High Value
15437.0,193.29000000000002,1,98,2010-09-03 10:45:00,2010-09-03 10:45:00,0.0,193.29000000000002,193.29000000000002,Low Value
15439.0,1269.05,4,572,2010-11-10 13:35:00,2010-11-10 13:35:00,0.0,317.2625,1269.05,High Value
15441.0,1254.21,3,587,2009-09-12 14:55:00,2010-11-10 11:04:00,423.0,418.07,1254.21,High Value
15443.0,1903.98,8,1036,2010-04-07 11:16:00,2010-11-04 14:28:00,211.0,237.9975,1903.98,VIP
15445.0,171.0,1,60,,,,171.0,171.0,Low Value
15446.0,398.85,5,263,2010-04-05 13:44:00,2010-04-05 13:44:00,0.0,79.77000000000001,398.85,Medium Value
15447.0,329.76,5,142,,,,65.952,329.76,Medium Value
15448.0,294.17,1,255,2010-03-02 13:29:00,2010-03-02 13:29:00,0.0,294.17,294.17,Medium Value
15451.0,233.21,2,79,2010-01-10 13:40:00,2010-01-10 13:40:00,0.0,116.605,233.21,Low Value
15452.0,1260.38,3,808,,,,420.1266666666667,1260.38,High Value
15454.0,128.59,1,62,,,,128.59,128.59,Low Value
15455.0,38.25,1,3,,,,38.25,38.25,Low Value
15456.0,1672.05,7,2166,2009-08-12 12:54:00,2010-04-08 13:42:00,239.0,238.8642857142857,1672.05,VIP
15458.0,208.79999999999998,1,144,2010-02-11 19:50:00,2010-02-11 19:50:00,0.0,208.79999999999998,208.79999999999998,Low Value
15459.0,202.82999999999998,2,121,,,,101.41499999999999,202.82999999999998,Low Value
15461.0,391.29999999999995,3,226,2009-01-12 11:35:00,2010-05-09 12:31:00,482.0,130.4333333333333,391.29999999999995,Medium Value
15462.0,502.45,1,323,,,,502.45,502.45,Medium Value
15465.0,5281.13,16,1510,2009-10-12 09:42:00,2010-08-01 14:16:00,293.0,330.070625,5281.13,VIP
15466.0,1236.48,3,698,2009-03-12 12:28:00,2010-12-04 14:48:00,632.0,412.16,1236.48,High Value
15468.0,949.02,2,1240,2010-12-11 09:39:00,2010-12-11 09:39:00,0.0,474.51,949.02,High Value
15469.0,329.90000000000003,2,130,2010-08-10 14:52:00,2010-08-10 14:52:00,0.0,164.95000000000002,329.90000000000003,Medium Value
15470.0,63.419999999999995,1,232,,,,63.419999999999995,63.419999999999995,Low Value
15471.0,847.0799999999999,2,417,2010-07-06 12:17:00,2010-07-06 12:17:00,0.0,423.53999999999996,847.0799999999999,High Value
15473.0,274.8,1,104,,,,274.8,274.8,Low Value
15474.0,163.1,1,56,,,,163.1,163.1,Low Value
15476.0,2180.28,5,1168,2010-12-11 11:33:00,2010-12-11 11:34:00,0.0,436.05600000000004,2180.28,VIP
15477.0,368.4,1,216,,,,368.4,368.4,Medium Value
15478.0,583.56,1,319,,,,583.56,583.56,Medium Value
15479.0,147.4,1,38,2009-06-12 15:08:00,2009-06-12 15:08:00,0.0,147.4,147.4,Low Value
15480.0,2686.75,6,1547,2010-01-02 14:52:00,2010-01-02 15:18:00,0.0,447.7916666666667,2686.75,VIP
15481.0,1993.34,1,1450,2010-03-11 14:52:00,2010-03-11 14:52:00,0.0,1993.34,1993.34,VIP
15482.0,1539.1099999999997,8,1511,2009-02-12 16:59:00,2010-07-03 10:19:00,505.0,192.38874999999996,1539.1099999999997,High Value
15483.0,628.39,6,649,,,,104.73166666666667,628.39,Medium Value
15484.0,1061.69,2,924,2009-05-12 15:18:00,2009-05-12 15:18:00,0.0,530.845,1061.69,High Value
15485.0,3049.51,6,1260,2009-01-12 17:31:00,2010-01-12 13:23:00,364.0,508.2516666666667,3049.51,VIP
15486.0,102.0,1,40,,,,102.0,102.0,Low Value
15487.0,231.32,1,144,,,,231.32,231.32,Low Value
15488.0,340.6,4,178,2010-05-05 13:03:00,2010-09-09 11:59:00,126.0,85.15,340.6,Medium Value
15489.0,1237.3300000000002,8,632,2010-04-11 11:48:00,2010-11-04 11:47:00,206.0,154.66625000000002,1237.3300000000002,High Value
15490.0,188.1,2,75,2010-05-10 13:11:00,2010-05-10 13:14:00,0.0,94.05,188.1,Low Value
15493.0,2313.18,4,700,2010-06-04 11:42:00,2010-06-04 11:42:00,0.0,578.295,2313.18,VIP
15494.0,2471.72,4,1948,2009-10-12 20:16:00,2010-07-07 13:55:00,267.0,617.93,2471.72,VIP
15495.0,246.5,1,194,,,,246.5,246.5,Low Value
15496.0,146.14000000000001,1,98,,,,146.14000000000001,146.14000000000001,Low Value
15497.0,7383.76,8,2310,2010-03-02 09:43:00,2010-11-05 14:00:00,248.0,922.97,7383.76,VIP
15498.0,11464.35,23,6489,2010-01-09 11:22:00,2010-12-11 14:50:00,336.0,498.45,11464.35,VIP
15499.0,161.6,1,60,,,,161.6,161.6,Low Value
15501.0,402.5,2,206,,,,201.25,402.5,Medium Value
15502.0,3132.07,10,1543,2010-03-06 11:12:00,2010-06-12 14:55:00,98.0,313.207,3132.07,VIP
15503.0,120.06,1,62,,,,120.06,120.06,Low Value
15504.0,361.07,4,114,2010-04-03 14:42:00,2010-12-04 12:48:00,244.0,90.2675,361.07,Medium Value
15506.0,1060.77,3,799,,,,353.59,1060.77,High Value
15509.0,166.51,1,72,,,,166.51,166.51,Low Value
15512.0,210.58,2,167,2010-01-02 13:23:00,2010-01-02 13:23:00,0.0,105.29,210.58,Low Value
15513.0,12744.37,21,5070,2010-01-12 11:22:00,2010-12-07 10:43:00,328.0,606.874761904762,12744.37,VIP
15514.0,2459.09,7,2086,2009-04-12 16:37:00,2009-04-12 16:37:00,0.0,351.29857142857145,2459.09,VIP
15515.0,171.81,1,131,,,,171.81,171.81,Low Value
15518.0,2191.89,10,1510,2010-05-05 14:56:00,2010-08-07 13:35:00,93.0,219.189,2191.89,VIP
15519.0,344.61,2,116,,,,172.305,344.61,Medium Value
15521.0,4099.79,11,2676,2010-04-11 18:34:00,2010-12-08 17:48:00,240.0,372.7081818181818,4099.79,VIP
15523.0,16808.03,17,15718,2009-02-12 15:16:00,2010-12-04 16:11:00,660.0,988.7076470588235,16808.03,VIP
15524.0,151.4,1,24,2010-12-04 09:19:00,2010-12-04 09:19:00,0.0,151.4,151.4,Low Value
15525.0,469.78,2,264,2010-01-12 13:17:00,2010-01-12 13:17:00,0.0,234.89,469.78,Medium Value
15527.0,2692.96,21,1107,2010-01-02 12:01:00,2010-12-02 17:16:00,334.0,128.23619047619047,2692.96,VIP
15529.0,1116.72,2,992,2010-08-12 12:24:00,2010-10-11 14:26:00,60.0,558.36,1116.72,High Value
15530.0,311.37,1,390,,,,311.37,311.37,Medium Value
15532.0,2190.9700000000003,6,828,2010-08-06 14:52:00,2010-08-06 14:52:00,0.0,365.1616666666667,2190.9700000000003,VIP
15534.0,162.25,1,63,,,,162.25,162.25,Low Value
15535.0,525.92,4,178,2010-04-11 17:06:00,2010-09-12 15:36:00,153.0,131.48,525.92,Medium Value
15536.0,259.09,1,242,,,,259.09,259.09,Low Value
15538.0,3027.15,11,988,2010-04-03 11:44:00,2010-09-03 15:40:00,153.0,275.19545454545454,3027.15,VIP
15540.0,247.38,1,244,,,,247.38,247.38,Low Value
15542.0,895.9,4,452,2009-02-12 11:53:00,2009-02-12 12:06:00,0.0,223.975,895.9,High Value
15543.0,114.98,1,83,2010-06-09 11:28:00,2010-06-09 11:28:00,0.0,114.98,114.98,Low Value
15544.0,4591.61,16,3901,2010-02-12 12:47:00,2010-12-03 11:24:00,293.0,286.975625,4591.61,VIP
15545.0,135.32999999999998,1,75,2010-03-12 17:28:00,2010-03-12 17:28:00,0.0,135.32999999999998,135.32999999999998,Low Value
15546.0,539.5500000000001,3,99,2010-12-04 11:45:00,2010-12-04 11:55:00,0.0,179.85000000000002,539.5500000000001,Medium Value
15547.0,5186.05,14,3328,2009-06-12 13:40:00,2010-10-10 13:31:00,484.0,370.4321428571429,5186.05,VIP
15548.0,158.09,1,64,,,,158.09,158.09,Low Value
15549.0,652.7,5,242,2010-11-01 13:16:00,2010-11-01 13:16:00,0.0,130.54000000000002,652.7,Medium Value
15550.0,1419.97,10,841,2009-03-12 15:15:00,2010-12-01 15:27:00,629.0,141.997,1419.97,High Value
15551.0,1223.22,8,588,2010-07-06 15:05:00,2010-10-11 14:04:00,96.0,152.9025,1223.22,High Value
15552.0,162.4,1,106,,,,162.4,162.4,Low Value
15555.0,6985.88,28,4322,2009-06-12 11:58:00,2010-11-07 12:45:00,513.0,249.49571428571429,6985.88,VIP
15558.0,143.32999999999998,2,62,2010-10-03 15:25:00,2010-10-03 15:30:00,0.0,71.66499999999999,143.32999999999998,Low Value
15559.0,1109.4,1,526,,,,1109.4,1109.4,High Value
15560.0,153.52,2,72,2010-07-11 10:14:00,2010-07-11 10:15:00,0.0,76.76,153.52,Low Value
15561.0,1133.8,4,1067,2010-10-05 10:29:00,2010-10-05 10:29:00,0.0,283.45,1133.8,High Value
15562.0,538.83,2,522,2010-11-10 10:33:00,2010-11-10 10:33:00,0.0,269.415,538.83,Medium Value
15563.0,1461.52,4,1506,,,,365.38,1461.52,High Value
15564.0,70.74000000000001,2,42,2010-01-02 15:58:00,2010-02-09 15:52:00,37.0,35.370000000000005,70.74000000000001,Low Value
15566.0,227.87,2,153,2010-12-11 12:11:00,2010-12-11 12:11:00,0.0,113.935,227.87,Low Value
15569.0,2210.64,5,1070,,,,442.128,2210.64,VIP
15570.0,5137.02,15,2211,2010-05-12 12:57:00,2010-12-10 15:08:00,212.0,342.468,5137.02,VIP
15571.0,3401.2,10,2242,2009-06-12 12:10:00,2010-07-11 13:47:00,394.0,340.12,3401.2,VIP
15572.0,1515.81,3,919,,,,505.27,1515.81,High Value
15573.0,599.73,3,417,2009-10-12 14:19:00,2009-10-12 14:19:00,0.0,199.91,599.73,Medium Value
15574.0,774.4499999999999,4,500,2010-01-09 14:37:00,2010-02-12 15:46:00,34.0,193.61249999999998,774.4499999999999,High Value
15575.0,30.1,1,6,,,,30.1,30.1,Low Value
15577.0,139.1,2,32,,,,69.55,139.1,Low Value
15579.0,918.65,5,527,2010-03-10 14:37:00,2010-08-10 17:28:00,153.0,183.73,918.65,High Value
15580.0,1221.95,14,906,2010-04-11 12:24:00,2010-10-09 12:07:00,180.0,87.28214285714286,1221.95,High Value
15581.0,2367.81,30,2796,2009-02-12 12:19:00,2010-12-08 16:27:00,664.0,78.92699999999999,2367.81,VIP
15583.0,107.86,1,63,,,,107.86,107.86,Low Value
15584.0,552.39,2,173,2010-05-11 11:34:00,2010-07-02 12:16:00,52.0,276.195,552.39,Medium Value
15586.0,1128.66,4,1302,2010-08-01 10:02:00,2010-08-01 10:02:00,0.0,282.165,1128.66,High Value
15587.0,608.4000000000001,3,216,2010-05-08 08:44:00,2010-12-11 12:07:00,217.0,202.80000000000004,608.4000000000001,Medium Value
15588.0,579.6,1,96,,,,579.6,579.6,Medium Value
15590.0,1496.6,5,832,2010-05-05 08:53:00,2010-12-04 10:09:00,213.0,299.32,1496.6,High Value
15591.0,217.9,3,58,2010-04-02 09:20:00,2010-09-03 10:21:00,154.0,72.63333333333334,217.9,Low Value
15595.0,357.6,1,144,2010-09-08 12:27:00,2010-09-08 12:27:00,0.0,357.6,357.6,Medium Value
15596.0,1680.25,8,805,2010-04-10 12:22:00,2010-12-10 17:59:00,244.0,210.03125,1680.25,VIP
15597.0,238.8,1,114,,,,238.8,238.8,Low Value
15598.0,307.34,1,244,2010-08-10 09:20:00,2010-08-10 09:20:00,0.0,307.34,307.34,Medium Value
15599.0,488.32,1,380,,,,488.32,488.32,Medium Value
15600.0,1178.71,5,651,2010-07-10 14:30:00,2010-07-10 14:30:00,0.0,235.74200000000002,1178.71,High Value
15601.0,8173.860000000001,19,6072,2009-01-12 14:53:00,2010-10-06 13:37:00,631.0,430.2031578947369,8173.860000000001,VIP
15602.0,1892.3400000000001,11,1196,2009-02-12 09:35:00,2010-09-11 09:16:00,575.0,172.0309090909091,1892.3400000000001,VIP
15603.0,26.25,2,21,2010-01-03 16:02:00,2010-01-03 16:02:00,0.0,13.125,26.25,Low Value
15605.0,735.1700000000001,6,267,2010-01-12 13:38:00,2010-03-03 15:52:00,50.0,122.52833333333335,735.1700000000001,High Value
15606.0,2310.83,8,723,2010-01-04 10:29:00,2010-09-09 11:00:00,248.0,288.85375,2310.83,VIP
15607.0,1473.81,12,1232,2010-05-03 13:06:00,2010-08-01 12:16:00,89.0,122.8175,1473.81,High Value
15608.0,692.3,1,548,,,,692.3,692.3,High Value
15611.0,1289.98,17,224,2010-01-09 12:51:00,2010-09-05 13:38:00,239.0,75.88117647058823,1289.98,High Value
15613.0,433.71999999999997,1,700,2010-08-04 12:51:00,2010-08-04 12:51:00,0.0,433.71999999999997,433.71999999999997,Medium Value
15614.0,3008.86,7,1606,2009-01-12 11:48:00,2010-07-10 17:23:00,544.0,429.83714285714285,3008.86,VIP
15615.0,10922.03,27,6562,2009-02-12 15:28:00,2010-10-06 14:49:00,600.0,404.51962962962966,10922.03,VIP
15616.0,317.11,1,137,,,,317.11,317.11,Medium Value
15617.0,828.5500000000001,3,485,2010-08-11 16:07:00,2010-08-11 16:07:00,0.0,276.18333333333334,828.5500000000001,High Value
15620.0,385.53000000000003,2,329,2010-04-11 17:47:00,2010-04-11 17:47:00,0.0,192.76500000000001,385.53000000000003,Medium Value
15622.0,4093.55,14,2409,2010-04-03 10:29:00,2010-11-10 17:05:00,221.0,292.3964285714286,4093.55,VIP
15623.0,2136.02,7,962,2009-10-12 14:46:00,2010-11-11 10:19:00,394.0,305.1457142857143,2136.02,VIP
15625.0,1698.69,6,1827,2010-01-07 17:25:00,2010-01-07 17:25:00,0.0,283.115,1698.69,VIP
15626.0,373.57,2,367,,,,186.785,373.57,Medium Value
15627.0,566.9,2,344,2010-05-07 11:56:00,2010-08-09 14:14:00,94.0,283.45,566.9,Medium Value
15628.0,2737.7200000000003,12,1915,2010-01-07 12:02:00,2010-11-02 09:59:00,298.0,228.14333333333335,2737.7200000000003,VIP
15629.0,2240.9,4,1518,,,,560.225,2240.9,VIP
15630.0,295.05,1,187,2010-05-03 14:30:00,2010-05-03 14:30:00,0.0,295.05,295.05,Medium Value
15631.0,596.67,1,525,2010-07-03 14:52:00,2010-07-03 14:52:00,0.0,596.67,596.67,Medium Value
15633.0,4173.41,18,2024,2009-08-12 17:51:00,2010-12-02 12:59:00,476.0,231.8561111111111,4173.41,VIP
15634.0,311.1,1,128,,,,311.1,311.1,Medium Value
15635.0,100.35,1,5,2010-09-11 08:58:00,2010-09-11 08:58:00,0.0,100.35,100.35,Low Value
15636.0,719.82,2,276,,,,359.91,719.82,High Value
15637.0,574.23,4,523,2010-09-03 10:02:00,2010-09-03 10:02:00,0.0,143.5575,574.23,Medium Value
15638.0,2231.2,8,1130,2010-07-10 11:27:00,2010-08-04 14:37:00,25.0,278.9,2231.2,VIP
15639.0,603.01,4,509,,,,150.7525,603.01,Medium Value
15640.0,11402.07,18,5764,2010-01-08 15:55:00,2010-08-04 09:43:00,207.0,633.4483333333333,11402.07,VIP
15641.0,3458.35,8,2860,2009-06-12 15:31:00,2010-08-11 14:05:00,424.0,432.29375,3458.35,VIP
15642.0,105.78000000000002,1,270,2009-10-12 11:51:00,2009-10-12 11:51:00,0.0,105.78000000000002,105.78000000000002,Low Value
15645.0,430.56,3,134,2010-02-11 11:10:00,2010-10-10 12:51:00,241.0,143.52,430.56,Medium Value
15646.0,526.97,3,657,2010-02-12 16:59:00,2010-10-11 14:37:00,240.0,175.65666666666667,526.97,Medium Value
15647.0,169.0,1,124,,,,169.0,169.0,Low Value
15649.0,1354.35,3,293,2010-07-12 10:06:00,2010-07-12 10:06:00,0.0,451.45,1354.35,High Value
15650.0,539.03,3,207,2010-06-07 10:41:00,2010-12-07 16:02:00,183.0,179.67666666666665,539.03,Medium Value
15651.0,612.76,2,392,,,,306.38,612.76,Medium Value
15652.0,1074.1,5,449,2010-04-10 17:07:00,2010-11-08 16:58:00,211.0,214.82,1074.1,High Value
15658.0,1311.44,6,432,2009-03-12 11:19:00,2010-05-10 19:55:00,424.0,218.57333333333335,1311.44,High Value
15659.0,226.04,2,50,,,,113.02,226.04,Low Value
15660.0,1212.13,7,843,2010-05-02 16:01:00,2010-09-12 09:49:00,132.0,173.1614285714286,1212.13,High Value
15661.0,906.15,6,543,2010-05-10 08:01:00,2010-10-05 07:59:00,147.0,151.025,906.15,High Value
15662.0,283.73,2,145,2009-01-12 13:49:00,2009-01-12 13:49:00,0.0,141.865,283.73,Low Value
15664.0,853.72,5,370,2010-07-05 08:17:00,2010-07-10 17:18:00,5.0,170.744,853.72,High Value
15665.0,1773.11,3,1128,,,,591.0366666666666,1773.11,VIP
15666.0,632.9399999999999,2,469,2010-01-08 15:41:00,2010-01-08 15:41:00,0.0,316.46999999999997,632.9399999999999,Medium Value
15670.0,142.15,2,33,2010-01-06 15:34:00,2010-10-06 16:43:00,273.0,71.075,142.15,Low Value
15672.0,45.300000000000004,1,10,,,,45.300000000000004,45.300000000000004,Low Value
15673.0,3528.82,6,1846,2010-02-03 17:23:00,2010-12-07 15:00:00,306.0,588.1366666666667,3528.82,VIP
15674.0,4473.83,10,2369,2009-08-12 17:08:00,2010-10-05 10:11:00,418.0,447.383,4473.83,VIP
15675.0,218.35,1,97,,,,218.35,218.35,Low Value
15677.0,648.4,2,356,2010-02-09 12:08:00,2010-02-09 12:08:00,0.0,324.2,648.4,Medium Value
15678.0,1541.19,2,883,2010-05-07 12:49:00,2010-09-11 14:38:00,127.0,770.595,1541.19,High Value
15680.0,3130.8,10,2112,2009-02-12 12:15:00,2010-08-12 14:43:00,546.0,313.08000000000004,3130.8,VIP
15681.0,1533.84,10,570,2010-07-06 16:48:00,2010-12-11 11:44:00,157.0,153.384,1533.84,High Value
15682.0,316.99,3,221,,,,105.66333333333334,316.99,Medium Value
15683.0,330.79,1,201,,,,330.79,330.79,Medium Value
15684.0,147.8,6,72,2009-04-12 16:13:00,2010-10-06 18:51:00,542.0,24.633333333333336,147.8,Low Value
15685.0,55.980000000000004,1,36,,,,55.980000000000004,55.980000000000004,Low Value
15686.0,90.0,1,72,,,,90.0,90.0,Low Value
15688.0,190.57,1,95,,,,190.57,190.57,Low Value
15689.0,266.93,1,123,2010-01-04 09:53:00,2010-01-04 09:53:00,0.0,266.93,266.93,Low Value
15691.0,375.0,4,130,2009-06-12 16:01:00,2010-10-11 12:26:00,485.0,93.75,375.0,Medium Value
15693.0,37.5,1,30,,,,37.5,37.5,Low Value
15694.0,4142.86,16,950,2009-07-12 15:43:00,2010-11-11 19:18:00,487.0,258.92875,4142.86,VIP
15695.0,721.06,2,272,,,,360.53,721.06,High Value
15696.0,1113.01,9,361,2010-09-06 15:52:00,2010-12-10 10:24:00,94.0,123.66777777777777,1113.01,High Value
15697.0,246.75,1,127,,,,246.75,246.75,Low Value
15698.0,46.2,1,60,,,,46.2,46.2,Low Value
15702.0,140.39000000000001,2,103,,,,70.19500000000001,140.39000000000001,Low Value
15704.0,1450.56,4,670,2010-03-08 08:36:00,2010-05-05 14:51:00,58.0,362.64,1450.56,High Value
15708.0,994.26,5,403,2010-05-12 10:25:00,2010-11-10 12:47:00,182.0,198.852,994.26,High Value
15709.0,194.6,1,48,,,,194.6,194.6,Low Value
15710.0,898.87,1,641,,,,898.87,898.87,High Value
15711.0,420.25,2,199,2010-01-06 12:14:00,2010-01-06 12:14:00,0.0,210.125,420.25,Medium Value
15712.0,2395.1,8,790,2009-01-12 11:17:00,2010-08-10 14:58:00,575.0,299.3875,2395.1,VIP
15713.0,639.24,4,357,2010-08-12 15:16:00,2010-12-04 11:13:00,113.0,159.81,639.24,Medium Value
15714.0,453.93,3,175,2010-02-06 12:08:00,2010-12-09 14:22:00,306.0,151.31,453.93,Medium Value
15715.0,658.02,5,246,2010-02-06 09:54:00,2010-02-06 09:56:00,0.0,131.60399999999998,658.02,High Value
15716.0,1938.0,8,1077,2009-07-12 12:42:00,2010-12-09 14:19:00,515.0,242.25,1938.0,VIP
15717.0,456.70000000000005,4,154,2010-04-08 11:57:00,2010-04-08 11:57:00,0.0,114.17500000000001,456.70000000000005,Medium Value
15718.0,293.79,1,95,,,,293.79,293.79,Medium Value
15719.0,5090.4,25,2629,2009-01-12 12:47:00,2010-12-08 12:33:00,694.0,203.61599999999999,5090.4,VIP
15720.0,143.19,1,48,2010-07-06 15:40:00,2010-07-06 15:40:00,0.0,143.19,143.19,Low Value
15722.0,2938.84,9,1242,2010-09-03 13:58:00,2010-09-03 15:05:00,0.0,326.5377777777778,2938.84,VIP
15723.0,744.55,3,357,,,,248.1833333333333,744.55,High Value
15724.0,87.5,2,42,2010-04-11 10:22:00,2010-11-11 19:28:00,214.0,43.75,87.5,Low Value
15726.0,321.91,1,123,,,,321.91,321.91,Medium Value
15727.0,4266.55,8,2877,2010-02-11 16:18:00,2010-03-08 13:18:00,24.0,533.31875,4266.55,VIP
15728.0,544.6,2,132,,,,272.3,544.6,Medium Value
15729.0,92.7,3,16,2010-01-11 13:44:00,2010-11-11 11:46:00,303.0,30.900000000000002,92.7,Low Value
15730.0,599.8,3,370,2010-04-10 14:15:00,2010-04-10 14:15:00,0.0,199.9333333333333,599.8,Medium Value
15731.0,125.3,1,122,2010-04-06 10:10:00,2010-04-06 10:10:00,0.0,125.3,125.3,Low Value
15732.0,1343.4,11,1137,2010-02-05 12:31:00,2010-05-05 14:55:00,89.0,122.12727272727274,1343.4,High Value
15734.0,923.85,2,170,2010-10-06 14:25:00,2010-10-06 14:25:00,0.0,461.925,923.85,High Value
15735.0,327.68,1,206,,,,327.68,327.68,Medium Value
15736.0,1717.27,3,1259,2010-05-10 19:59:00,2010-05-10 19:59:00,0.0,572.4233333333333,1717.27,VIP
15738.0,8553.35,28,6297,2009-10-12 15:52:00,2010-12-10 13:03:00,423.0,305.4767857142857,8553.35,VIP
15741.0,208.62,2,70,2010-07-09 16:21:00,2010-07-09 16:21:00,0.0,104.31,208.62,Low Value
15742.0,156.87,1,51,,,,156.87,156.87,Low Value
15747.0,1586.62,7,889,2010-01-08 12:07:00,2010-01-08 12:07:00,0.0,226.66,1586.62,High Value
15748.0,465.45000000000005,2,211,,,,232.72500000000002,465.45000000000005,Medium Value
15750.0,4241.321,18,2786,2009-01-12 16:26:00,2010-11-11 15:29:00,667.0,235.62894444444444,4241.321,VIP
15751.0,1318.84,14,437,2009-06-12 13:08:00,2010-07-03 15:01:00,386.0,94.20285714285714,1318.84,High Value
15752.0,1570.16,3,989,2010-02-12 09:43:00,2010-08-09 11:56:00,178.0,523.3866666666667,1570.16,High Value
15754.0,2546.19,8,1558,2010-01-04 10:34:00,2010-05-07 11:06:00,123.0,318.27375,2546.19,VIP
15755.0,3618.07,12,2602,2009-04-12 08:24:00,2010-12-04 11:26:00,601.0,301.5058333333333,3618.07,VIP
15757.0,2225.94,4,1266,2010-04-08 12:22:00,2010-10-06 13:47:00,181.0,556.485,2225.94,VIP
15759.0,557.94,7,458,2009-02-12 10:08:00,2010-03-09 12:15:00,390.0,79.7057142857143,557.94,Medium Value
15760.0,-5795.87,5,-1,,,,-1159.174,-5795.87,Low Value
15761.0,143.05,1,31,,,,143.05,143.05,Low Value
15764.0,1207.81,4,889,2010-01-10 14:07:00,2010-01-10 14:07:00,0.0,301.9525,1207.81,High Value
15765.0,370.63,1,335,2010-11-02 10:25:00,2010-11-02 10:25:00,0.0,370.63,370.63,Medium Value
15766.0,484.6,3,160,2010-09-09 13:51:00,2010-09-09 13:51:00,0.0,161.53333333333333,484.6,Medium Value
15767.0,-242.70000000000002,2,-50,2009-04-12 14:56:00,2010-08-03 15:48:00,478.0,-121.35000000000001,-242.70000000000002,Low Value
15768.0,14977.63,32,4013,2009-03-12 12:10:00,2010-11-03 15:36:00,601.0,468.0509375,14977.63,VIP
15769.0,32445.66,23,19430,2009-11-12 09:58:00,2010-12-05 10:45:00,388.0,1410.6808695652173,32445.66,VIP
15770.0,321.45,1,67,2010-06-04 11:47:00,2010-06-04 11:47:00,0.0,321.45,321.45,Medium Value
15771.0,1006.54,3,512,2010-06-04 12:20:00,2010-06-04 12:20:00,0.0,335.5133333333333,1006.54,High Value
15772.0,280.88,1,110,,,,280.88,280.88,Low Value
15773.0,138.84,1,99,,,,138.84,138.84,Low Value
15774.0,1053.4,6,385,2010-06-04 09:58:00,2010-08-08 12:18:00,65.0,175.5666666666667,1053.4,High Value
15775.0,45.6,1,192,,,,45.6,45.6,Low Value
15777.0,710.55,4,220,2010-08-11 14:37:00,2010-08-11 14:37:00,0.0,177.6375,710.55,High Value
15778.0,307.95,1,101,2010-04-10 15:10:00,2010-04-10 15:10:00,0.0,307.95,307.95,Medium Value
15779.0,124.08000000000001,2,20,2010-02-09 16:40:00,2010-02-09 16:40:00,0.0,62.040000000000006,124.08000000000001,Low Value
15782.0,1391.71,2,979,2010-05-10 15:43:00,2010-05-10 15:43:00,0.0,695.855,1391.71,High Value
15784.0,848.3299999999999,2,381,2010-05-02 14:42:00,2010-05-02 14:42:00,0.0,424.16499999999996,848.3299999999999,High Value
15785.0,3521.58,18,2833,2010-03-02 14:22:00,2010-10-10 15:08:00,222.0,195.64333333333332,3521.58,VIP
15786.0,3558.65,4,2562,2010-12-08 17:17:00,2010-12-08 17:17:00,0.0,889.6625,3558.65,VIP
15788.0,215.53,2,112,,,,107.765,215.53,Low Value
15789.0,1580.71,6,2037,2010-04-10 14:42:00,2010-04-10 14:42:00,0.0,263.45166666666665,1580.71,High Value
15791.0,1937.35,6,1219,2010-04-05 17:10:00,2010-08-03 09:41:00,119.0,322.89166666666665,1937.35,VIP
15792.0,933.84,2,606,2010-05-11 08:21:00,2010-05-11 08:21:00,0.0,466.92,933.84,High Value
15793.0,1433.96,5,1132,2009-01-12 12:54:00,2010-08-09 12:47:00,573.0,286.79200000000003,1433.96,High Value
15794.0,777.0,2,288,2009-02-12 15:10:00,2009-03-12 13:04:00,27.0,388.5,777.0,High Value
15795.0,1369.8600000000001,7,830,2010-02-05 12:13:00,2010-05-10 15:17:00,94.0,195.69428571428574,1369.8600000000001,High Value
15796.0,2353.34,12,856,2009-01-12 12:18:00,2010-12-09 16:08:00,696.0,196.11166666666668,2353.34,VIP
15797.0,613.6800000000001,2,408,2010-07-05 15:09:00,2010-07-05 15:09:00,0.0,306.84000000000003,613.6800000000001,Medium Value
15798.0,1535.37,3,915,2010-04-03 09:08:00,2010-04-08 09:13:00,5.0,511.78999999999996,1535.37,High Value
15799.0,540.15,1,387,,,,540.15,540.15,Medium Value
15800.0,543.5,5,253,2010-12-09 16:17:00,2010-12-09 16:17:00,0.0,108.7,543.5,Medium Value
15803.0,1513.84,3,740,2010-01-02 16:29:00,2010-02-09 08:42:00,37.0,504.6133333333333,1513.84,High Value
15805.0,4256.75,20,2770,2009-10-12 12:57:00,2010-10-08 09:53:00,360.0,212.8375,4256.75,VIP
15807.0,903.67,3,1101,2010-03-06 19:48:00,2010-11-02 15:32:00,240.0,301.2233333333333,903.67,High Value
15808.0,14524.06,20,5857,2009-01-12 16:30:00,2010-12-03 15:17:00,689.0,726.203,14524.06,VIP
15809.0,463.67,3,398,2010-06-09 13:20:00,2010-10-09 13:29:00,122.0,154.55666666666667,463.67,Medium Value
15810.0,1579.3700000000001,6,773,2010-01-09 12:00:00,2010-04-02 18:18:00,83.0,263.22833333333335,1579.3700000000001,High Value
15811.0,1671.9,2,851,2010-09-12 15:29:00,2010-09-12 15:29:00,0.0,835.95,1671.9,VIP
15812.0,3385.03,8,2510,2010-03-06 08:49:00,2010-04-03 17:22:00,28.0,423.12875,3385.03,VIP
15814.0,689.11,2,457,2010-11-11 17:55:00,2010-11-11 17:55:00,0.0,344.555,689.11,High Value
15816.0,93.3,3,51,,,,31.099999999999998,93.3,Low Value
15817.0,2766.4,3,1596,2010-04-08 12:54:00,2010-04-08 12:54:00,0.0,922.1333333333333,2766.4,VIP
15818.0,340.5,1,284,,,,340.5,340.5,Medium Value
15819.0,2005.83,7,1556,2010-04-10 15:14:00,2010-04-10 15:14:00,0.0,286.54714285714283,2005.83,VIP
15822.0,892.4399999999999,6,563,2009-06-12 14:34:00,2010-06-06 13:50:00,358.0,148.73999999999998,892.4399999999999,High Value
15823.0,3874.62,5,1770,2009-08-12 15:12:00,2010-07-01 16:11:00,323.0,774.924,3874.62,VIP
15824.0,890.94,2,478,2010-12-09 13:20:00,2010-12-09 13:20:00,0.0,445.47,890.94,High Value
15826.0,933.77,2,849,,,,466.885,933.77,High Value
15827.0,1789.48,24,907,2010-02-12 13:06:00,2010-10-05 08:44:00,234.0,74.56166666666667,1789.48,VIP
15828.0,1108.82,1,367,,,,1108.82,1108.82,High Value
15833.0,80.4,1,24,2009-02-12 11:59:00,2009-02-12 11:59:00,0.0,80.4,80.4,Low Value
15834.0,1515.39,4,851,2010-02-12 16:45:00,2010-11-10 14:05:00,270.0,378.8475,1515.39,High Value
15837.0,385.03000000000003,1,216,2010-11-08 10:16:00,2010-11-08 10:16:00,0.0,385.03000000000003,385.03000000000003,Medium Value
15838.0,40053.35,19,36817,2010-02-06 14:56:00,2010-12-10 09:53:00,306.0,2108.071052631579,40053.35,VIP
15841.0,1507.4,6,1448,2009-10-12 08:29:00,2010-06-07 13:15:00,238.0,251.23333333333335,1507.4,High Value
15842.0,528.75,3,288,2010-11-11 14:08:00,2010-11-11 14:08:00,0.0,176.25,528.75,Medium Value
15845.0,622.78,4,167,2010-05-05 09:22:00,2010-05-05 09:22:00,0.0,155.695,622.78,Medium Value
15846.0,107.01,1,79,,,,107.01,107.01,Low Value
15847.0,433.3,3,194,2010-07-10 18:19:00,2010-08-03 08:47:00,23.0,144.43333333333334,433.3,Medium Value
15848.0,139.94,1,46,,,,139.94,139.94,Low Value
15849.0,-5876.34,1,-1,,,,-5876.34,-5876.34,Low Value
15850.0,819.87,4,1077,,,,204.9675,819.87,High Value
15851.0,109.73,1,67,2010-01-07 12:34:00,2010-01-07 12:34:00,0.0,109.73,109.73,Low Value
15852.0,96.55,1,12,2010-01-07 10:16:00,2010-01-07 10:16:00,0.0,96.55,96.55,Low Value
15854.0,2609.16,9,765,2009-10-12 12:08:00,2010-08-06 12:34:00,298.0,289.90666666666664,2609.16,VIP
15855.0,340.48,1,242,,,,340.48,340.48,Medium Value
15856.0,17643.77,28,9391,2009-03-12 14:02:00,2010-12-11 15:40:00,639.0,630.1346428571429,17643.77,VIP
15857.0,273.48,1,276,2010-05-10 16:43:00,2010-05-10 16:43:00,0.0,273.48,273.48,Low Value
15858.0,2479.02,11,1746,2009-10-12 11:42:00,2010-07-12 14:31:00,273.0,225.36545454545455,2479.02,VIP
15859.0,438.46,1,174,2010-03-10 12:52:00,2010-03-10 12:52:00,0.0,438.46,438.46,Medium Value
15860.0,1528.0,10,902,2009-06-12 12:31:00,2010-06-12 11:38:00,364.0,152.8,1528.0,High Value
15861.0,1217.63,6,1304,2010-09-09 19:31:00,2010-09-09 19:56:00,0.0,202.93833333333336,1217.63,High Value
15862.0,2095.41,10,1095,2010-01-12 11:21:00,2010-11-05 16:35:00,297.0,209.541,2095.41,VIP
15863.0,289.86,3,145,2010-01-04 15:40:00,2010-01-04 15:40:00,0.0,96.62,289.86,Medium Value
15864.0,244.44000000000003,1,294,,,,244.44000000000003,244.44000000000003,Low Value
15865.0,1353.79,2,779,2010-05-01 13:58:00,2010-05-01 13:58:00,0.0,676.895,1353.79,High Value
15867.0,5177.06,20,3070,2010-03-06 15:55:00,2010-08-02 13:28:00,148.0,258.853,5177.06,VIP
15868.0,94.53,1,57,2010-05-05 14:11:00,2010-05-05 14:11:00,0.0,94.53,94.53,Low Value
15869.0,174.02,1,99,,,,174.02,174.02,Low Value
15870.0,508.52,3,173,2010-08-11 10:57:00,2010-08-11 10:57:00,0.0,169.50666666666666,508.52,Medium Value
15871.0,33.099999999999994,1,5,,,,33.099999999999994,33.099999999999994,Low Value
15872.0,434.75,2,294,2010-07-06 14:53:00,2010-07-06 14:53:00,0.0,217.375,434.75,Medium Value
15873.0,138.23999999999998,5,576,2010-04-08 11:51:00,2010-04-08 11:51:00,0.0,27.647999999999996,138.23999999999998,Low Value
15874.0,6804.33,16,2548,2010-03-02 13:34:00,2010-12-08 15:03:00,281.0,425.270625,6804.33,VIP
15875.0,111.72,1,76,2010-03-03 16:51:00,2010-03-03 16:51:00,0.0,111.72,111.72,Low Value
15876.0,1449.1399999999999,2,886,,,,724.5699999999999,1449.1399999999999,High Value
15878.0,330.77,2,243,2009-06-12 12:28:00,2009-06-12 12:28:00,0.0,165.385,330.77,Medium Value
15879.0,1157.3,4,643,2010-06-07 17:30:00,2010-06-07 17:30:00,0.0,289.325,1157.3,High Value
15880.0,313.28000000000003,2,187,2010-05-12 13:00:00,2010-05-12 13:09:00,0.0,156.64000000000001,313.28000000000003,Medium Value
15882.0,953.5500000000001,8,525,2009-10-12 15:33:00,2010-06-12 13:12:00,242.0,119.19375000000001,953.5500000000001,High Value
15884.0,243.75000000000003,3,157,2009-03-12 18:12:00,2010-03-10 15:55:00,362.0,81.25000000000001,243.75000000000003,Low Value
15885.0,1358.22,17,486,2010-02-07 10:07:00,2010-07-09 10:43:00,152.0,79.89529411764705,1358.22,High Value
15886.0,871.78,3,520,,,,290.5933333333333,871.78,High Value
15887.0,1027.15,3,605,2010-02-06 11:53:00,2010-05-09 13:41:00,92.0,342.3833333333334,1027.15,High Value
15888.0,260.85,2,63,2010-01-07 11:51:00,2010-04-11 09:59:00,93.0,130.425,260.85,Low Value
15889.0,1348.96,8,767,2009-10-12 12:21:00,2010-09-04 17:13:00,327.0,168.62,1348.96,High Value
15890.0,535.65,5,119,2010-10-11 12:44:00,2010-10-11 12:46:00,0.0,107.13,535.65,Medium Value
15892.0,128.2,1,46,2010-08-02 16:23:00,2010-08-02 16:23:00,0.0,128.2,128.2,Low Value
15893.0,305.28000000000003,1,288,,,,305.28000000000003,305.28000000000003,Medium Value
15894.0,156.74,1,115,2010-05-12 14:06:00,2010-05-12 14:06:00,0.0,156.74,156.74,Low Value
15896.0,-1899.67,1,-1,,,,-1899.67,-1899.67,Low Value
15898.0,4149.68,25,1833,2009-11-12 16:11:00,2010-11-10 14:33:00,362.0,165.9872,4149.68,VIP
15899.0,56.25,1,39,2010-06-12 10:36:00,2010-06-12 10:36:00,0.0,56.25,56.25,Low Value
15900.0,539.39,4,438,,,,134.8475,539.39,Medium Value
15901.0,320.35,6,316,2010-02-09 15:50:00,2010-02-09 15:50:00,0.0,53.39166666666667,320.35,Medium Value
15902.0,145.01,1,124,,,,145.01,145.01,Low Value
15903.0,3733.48,7,1508,2009-08-12 17:04:00,2010-04-10 10:52:00,240.0,533.3542857142858,3733.48,VIP
15905.0,114.69,1,82,,,,114.69,114.69,Low Value
15906.0,946.1,4,204,2010-10-11 11:42:00,2010-10-11 11:42:00,0.0,236.525,946.1,High Value
15908.0,764.57,2,174,2010-06-08 11:56:00,2010-06-08 11:56:00,0.0,382.285,764.57,High Value
15910.0,1449.6200000000001,7,1156,2010-04-03 12:13:00,2010-11-06 10:23:00,216.0,207.08857142857144,1449.6200000000001,High Value
15911.0,1401.55,10,809,2009-09-12 13:26:00,2010-10-03 12:23:00,385.0,140.155,1401.55,High Value
15912.0,810.08,7,574,2009-10-12 12:58:00,2009-10-12 13:12:00,0.0,115.72571428571429,810.08,High Value
15913.0,6.300000000000001,1,3,,,,6.300000000000001,6.300000000000001,Low Value
15914.0,205.99,2,149,,,,102.995,205.99,Low Value
15915.0,429.21,1,451,2010-03-11 11:13:00,2010-03-11 11:13:00,0.0,429.21,429.21,Medium Value
15916.0,1786.43,10,931,2009-10-12 15:01:00,2010-11-11 14:30:00,394.0,178.643,1786.43,VIP
15917.0,437.53000000000003,4,221,2009-02-12 14:55:00,2010-12-04 15:01:00,660.0,109.38250000000001,437.53000000000003,Medium Value
15918.0,248.65,1,87,,,,248.65,248.65,Low Value
15919.0,270.72,1,242,2010-06-12 11:26:00,2010-06-12 11:26:00,0.0,270.72,270.72,Low Value
15920.0,404.14,5,141,2010-11-10 13:57:00,2010-11-10 13:57:00,0.0,80.828,404.14,Medium Value
15921.0,466.08,3,176,2010-08-11 10:24:00,2010-09-03 11:03:00,23.0,155.35999999999999,466.08,Medium Value
15922.0,363.6,2,136,2010-01-12 13:51:00,2010-02-12 13:05:00,30.0,181.8,363.6,Medium Value
15923.0,127.08,1,122,2010-02-12 12:16:00,2010-02-12 12:16:00,0.0,127.08,127.08,Low Value
15924.0,102.82,1,103,2009-08-12 15:00:00,2009-08-12 15:00:00,0.0,102.82,102.82,Low Value
15926.0,134.44,1,155,,,,134.44,134.44,Low Value
15927.0,123.39,1,69,2010-02-03 13:25:00,2010-02-03 13:25:00,0.0,123.39,123.39,Low Value
15928.0,293.53,1,164,,,,293.53,293.53,Medium Value
15929.0,594.0,1,120,2010-05-03 14:56:00,2010-05-03 14:56:00,0.0,594.0,594.0,Medium Value
15931.0,239.9,1,118,2010-07-10 16:46:00,2010-07-10 16:46:00,0.0,239.9,239.9,Low Value
15934.0,2190.66,2,2166,2010-06-10 12:08:00,2010-06-10 12:08:00,0.0,1095.33,2190.66,VIP
15935.0,-308.82,1,-286,2009-08-12 17:23:00,2009-08-12 17:23:00,0.0,-308.82,-308.82,Low Value
15936.0,282.79,2,211,,,,141.395,282.79,Low Value
15938.0,330.23,4,209,2010-01-06 09:42:00,2010-09-09 17:07:00,246.0,82.5575,330.23,Medium Value
15939.0,2945.38,1,1532,,,,2945.38,2945.38,VIP
15940.0,-31.8,1,-4,,,,-31.8,-31.8,Low Value
15941.0,230.6,2,28,2010-12-03 14:45:00,2010-12-03 14:45:00,0.0,115.3,230.6,Low Value
15943.0,271.28999999999996,2,183,,,,135.64499999999998,271.28999999999996,Low Value
15944.0,1839.1399999999999,3,809,2010-11-08 14:39:00,2010-11-11 09:55:00,2.0,613.0466666666666,1839.1399999999999,VIP
15945.0,646.27,4,345,2009-01-12 13:47:00,2010-09-12 13:14:00,607.0,161.5675,646.27,Medium Value
15946.0,2304.18,3,1614,,,,768.06,2304.18,VIP
15948.0,553.85,1,285,2010-11-10 12:16:00,2010-11-10 12:16:00,0.0,553.85,553.85,Medium Value
15950.0,5233.25,8,2608,2010-02-11 13:12:00,2010-04-03 11:11:00,50.0,654.15625,5233.25,VIP
15951.0,304.95,1,107,,,,304.95,304.95,Medium Value
15953.0,1890.1699999999998,12,864,2009-03-12 14:00:00,2010-12-09 11:54:00,636.0,157.51416666666665,1890.1699999999998,VIP
15954.0,190.75,1,119,,,,190.75,190.75,Low Value
15955.0,4232.8,10,2074,2010-02-12 11:22:00,2010-11-03 13:34:00,264.0,423.28000000000003,4232.8,VIP
15956.0,617.6,2,278,2010-06-06 13:06:00,2010-06-06 13:06:00,0.0,308.8,617.6,Medium Value
15957.0,501.21,2,247,,,,250.605,501.21,Medium Value
15958.0,388.64,3,131,2010-01-11 12:22:00,2010-07-06 10:59:00,175.0,129.54666666666665,388.64,Medium Value
15959.0,579.49,3,282,,,,193.16333333333333,579.49,Medium Value
15960.0,394.0,5,257,2010-03-10 13:23:00,2010-10-11 15:09:00,215.0,78.8,394.0,Medium Value
15961.0,451.28999999999996,1,154,,,,451.28999999999996,451.28999999999996,Medium Value
15962.0,295.83,1,235,,,,295.83,295.83,Medium Value
15964.0,272.96000000000004,1,94,,,,272.96000000000004,272.96000000000004,Low Value
15965.0,2153.7,11,975,2009-03-12 11:45:00,2010-12-11 13:23:00,639.0,195.79090909090908,2153.7,VIP
15966.0,399.58,2,268,,,,199.79,399.58,Medium Value
15967.0,2600.37,11,989,2009-01-12 13:28:00,2010-08-02 13:24:00,566.0,236.3972727272727,2600.37,VIP
15968.0,418.05,1,253,,,,418.05,418.05,Medium Value
15969.0,460.95,2,99,2010-05-07 13:10:00,2010-10-10 12:01:00,155.0,230.475,460.95,Medium Value
15970.0,703.22,1,382,,,,703.22,703.22,High Value
15971.0,730.5800000000002,8,238,2009-08-12 09:46:00,2010-11-10 08:12:00,454.0,91.32250000000002,730.5800000000002,High Value
15972.0,1810.27,5,480,2010-09-09 12:58:00,2010-09-09 13:20:00,0.0,362.054,1810.27,VIP
15973.0,680.62,3,195,2010-06-10 15:00:00,2010-08-12 11:42:00,62.0,226.87333333333333,680.62,High Value
15976.0,1315.7,4,801,2010-04-07 13:59:00,2010-06-06 14:01:00,60.0,328.925,1315.7,High Value
15978.0,2173.84,4,1552,2010-03-10 14:08:00,2010-12-10 18:00:00,275.0,543.46,2173.84,VIP
15979.0,329.22,1,450,,,,329.22,329.22,Medium Value
15980.0,4147.42,6,3266,2010-01-06 14:40:00,2010-06-08 12:35:00,152.0,691.2366666666667,4147.42,VIP
15981.0,5859.59,19,2912,2010-03-11 09:51:00,2010-12-04 08:30:00,267.0,308.39947368421053,5859.59,VIP
15982.0,324.51,1,131,,,,324.51,324.51,Medium Value
15983.0,2483.8,6,1558,2009-06-12 12:52:00,2010-12-11 12:32:00,546.0,413.9666666666667,2483.8,VIP
15984.0,5854.15,22,4231,2009-01-12 13:38:00,2010-12-08 14:35:00,695.0,266.09772727272724,5854.15,VIP
15985.0,1572.8600000000001,5,1664,2010-11-08 11:23:00,2010-11-08 11:23:00,0.0,314.572,1572.8600000000001,High Value
15986.0,186.3,1,100,,,,186.3,186.3,Low Value
15987.0,230.85,2,159,2010-06-12 08:34:00,2010-06-12 08:34:00,0.0,115.425,230.85,Low Value
15988.0,612.0600000000001,2,305,2010-06-06 12:45:00,2010-06-06 12:45:00,0.0,306.03000000000003,612.0600000000001,Medium Value
15989.0,372.51,2,171,2009-02-12 15:51:00,2009-02-12 15:51:00,0.0,186.255,372.51,Medium Value
15990.0,1217.94,5,647,2010-02-08 12:42:00,2010-02-08 12:42:00,0.0,243.58800000000002,1217.94,High Value
15991.0,150.55,1,41,,,,150.55,150.55,Low Value
15992.0,854.61,2,497,2010-08-11 14:51:00,2010-12-09 11:52:00,119.0,427.305,854.61,High Value
15994.0,771.77,4,290,,,,192.9425,771.77,High Value
15995.0,696.19,1,353,,,,696.19,696.19,High Value
15996.0,626.22,2,363,2010-07-11 15:49:00,2010-08-12 15:59:00,32.0,313.11,626.22,Medium Value
15997.0,-23.4,1,-12,2010-01-04 13:04:00,2010-01-04 13:04:00,0.0,-23.4,-23.4,Low Value
15998.0,5136.22,15,3316,2009-01-12 11:45:00,2010-11-11 16:27:00,668.0,342.4146666666667,5136.22,VIP
15999.0,20.4,1,24,2009-04-12 12:31:00,2009-04-12 12:31:00,0.0,20.4,20.4,Low Value
16001.0,519.06,2,305,,,,259.53,519.06,Medium Value
16002.0,169.21,1,70,,,,169.21,169.21,Low Value
16003.0,2878.46,5,1025,2009-03-12 18:51:00,2009-03-12 18:51:00,0.0,575.692,2878.46,VIP
16004.0,2146.39,5,1076,,,,429.27799999999996,2146.39,VIP
16005.0,1788.38,7,999,2010-02-11 11:33:00,2010-11-10 12:48:00,272.0,255.48285714285717,1788.38,VIP
16006.0,245.77,1,127,,,,245.77,245.77,Low Value
16007.0,1373.2,3,1250,,,,457.73333333333335,1373.2,High Value
16008.0,4905.35,12,2950,2010-08-07 14:09:00,2010-12-09 12:16:00,123.0,408.7791666666667,4905.35,VIP
16010.0,1314.61,9,720,2010-05-11 14:09:00,2010-12-11 15:03:00,214.0,146.06777777777776,1314.61,High Value
16011.0,2504.3,15,1426,2009-01-12 11:04:00,2010-11-03 17:21:00,660.0,166.95333333333335,2504.3,VIP
16012.0,1574.5,2,967,2010-03-11 13:47:00,2010-03-11 13:47:00,0.0,787.25,1574.5,High Value
16013.0,19422.67,42,10098,2009-08-12 10:24:00,2010-12-11 15:31:00,486.0,462.4445238095238,19422.67,VIP
16014.0,467.89,2,213,,,,233.945,467.89,Medium Value
16016.0,1011.73,6,435,2010-02-11 13:27:00,2010-08-12 14:10:00,182.0,168.62166666666667,1011.73,High Value
16017.0,1341.95,4,538,2010-05-01 12:06:00,2010-05-01 12:06:00,0.0,335.4875,1341.95,High Value
16018.0,289.23,2,313,2009-07-12 13:57:00,2010-08-11 15:36:00,395.0,144.615,289.23,Medium Value
16019.0,13189.91,25,4978,2010-01-04 13:13:00,2010-12-11 14:37:00,341.0,527.5964,13189.91,VIP
16021.0,532.25,2,297,2010-09-11 14:48:00,2010-09-11 14:48:00,0.0,266.125,532.25,Medium Value
16024.0,232.96,2,107,,,,116.48,232.96,Low Value
16027.0,947.72,11,874,2010-02-09 19:18:00,2010-09-03 10:25:00,205.0,86.15636363636364,947.72,High Value
16028.0,82.2,1,18,,,,82.2,82.2,Low Value
16029.0,40808.3,52,16217,2009-08-12 11:23:00,2010-12-04 08:08:00,478.0,784.7750000000001,40808.3,VIP
16032.0,1970.45,6,1480,2010-04-07 13:31:00,2010-09-09 18:00:00,155.0,328.40833333333336,1970.45,VIP
16033.0,1964.78,10,736,2010-02-11 13:56:00,2010-11-08 16:44:00,270.0,196.478,1964.78,VIP
16034.0,488.07,4,354,2010-03-11 12:55:00,2010-10-11 11:32:00,213.0,122.0175,488.07,Medium Value
16035.0,217.73,1,33,,,,217.73,217.73,Low Value
16036.0,1797.92,2,653,2010-11-10 15:08:00,2010-11-10 15:08:00,0.0,898.96,1797.92,VIP
16037.0,634.42,4,336,2010-01-03 12:31:00,2010-01-03 12:31:00,0.0,158.605,634.42,Medium Value
16039.0,449.65,3,408,2010-06-05 16:02:00,2010-12-10 10:44:00,187.0,149.88333333333333,449.65,Medium Value
16040.0,1070.15,5,477,2010-05-10 11:09:00,2010-10-09 13:38:00,152.0,214.03000000000003,1070.15,High Value
16042.0,1005.63,6,674,2010-02-12 12:50:00,2010-12-09 12:00:00,299.0,167.605,1005.63,High Value
16043.0,1082.6000000000001,4,508,,,,270.65000000000003,1082.6000000000001,High Value
16044.0,340.84000000000003,1,170,,,,340.84000000000003,340.84000000000003,Medium Value
16045.0,1846.33,5,1045,2010-05-08 18:11:00,2010-05-08 18:11:00,0.0,369.26599999999996,1846.33,VIP
16046.0,235.78,1,248,,,,235.78,235.78,Low Value
16047.0,107.14,1,1,,,,107.14,107.14,Low Value
16048.0,812.84,5,424,2010-01-12 15:27:00,2010-08-06 12:36:00,205.0,162.568,812.84,High Value
16049.0,787.89,3,372,2010-11-07 13:53:00,2010-11-07 13:53:00,0.0,262.63,787.89,High Value
16050.0,162.8,2,110,2010-03-11 15:55:00,2010-03-11 15:55:00,0.0,81.4,162.8,Low Value
16051.0,188.44,1,80,,,,188.44,188.44,Low Value
16053.0,2094.19,6,1268,2010-08-04 11:11:00,2010-08-04 11:11:00,0.0,349.0316666666667,2094.19,VIP
16054.0,1306.78,6,399,2010-01-04 18:37:00,2010-12-04 10:06:00,333.0,217.79666666666665,1306.78,High Value
16057.0,1061.85,7,599,2009-10-12 12:38:00,2010-08-07 11:33:00,298.0,151.69285714285712,1061.85,High Value
16058.0,62.7,1,18,,,,62.7,62.7,Low Value
16059.0,1757.91,7,866,2010-06-06 11:06:00,2010-07-12 10:36:00,35.0,251.13000000000002,1757.91,VIP
16060.0,541.95,3,243,2010-02-08 15:26:00,2010-05-10 10:08:00,90.0,180.65,541.95,Medium Value
16061.0,74.9,2,14,2010-04-10 15:29:00,2010-04-10 15:29:00,0.0,37.45,74.9,Low Value
16062.0,1709.83,4,1235,2010-05-10 11:32:00,2010-05-10 11:33:00,0.0,427.4575,1709.83,VIP
16064.0,111.0,1,56,,,,111.0,111.0,Low Value
16065.0,1993.53,10,1214,2010-02-09 13:27:00,2010-09-12 13:03:00,214.0,199.353,1993.53,VIP
16067.0,3026.19,6,1209,2010-02-02 18:01:00,2010-05-02 12:52:00,88.0,504.365,3026.19,VIP
16068.0,122.93,1,52,,,,122.93,122.93,Low Value
16069.0,457.7,1,138,,,,457.7,457.7,Medium Value
16071.0,750.5600000000001,3,517,,,,250.1866666666667,750.5600000000001,High Value
16072.0,3744.57,3,1471,2010-07-10 15:33:00,2010-08-06 16:47:00,27.0,1248.19,3744.57,VIP
16074.0,265.25,1,39,,,,265.25,265.25,Low Value
16075.0,726.98,3,270,,,,242.32666666666668,726.98,High Value
16077.0,600.0,2,528,,,,300.0,600.0,Medium Value
16078.0,283.79,1,184,2010-08-02 13:29:00,2010-08-02 13:29:00,0.0,283.79,283.79,Low Value
16080.0,296.3,3,152,,,,98.76666666666667,296.3,Medium Value
16081.0,1653.28,4,767,2010-03-02 12:46:00,2010-11-11 18:24:00,254.0,413.32,1653.28,VIP
16082.0,106.75,1,39,2010-07-02 15:16:00,2010-07-02 15:16:00,0.0,106.75,106.75,Low Value
16083.0,1033.8,2,606,,,,516.9,1033.8,High Value
16085.0,1356.22,8,746,2010-05-09 11:14:00,2010-05-09 11:14:00,0.0,169.5275,1356.22,High Value
16086.0,1743.6,6,1015,2009-02-12 13:20:00,2010-11-10 10:30:00,635.0,290.59999999999997,1743.6,VIP
16087.0,1739.92,5,664,2010-01-02 12:03:00,2010-09-04 12:33:00,245.0,347.98400000000004,1739.92,VIP
16088.0,1437.43,2,373,,,,718.715,1437.43,High Value
16089.0,271.44,2,122,,,,135.72,271.44,Low Value
16090.0,205.91,1,65,,,,205.91,205.91,Low Value
16092.0,736.13,5,549,2010-09-05 16:10:00,2010-09-05 16:11:00,0.0,147.226,736.13,High Value
16094.0,2557.33,13,1359,2009-11-12 13:33:00,2010-10-11 16:26:00,333.0,196.7176923076923,2557.33,VIP
16095.0,447.05,1,265,2010-09-09 16:54:00,2010-09-09 16:54:00,0.0,447.05,447.05,Medium Value
16096.0,1264.3500000000001,3,545,2010-04-03 15:44:00,2010-04-03 15:44:00,0.0,421.45000000000005,1264.3500000000001,High Value
16098.0,2442.47,8,1537,2010-01-12 09:45:00,2010-08-06 10:58:00,206.0,305.30875,2442.47,VIP
16099.0,836.35,5,525,2010-03-03 11:13:00,2010-03-03 11:13:00,0.0,167.27,836.35,High Value
16100.0,582.64,1,438,2010-03-09 11:39:00,2010-03-09 11:39:00,0.0,582.64,582.64,Medium Value
16101.0,1921.46,4,1085,2010-01-10 10:45:00,2010-01-10 10:45:00,0.0,480.365,1921.46,VIP
16103.0,4573.12,21,2048,2010-01-09 13:43:00,2010-12-08 17:43:00,333.0,217.76761904761904,4573.12,VIP
16104.0,2213.0,10,886,2009-06-12 10:41:00,2010-11-04 10:16:00,509.0,221.3,2213.0,VIP
16105.0,2049.23,4,1795,2010-05-08 13:21:00,2010-05-08 13:21:00,0.0,512.3075,2049.23,VIP
16108.0,1355.83,6,847,2010-01-10 15:10:00,2010-12-05 09:28:00,328.0,225.97166666666666,1355.83,High Value
16109.0,311.7,2,478,2010-02-03 11:33:00,2010-10-01 10:37:00,239.0,155.85,311.7,Medium Value
16110.0,481.79,1,169,2010-05-07 13:04:00,2010-05-07 13:04:00,0.0,481.79,481.79,Medium Value
16111.0,562.48,1,236,2010-07-10 19:51:00,2010-07-10 19:51:00,0.0,562.48,562.48,Medium Value
16115.0,907.17,4,600,2010-07-11 11:27:00,2010-08-08 13:55:00,28.0,226.7925,907.17,High Value
16117.0,417.84,3,188,2010-02-11 12:02:00,2010-02-11 12:02:00,0.0,139.28,417.84,Medium Value
16118.0,4255.43,5,2822,2010-03-03 13:15:00,2010-11-11 19:54:00,253.0,851.086,4255.43,VIP
16119.0,1297.45,6,571,2010-02-05 13:24:00,2010-10-11 13:40:00,248.0,216.24166666666667,1297.45,High Value
16120.0,1747.77,2,1327,,,,873.885,1747.77,VIP
16121.0,590.08,4,309,,,,147.52,590.08,Medium Value
16122.0,316.92,3,270,2010-08-12 11:41:00,2010-10-10 15:26:00,59.0,105.64,316.92,Medium Value
16124.0,1522.24,4,748,2009-07-12 10:33:00,2010-05-05 10:53:00,297.0,380.56,1522.24,High Value
16125.0,4298.3,14,1820,2010-03-03 14:44:00,2010-11-02 13:47:00,243.0,307.0214285714286,4298.3,VIP
16126.0,8359.03,11,4029,2009-02-12 13:34:00,2010-12-10 11:48:00,665.0,759.9118181818183,8359.03,VIP
16127.0,145.06,1,68,,,,145.06,145.06,Low Value
16128.0,1868.18,9,1431,2009-01-12 11:50:00,2010-11-11 19:29:00,668.0,207.57555555555555,1868.18,VIP
16129.0,1396.05,3,1261,2010-05-10 15:15:00,2010-05-10 15:15:00,0.0,465.34999999999997,1396.05,High Value
16130.0,987.48,4,296,2010-01-04 13:58:00,2010-10-05 13:16:00,273.0,246.87,987.48,High Value
16131.0,6359.73,9,2951,2009-02-12 10:09:00,2010-10-10 10:47:00,605.0,706.6366666666667,6359.73,VIP
16132.0,664.1999999999999,2,280,,,,332.09999999999997,664.1999999999999,High Value
16133.0,7923.22,32,4716,2010-01-09 15:04:00,2010-12-11 09:44:00,335.0,247.600625,7923.22,VIP
16134.0,1516.3,4,1265,2010-08-09 15:38:00,2010-12-10 10:44:00,122.0,379.075,1516.3,High Value
16135.0,301.9,1,186,2010-05-05 09:35:00,2010-05-05 09:35:00,0.0,301.9,301.9,Medium Value
16136.0,211.7,2,182,2010-07-03 11:51:00,2010-07-03 11:51:00,0.0,105.85,211.7,Low Value
16137.0,422.7,1,210,,,,422.7,422.7,Medium Value
16138.0,902.4,4,773,2010-06-12 15:10:00,2010-06-12 15:10:00,0.0,225.6,902.4,High Value
16139.0,475.74,2,272,2009-03-12 13:51:00,2009-03-12 13:51:00,0.0,237.87,475.74,Medium Value
16140.0,832.4200000000001,2,646,2010-03-12 14:40:00,2010-03-12 14:40:00,0.0,416.21000000000004,832.4200000000001,High Value
16141.0,335.54,1,172,,,,335.54,335.54,Medium Value
16143.0,2447.04,10,1077,2009-10-12 09:44:00,2010-11-11 19:51:00,395.0,244.704,2447.04,VIP
16145.0,2951.62,11,2111,2010-02-09 11:54:00,2010-11-06 10:12:00,269.0,268.3290909090909,2951.62,VIP
16146.0,212.25,1,117,,,,212.25,212.25,Low Value
16147.0,1992.02,6,1076,2010-03-11 16:11:00,2010-05-02 12:26:00,51.0,332.00333333333333,1992.02,VIP
16148.0,294.05,3,175,,,,98.01666666666667,294.05,Medium Value
16149.0,141.70000000000002,1,290,2010-06-10 15:54:00,2010-06-10 15:54:00,0.0,141.70000000000002,141.70000000000002,Low Value
16150.0,2248.62,11,1094,2009-01-12 14:02:00,2010-09-05 14:14:00,601.0,204.42,2248.62,VIP
16151.0,-4217.59,1,-1,,,,-4217.59,-4217.59,Low Value
16153.0,3213.28,8,2583,2010-06-07 12:38:00,2010-06-07 12:38:00,0.0,401.66,3213.28,VIP
16154.0,-10.5,1,-1,,,,-10.5,-10.5,Low Value
16155.0,781.05,6,482,,,,130.17499999999998,781.05,High Value
16156.0,2908.9700000000003,13,1761,2009-02-12 17:06:00,2010-08-10 11:51:00,543.0,223.7669230769231,2908.9700000000003,VIP
16158.0,611.32,10,180,2009-05-12 15:00:00,2010-05-07 13:55:00,359.0,61.132000000000005,611.32,Medium Value
16159.0,882.09,4,397,2009-03-12 11:51:00,2010-02-03 14:57:00,328.0,220.5225,882.09,High Value
16161.0,7095.99,33,3740,2010-01-11 11:32:00,2010-12-10 11:39:00,333.0,215.03,7095.99,VIP
16163.0,1822.03,12,549,2009-02-12 10:00:00,2010-11-06 12:09:00,632.0,151.83583333333334,1822.03,VIP
16165.0,79.9,1,2,,,,79.9,79.9,Low Value
16166.0,327.48,4,156,2010-07-10 15:44:00,2010-07-10 15:44:00,0.0,81.87,327.48,Medium Value
16167.0,1149.8700000000001,6,1459,2009-01-12 10:46:00,2010-01-04 17:23:00,357.0,191.645,1149.8700000000001,High Value
16168.0,6768.48,46,3191,2009-03-12 12:38:00,2010-12-07 13:00:00,635.0,147.14086956521737,6768.48,VIP
16170.0,4933.25,18,4265,2010-01-09 12:22:00,2010-12-08 11:30:00,332.0,274.06944444444446,4933.25,VIP
16172.0,744.34,3,632,,,,248.11333333333334,744.34,High Value
16174.0,1237.2,4,780,2010-05-08 12:33:00,2010-07-05 09:58:00,57.0,309.3,1237.2,High Value
16175.0,798.85,3,399,,,,266.28333333333336,798.85,High Value
16176.0,1964.04,7,913,,,,280.57714285714286,1964.04,VIP
16177.0,1809.66,11,906,2010-01-10 15:36:00,2010-09-09 18:08:00,242.0,164.51454545454547,1809.66,VIP
16178.0,414.7,1,210,2010-03-11 14:46:00,2010-03-11 14:46:00,0.0,414.7,414.7,Medium Value
16180.0,5952.79,6,3932,2010-09-08 11:27:00,2010-09-08 11:27:00,0.0,992.1316666666667,5952.79,VIP
16182.0,3354.0,5,2096,2010-09-03 09:34:00,2010-12-07 09:04:00,94.0,670.8,3354.0,VIP
16183.0,739.1,3,238,2010-03-11 13:14:00,2010-10-11 11:12:00,213.0,246.36666666666667,739.1,High Value
16185.0,115.31,1,61,,,,115.31,115.31,Low Value
16186.0,4991.97,18,3789,2009-09-12 15:36:00,2010-12-11 13:55:00,454.0,277.3316666666667,4991.97,VIP
16188.0,95.85000000000001,2,55,,,,47.925000000000004,95.85000000000001,Low Value
16190.0,2508.4700000000003,7,1143,2010-01-07 11:37:00,2010-10-11 09:43:00,276.0,358.3528571428572,2508.4700000000003,VIP
16191.0,10248.800000000001,15,5951,2009-11-12 12:24:00,2010-11-06 10:47:00,358.0,683.2533333333334,10248.800000000001,VIP
16192.0,351.3,1,208,2009-04-12 12:28:00,2009-04-12 12:28:00,0.0,351.3,351.3,Medium Value
16193.0,315.98,1,160,,,,315.98,315.98,Medium Value
16194.0,308.59999999999997,1,140,,,,308.59999999999997,308.59999999999997,Medium Value
16195.0,323.25,1,123,,,,323.25,323.25,Medium Value
16196.0,93.3,1,26,2010-08-08 11:40:00,2010-08-08 11:40:00,0.0,93.3,93.3,Low Value
16197.0,2016.71,9,1420,2010-06-08 09:28:00,2010-07-07 12:53:00,29.0,224.07888888888888,2016.71,VIP
16198.0,629.36,1,255,,,,629.36,629.36,Medium Value
16199.0,942.75,7,321,2010-09-06 15:15:00,2010-12-11 12:55:00,95.0,134.67857142857142,942.75,High Value
16200.0,4549.33,11,2564,2009-02-12 15:04:00,2010-06-06 14:17:00,478.0,413.57545454545453,4549.33,VIP
16201.0,248.65,1,135,,,,248.65,248.65,Low Value
16202.0,2101.77,10,1091,2009-02-12 10:48:00,2010-03-06 15:50:00,387.0,210.177,2101.77,VIP
16203.0,521.64,3,345,2010-02-12 15:39:00,2010-11-11 13:33:00,271.0,173.88,521.64,Medium Value
16204.0,533.53,3,451,2009-08-12 17:44:00,2009-08-12 17:44:00,0.0,177.84333333333333,533.53,Medium Value
16205.0,1069.23,3,938,2010-04-10 12:46:00,2010-08-11 12:17:00,122.0,356.41,1069.23,High Value
16206.0,2060.31,10,1111,2010-07-11 11:11:00,2010-12-09 11:29:00,151.0,206.031,2060.31,VIP
16208.0,2776.19,8,1208,2010-09-03 12:53:00,2010-12-09 14:44:00,97.0,347.02375,2776.19,VIP
16209.0,1884.16,4,716,2010-07-07 12:32:00,2010-11-06 11:58:00,121.0,471.04,1884.16,VIP
16210.0,17217.760000000002,21,6673,2009-02-12 12:54:00,2010-11-11 12:19:00,636.0,819.8933333333334,17217.760000000002,VIP
16211.0,543.5699999999999,2,365,,,,271.78499999999997,543.5699999999999,Medium Value
16212.0,603.37,2,327,2010-07-02 15:26:00,2010-07-02 15:26:00,0.0,301.685,603.37,Medium Value
16214.0,975.5,1,888,,,,975.5,975.5,High Value
16218.0,1288.73,12,1115,2010-01-12 11:29:00,2010-12-09 11:47:00,331.0,107.39416666666666,1288.73,High Value
16219.0,40.8,1,48,,,,40.8,40.8,Low Value
16220.0,-10.17,1,-3,2009-11-12 13:36:00,2009-11-12 13:36:00,0.0,-10.17,-10.17,Low Value
16221.0,1364.15,8,796,2010-07-09 14:04:00,2010-12-08 15:20:00,152.0,170.51875,1364.15,High Value
16222.0,498.5,1,138,,,,498.5,498.5,Medium Value
16223.0,1102.3500000000001,2,651,2010-09-11 12:07:00,2010-09-11 12:07:00,0.0,551.1750000000001,1102.3500000000001,High Value
16224.0,321.24,1,439,,,,321.24,321.24,Medium Value
16225.0,1725.5900000000001,13,786,2010-02-09 16:47:00,2010-10-08 10:33:00,240.0,132.73769230769233,1725.5900000000001,VIP
16226.0,417.05,2,329,,,,208.525,417.05,Medium Value
16227.0,640.5,4,294,2010-02-08 14:16:00,2010-04-08 13:18:00,58.0,160.125,640.5,Medium Value
16228.0,886.1600000000001,4,560,2010-04-11 18:54:00,2010-04-11 18:57:00,0.0,221.54000000000002,886.1600000000001,High Value
16229.0,1824.76,5,968,2010-06-07 16:36:00,2010-06-07 16:36:00,0.0,364.952,1824.76,VIP
16231.0,1078.22,4,564,2010-11-10 17:29:00,2010-11-10 17:29:00,0.0,269.555,1078.22,High Value
16232.0,1708.79,5,1289,2010-05-10 19:22:00,2010-12-08 10:04:00,211.0,341.758,1708.79,VIP
16233.0,1396.58,8,512,2009-02-12 13:23:00,2010-08-12 12:51:00,545.0,174.5725,1396.58,High Value
16234.0,312.78,4,162,,,,78.195,312.78,Medium Value
16235.0,1132.2,5,452,2010-03-09 11:47:00,2010-11-10 16:24:00,246.0,226.44,1132.2,High Value
16237.0,136.65,1,57,,,,136.65,136.65,Low Value
16238.0,63.66,1,85,,,,63.66,63.66,Low Value
16239.0,1078.0,4,464,2010-02-09 19:17:00,2010-08-10 13:15:00,181.0,269.5,1078.0,High Value
16241.0,1721.44,4,924,2010-05-12 11:04:00,2010-12-11 13:34:00,213.0,430.36,1721.44,VIP
16242.0,3835.04,10,1965,2010-06-06 09:41:00,2010-06-06 10:57:00,0.0,383.504,3835.04,VIP
16244.0,1056.63,1,619,2010-02-12 11:41:00,2010-02-12 11:41:00,0.0,1056.63,1056.63,High Value
16246.0,827.25,2,338,2010-06-09 12:04:00,2010-08-02 12:32:00,54.0,413.625,827.25,High Value
16250.0,401.94,2,168,2010-01-12 09:59:00,2010-01-12 09:59:00,0.0,200.97,401.94,Medium Value
16251.0,128.31,1,44,,,,128.31,128.31,Low Value
16252.0,2.6645352591003757e-15,2,0,2010-08-12 16:15:00,2010-08-12 16:15:00,0.0,1.3322676295501878e-15,2.6645352591003757e-15,Low Value
16253.0,3611.29,6,2827,2009-08-12 17:24:00,2010-06-10 10:41:00,301.0,601.8816666666667,3611.29,VIP
16254.0,985.14,3,549,,,,328.38,985.14,High Value
16255.0,2225.09,10,1255,2010-02-11 13:15:00,2010-09-12 14:25:00,213.0,222.50900000000001,2225.09,VIP
16256.0,876.9399999999999,2,1009,2010-03-08 08:58:00,2010-03-08 08:58:00,0.0,438.46999999999997,876.9399999999999,High Value
16258.0,6630.01,11,4186,2010-02-09 08:57:00,2010-10-03 14:19:00,236.0,602.7281818181818,6630.01,VIP
16259.0,361.94,3,162,,,,120.64666666666666,361.94,Medium Value
16261.0,312.62,2,153,,,,156.31,312.62,Medium Value
16262.0,709.4300000000001,2,434,,,,354.71500000000003,709.4300000000001,High Value
16263.0,351.01,1,200,2010-12-10 14:52:00,2010-12-10 14:52:00,0.0,351.01,351.01,Medium Value
16264.0,837.53,2,632,,,,418.765,837.53,High Value
16265.0,1470.47,4,562,2010-05-11 12:09:00,2010-11-11 19:32:00,184.0,367.6175,1470.47,High Value
16266.0,896.06,7,393,2010-04-02 16:21:00,2010-12-10 17:20:00,252.0,128.00857142857143,896.06,High Value
16267.0,186.66,1,198,,,,186.66,186.66,Low Value
16269.0,714.59,2,577,2010-07-10 16:17:00,2010-07-10 16:17:00,0.0,357.295,714.59,High Value
16271.0,2033.78,5,1361,2010-06-06 10:56:00,2010-08-09 15:00:00,64.0,406.756,2033.78,VIP
16273.0,336.03999999999996,2,46,2010-01-03 13:24:00,2010-01-03 13:24:00,0.0,168.01999999999998,336.03999999999996,Medium Value
16274.0,357.95,1,155,2010-01-12 15:35:00,2010-01-12 15:35:00,0.0,357.95,357.95,Medium Value
16275.0,1591.24,2,932,2010-08-03 14:41:00,2010-08-03 14:41:00,0.0,795.62,1591.24,High Value
16276.0,1818.79,2,1047,2010-11-04 12:02:00,2010-11-04 12:02:00,0.0,909.395,1818.79,VIP
16277.0,188.69,1,33,2009-06-12 11:27:00,2009-06-12 11:27:00,0.0,188.69,188.69,Low Value
16278.0,518.76,4,218,,,,129.69,518.76,Medium Value
16279.0,4195.5,6,2637,2010-03-06 11:44:00,2010-10-08 08:49:00,215.0,699.25,4195.5,VIP
16280.0,238.05,1,101,,,,238.05,238.05,Low Value
16281.0,1354.46,3,634,2010-12-10 09:01:00,2010-12-10 09:01:00,0.0,451.4866666666667,1354.46,High Value
16282.0,1139.28,2,676,2010-09-08 10:27:00,2010-09-08 10:27:00,0.0,569.64,1139.28,High Value
16283.0,2779.86,5,1642,,,,555.972,2779.86,VIP
16284.0,205.8,1,139,2010-11-11 13:27:00,2010-11-11 13:27:00,0.0,205.8,205.8,Low Value
16285.0,176.9,1,60,2010-03-03 16:03:00,2010-03-03 16:03:00,0.0,176.9,176.9,Low Value
16286.0,263.65,4,87,2010-10-05 13:51:00,2010-10-05 16:21:00,0.0,65.9125,263.65,Low Value
16287.0,864.48,4,1128,2010-08-03 14:15:00,2010-08-03 14:15:00,0.0,216.12,864.48,High Value
16288.0,129.85,1,19,,,,129.85,129.85,Low Value
16289.0,98.81,2,87,2010-03-09 14:02:00,2010-03-09 14:07:00,0.0,49.405,98.81,Low Value
16290.0,2069.3,4,1001,2010-01-09 11:52:00,2010-01-09 11:52:00,0.0,517.325,2069.3,VIP
16291.0,117.72,1,1,,,,117.72,117.72,Low Value
16292.0,890.56,7,492,2010-01-09 15:08:00,2010-03-09 11:13:00,58.0,127.22285714285714,890.56,High Value
16293.0,2395.46,8,1035,2009-11-12 09:58:00,2010-07-12 15:02:00,242.0,299.4325,2395.46,VIP
16294.0,126.05000000000001,1,54,,,,126.05000000000001,126.05000000000001,Low Value
16296.0,1245.97,6,632,2010-02-03 10:46:00,2010-07-01 18:33:00,148.0,207.66166666666666,1245.97,High Value
16298.0,481.8,6,108,2010-03-10 12:11:00,2010-12-10 17:24:00,275.0,80.3,481.8,Medium Value
16299.0,178.65,2,103,,,,89.325,178.65,Low Value
16300.0,1392.43,3,658,2010-02-02 11:40:00,2010-05-10 13:14:00,97.0,464.1433333333334,1392.43,High Value
16301.0,107.33,1,41,2009-03-12 10:20:00,2009-03-12 10:20:00,0.0,107.33,107.33,Low Value
16303.0,2517.89,5,1195,2010-11-10 11:32:00,2010-12-11 15:05:00,31.0,503.578,2517.89,VIP
16304.0,381.66,1,228,,,,381.66,381.66,Medium Value
16306.0,560.55,2,255,2010-01-10 09:36:00,2010-07-12 15:18:00,183.0,280.275,560.55,Medium Value
16307.0,1194.92,3,1123,2010-06-10 14:31:00,2010-11-05 14:40:00,148.0,398.3066666666667,1194.92,High Value
16308.0,2560.0,3,8000,,,,853.3333333333334,2560.0,VIP
16310.0,460.08,2,270,2010-07-03 15:41:00,2010-07-03 15:41:00,0.0,230.04,460.08,Medium Value
16312.0,171.15,1,53,2010-03-10 14:15:00,2010-03-10 14:15:00,0.0,171.15,171.15,Low Value
16314.0,1491.4,3,636,2010-07-09 09:31:00,2010-07-09 09:31:00,0.0,497.1333333333334,1491.4,High Value
16315.0,176.34,1,68,,,,176.34,176.34,Low Value
16316.0,2777.75,7,1568,2010-01-11 08:56:00,2010-09-09 18:32:00,241.0,396.82142857142856,2777.75,VIP
16317.0,838.11,3,345,2010-04-05 10:17:00,2010-07-06 14:24:00,92.0,279.37,838.11,High Value
16320.0,3390.39,6,2574,2010-01-09 15:08:00,2010-12-09 13:51:00,333.0,565.0649999999999,3390.39,VIP
16321.0,34.8,3,24,2009-01-12 10:33:00,2009-01-12 10:36:00,0.0,11.6,34.8,Low Value
16323.0,146.16,1,96,2010-11-05 09:48:00,2010-11-05 09:48:00,0.0,146.16,146.16,Low Value
16325.0,2953.3,12,2253,2009-04-12 13:21:00,2010-12-10 17:29:00,607.0,246.10833333333335,2953.3,VIP
16326.0,1621.03,11,410,2010-02-05 12:44:00,2010-02-05 12:44:00,0.0,147.36636363636364,1621.03,High Value
16327.0,6861.3,15,5956,2010-04-11 13:03:00,2010-05-12 12:43:00,30.0,457.42,6861.3,VIP
16328.0,310.83,1,141,,,,310.83,310.83,Medium Value
16329.0,1703.07,4,826,2009-01-12 11:34:00,2010-08-10 12:44:00,575.0,425.7675,1703.07,VIP
16330.0,382.42,4,180,2010-11-10 14:59:00,2010-11-10 14:59:00,0.0,95.605,382.42,Medium Value
16331.0,2037.7,6,756,2010-03-09 15:47:00,2010-07-03 10:55:00,115.0,339.6166666666667,2037.7,VIP
16332.0,406.77,5,295,2010-04-10 13:13:00,2010-04-10 13:13:00,0.0,81.354,406.77,Medium Value
16334.0,277.48,1,211,2010-04-08 16:38:00,2010-04-08 16:38:00,0.0,277.48,277.48,Low Value
16335.0,2747.0,8,1012,2009-04-12 10:18:00,2010-06-06 11:35:00,420.0,343.375,2747.0,VIP
16336.0,3517.69,4,1473,2010-07-09 12:53:00,2010-07-09 12:53:00,0.0,879.4225,3517.69,VIP
16340.0,976.99,2,844,2010-06-06 13:26:00,2010-06-06 13:26:00,0.0,488.495,976.99,High Value
16341.0,1872.91,4,1618,2010-09-04 10:30:00,2010-09-04 10:30:00,0.0,468.2275,1872.91,VIP
16343.0,316.59,1,227,,,,316.59,316.59,Medium Value
16344.0,741.3199999999999,3,688,2010-09-02 12:16:00,2010-09-02 12:16:00,0.0,247.10666666666665,741.3199999999999,High Value
16345.0,623.33,1,331,,,,623.33,623.33,Medium Value
16346.0,224.51,1,289,,,,224.51,224.51,Low Value
16347.0,2594.36,11,1391,2010-01-04 11:48:00,2010-12-03 12:41:00,333.0,235.8509090909091,2594.36,VIP
16348.0,328.77,1,359,2010-05-10 13:57:00,2010-05-10 13:57:00,0.0,328.77,328.77,Medium Value
16350.0,1106.02,8,527,2010-03-11 15:59:00,2010-09-12 14:43:00,184.0,138.2525,1106.02,High Value
16351.0,3125.23,17,2031,2009-04-12 16:12:00,2010-12-04 11:15:00,600.0,183.83705882352942,3125.23,VIP
16353.0,3310.2200000000003,19,1520,2009-07-12 13:55:00,2010-12-04 14:20:00,510.0,174.2221052631579,3310.2200000000003,VIP
16354.0,733.71,3,449,,,,244.57000000000002,733.71,High Value
16355.0,349.2,2,145,,,,174.6,349.2,Medium Value
16356.0,204.10000000000002,3,97,2010-06-06 11:26:00,2010-06-06 11:38:00,0.0,68.03333333333335,204.10000000000002,Low Value
16357.0,209.49,1,143,,,,209.49,209.49,Low Value
16358.0,892.1500000000001,1,763,2010-10-11 11:36:00,2010-10-11 11:36:00,0.0,892.1500000000001,892.1500000000001,High Value
16359.0,919.03,8,577,2010-01-07 14:39:00,2010-10-06 15:20:00,272.0,114.87875,919.03,High Value
16362.0,189.67,2,121,2010-05-10 12:32:00,2010-05-10 12:32:00,0.0,94.835,189.67,Low Value
16365.0,1756.3799999999999,8,615,2009-11-12 12:41:00,2010-09-11 13:59:00,303.0,219.54749999999999,1756.3799999999999,VIP
16366.0,1220.83,3,626,2010-06-05 13:28:00,2010-06-05 13:28:00,0.0,406.9433333333333,1220.83,High Value
16367.0,557.91,1,470,,,,557.91,557.91,Medium Value
16368.0,142.78,1,57,,,,142.78,142.78,Low Value
16369.0,1111.15,4,559,2010-07-04 16:52:00,2010-07-04 16:52:00,0.0,277.7875,1111.15,High Value
16371.0,157.2,1,108,,,,157.2,157.2,Low Value
16372.0,930.68,4,558,2010-02-11 14:14:00,2010-11-04 15:20:00,266.0,232.67,930.68,High Value
16373.0,309.49,2,119,,,,154.745,309.49,Medium Value
16374.0,1298.42,3,560,2010-02-11 13:27:00,2010-02-11 13:27:00,0.0,432.8066666666667,1298.42,High Value
16375.0,104.0,2,74,,,,52.0,104.0,Low Value
16377.0,632.28,1,1428,2010-01-04 10:36:00,2010-01-04 10:36:00,0.0,632.28,632.28,Medium Value
16381.0,258.7,2,112,2010-09-11 09:56:00,2010-09-11 09:56:00,0.0,129.35,258.7,Low Value
16382.0,353.1,2,167,2010-07-06 12:42:00,2010-07-06 12:42:00,0.0,176.55,353.1,Medium Value
16383.0,2242.48,7,1137,2010-04-02 13:18:00,2010-08-11 14:48:00,131.0,320.3542857142857,2242.48,VIP
16384.0,774.4499999999999,2,601,2010-06-10 12:49:00,2010-06-10 12:49:00,0.0,387.22499999999997,774.4499999999999,High Value
16385.0,474.72,3,288,2010-08-12 12:56:00,2010-08-12 12:56:00,0.0,158.24,474.72,Medium Value
16386.0,785.39,1,499,,,,785.39,785.39,High Value
16387.0,824.19,4,413,2010-09-11 09:02:00,2010-12-09 12:41:00,89.0,206.0475,824.19,High Value
16388.0,186.05,1,83,,,,186.05,186.05,Low Value
16390.0,467.5,3,122,,,,155.83333333333334,467.5,Medium Value
16391.0,1103.61,4,748,2010-04-11 12:27:00,2010-04-11 12:27:00,0.0,275.9025,1103.61,High Value
16392.0,541.86,2,406,,,,270.93,541.86,Medium Value
16393.0,2515.45,11,1556,2009-01-12 12:13:00,2010-09-11 12:04:00,606.0,228.6772727272727,2515.45,VIP
16395.0,1972.05,12,1423,2009-06-12 12:23:00,2010-11-11 12:18:00,516.0,164.3375,1972.05,VIP
16396.0,102.69999999999999,3,46,,,,34.23333333333333,102.69999999999999,Low Value
16397.0,127.88,1,50,,,,127.88,127.88,Low Value
16399.0,233.25,1,192,,,,233.25,233.25,Low Value
16400.0,2855.5099999999998,8,1987,2009-08-12 12:38:00,2010-09-11 14:11:00,395.0,356.93874999999997,2855.5099999999998,VIP
16401.0,2567.75,19,2052,2010-02-06 13:13:00,2010-12-10 12:36:00,306.0,135.14473684210526,2567.75,VIP
16402.0,211.8,1,105,2010-05-12 13:42:00,2010-05-12 13:42:00,0.0,211.8,211.8,Low Value
16404.0,-12.75,1,-1,2009-07-12 12:32:00,2009-07-12 12:32:00,0.0,-12.75,-12.75,Low Value
16406.0,370.91,3,127,,,,123.63666666666667,370.91,Medium Value
16407.0,694.72,4,360,2010-03-10 13:56:00,2010-11-10 17:01:00,245.0,173.68,694.72,High Value
16408.0,231.93,1,227,,,,231.93,231.93,Low Value
16409.0,3680.16,7,2400,2010-02-07 14:15:00,2010-02-07 14:15:00,0.0,525.7371428571429,3680.16,VIP
16410.0,130.32,1,348,2009-05-12 14:51:00,2009-05-12 14:51:00,0.0,130.32,130.32,Low Value
16411.0,695.54,3,411,2010-05-12 13:26:00,2010-07-10 15:09:00,59.0,231.84666666666666,695.54,High Value
16412.0,495.4,4,238,2010-04-02 13:46:00,2010-11-11 11:52:00,222.0,123.85,495.4,Medium Value
16413.0,266.78000000000003,1,136,,,,266.78000000000003,266.78000000000003,Low Value
16414.0,433.46000000000004,3,175,2010-04-10 12:19:00,2010-04-10 12:19:00,0.0,144.48666666666668,433.46000000000004,Medium Value
16415.0,509.09000000000003,2,340,2010-01-02 12:30:00,2010-05-05 11:51:00,122.0,254.54500000000002,509.09000000000003,Medium Value
16416.0,1921.48,6,1538,2010-07-11 12:35:00,2010-07-11 12:35:00,0.0,320.24666666666667,1921.48,VIP
16417.0,35.7,1,6,2010-04-08 09:08:00,2010-04-08 09:08:00,0.0,35.7,35.7,Low Value
16418.0,426.67,2,292,,,,213.335,426.67,Medium Value
16419.0,515.1899999999999,2,285,2010-09-02 13:26:00,2010-11-05 12:18:00,63.0,257.59499999999997,515.1899999999999,Medium Value
16420.0,75.0,1,120,2010-08-11 15:15:00,2010-08-11 15:15:00,0.0,75.0,75.0,Low Value
16421.0,526.27,3,123,,,,175.42333333333332,526.27,Medium Value
16422.0,27304.850000000002,72,30492,2009-01-12 13:52:00,2010-12-10 16:03:00,697.0,379.2340277777778,27304.850000000002,VIP
16424.0,309.5,1,124,,,,309.5,309.5,Medium Value
16428.0,660.28,3,595,,,,220.09333333333333,660.28,High Value
16430.0,817.09,6,204,2010-03-06 14:24:00,2010-07-11 13:15:00,126.0,136.18166666666667,817.09,High Value
16433.0,200.26,1,108,,,,200.26,200.26,Low Value
16434.0,1204.79,6,564,2010-01-04 12:56:00,2010-05-09 12:05:00,124.0,200.79833333333332,1204.79,High Value
16435.0,1011.5699999999999,3,609,,,,337.19,1011.5699999999999,High Value
16436.0,242.04,4,217,2009-06-12 16:02:00,2010-09-02 13:19:00,446.0,60.51,242.04,Low Value
16437.0,301.25,2,197,2010-06-10 12:34:00,2010-06-10 12:34:00,0.0,150.625,301.25,Medium Value
16439.0,310.70000000000005,1,74,,,,310.70000000000005,310.70000000000005,Medium Value
16440.0,216.3,1,90,2010-03-08 11:32:00,2010-03-08 11:32:00,0.0,216.3,216.3,Low Value
16441.0,642.28,4,310,,,,160.57,642.28,Medium Value
16442.0,282.68,2,137,,,,141.34,282.68,Low Value
16443.0,162.24,1,96,2010-07-07 11:57:00,2010-07-07 11:57:00,0.0,162.24,162.24,Low Value
16444.0,2943.61,15,1542,2010-04-10 12:36:00,2010-10-10 10:49:00,182.0,196.24066666666667,2943.61,VIP
16445.0,372.22,3,188,,,,124.07333333333334,372.22,Medium Value
16446.0,-9.0,1,-2,2010-04-10 16:38:00,2010-04-10 16:38:00,0.0,-9.0,-9.0,Low Value
16447.0,516.13,2,100,,,,258.065,516.13,Medium Value
16448.0,178.98000000000002,1,101,,,,178.98000000000002,178.98000000000002,Low Value
16450.0,1163.81,3,457,2009-10-12 19:05:00,2010-04-05 13:43:00,174.0,387.93666666666667,1163.81,High Value
16451.0,742.4300000000001,3,401,2009-04-12 15:11:00,2009-08-12 16:41:00,122.0,247.4766666666667,742.4300000000001,High Value
16452.0,332.17,2,199,,,,166.085,332.17,Medium Value
16453.0,251.71,2,139,2010-09-06 13:15:00,2010-09-06 13:15:00,0.0,125.855,251.71,Low Value
16454.0,10.05,5,3,2010-02-02 16:18:00,2010-12-04 09:52:00,304.0,2.0100000000000002,10.05,Low Value
16455.0,2465.54,8,2072,2010-02-11 11:46:00,2010-07-10 16:14:00,149.0,308.1925,2465.54,VIP
16456.0,4027.04,10,2576,2010-01-12 14:11:00,2010-01-12 14:11:00,0.0,402.704,4027.04,VIP
16458.0,2232.6,12,1252,2010-02-08 13:42:00,2010-09-11 13:02:00,214.0,186.04999999999998,2232.6,VIP
16459.0,71.78999999999999,1,59,2009-10-12 12:42:00,2009-10-12 12:42:00,0.0,71.78999999999999,71.78999999999999,Low Value
16461.0,1463.8,2,990,2010-03-03 13:57:00,2010-03-03 13:57:00,0.0,731.9,1463.8,High Value
16465.0,726.34,3,502,,,,242.11333333333334,726.34,High Value
16466.0,2110.13,9,1016,2010-06-06 12:27:00,2010-11-04 12:45:00,151.0,234.4588888888889,2110.13,VIP
16467.0,2862.4,8,7380,2009-02-12 11:59:00,2010-06-01 10:58:00,473.0,357.8,2862.4,VIP
16468.0,712.62,2,340,,,,356.31,712.62,High Value
16469.0,178.48000000000002,1,72,,,,178.48000000000002,178.48000000000002,Low Value
16470.0,1696.21,7,826,2009-11-12 12:21:00,2010-09-08 12:21:00,300.0,242.31571428571428,1696.21,VIP
16471.0,962.23,5,525,2010-02-03 11:54:00,2010-12-11 14:28:00,311.0,192.446,962.23,High Value
16472.0,789.6,2,252,2010-01-10 13:56:00,2010-01-10 13:56:00,0.0,394.8,789.6,High Value
16473.0,154.72,1,100,,,,154.72,154.72,Low Value
16476.0,337.0,3,182,2010-04-10 10:29:00,2010-11-10 17:11:00,214.0,112.33333333333333,337.0,Medium Value
16477.0,1825.56,5,1217,2010-03-12 12:48:00,2010-12-08 09:43:00,270.0,365.11199999999997,1825.56,VIP
16481.0,428.23,3,185,,,,142.74333333333334,428.23,Medium Value
16485.0,1774.03,6,892,2009-06-12 12:28:00,2010-03-10 15:30:00,271.0,295.6716666666667,1774.03,VIP
16486.0,134.36,1,24,,,,134.36,134.36,Low Value
16487.0,209.4,2,163,2010-11-05 13:38:00,2010-11-05 13:38:00,0.0,104.7,209.4,Low Value
16489.0,303.7,2,38,,,,151.85,303.7,Medium Value
16490.0,179.16000000000003,2,106,2010-05-10 19:52:00,2010-05-10 19:52:00,0.0,89.58000000000001,179.16000000000003,Low Value
16491.0,792.81,2,579,2010-04-11 11:51:00,2010-04-11 11:51:00,0.0,396.405,792.81,High Value
16492.0,385.56,1,235,,,,385.56,385.56,Medium Value
16493.0,780.46,3,824,2010-05-07 13:05:00,2010-05-07 13:05:00,0.0,260.15333333333336,780.46,High Value
16496.0,731.25,3,653,2010-04-10 12:34:00,2010-04-10 12:34:00,0.0,243.75,731.25,High Value
16497.0,3729.59,17,1654,2009-03-12 14:11:00,2010-11-06 13:18:00,603.0,219.38764705882355,3729.59,VIP
16499.0,2172.64,9,1230,2010-08-10 09:58:00,2010-11-06 12:22:00,88.0,241.40444444444444,2172.64,VIP
16500.0,435.09999999999997,4,262,2010-02-11 11:27:00,2010-02-11 11:27:00,0.0,108.77499999999999,435.09999999999997,Medium Value
16501.0,1237.23,1,642,,,,1237.23,1237.23,High Value
16502.0,266.5,2,251,,,,133.25,266.5,Low Value
16503.0,2176.46,8,965,2010-06-07 08:46:00,2010-11-11 19:29:00,157.0,272.0575,2176.46,VIP
16507.0,152.76,1,116,,,,152.76,152.76,Low Value
16508.0,248.8,1,106,,,,248.8,248.8,Low Value
16510.0,1851.8999999999999,6,984,2010-02-12 13:39:00,2010-02-12 13:39:00,0.0,308.65,1851.8999999999999,VIP
16511.0,868.76,3,370,2010-01-03 12:21:00,2010-07-11 15:30:00,189.0,289.58666666666664,868.76,High Value
16512.0,-33.9,1,-2,2009-11-12 14:31:00,2009-11-12 14:31:00,0.0,-33.9,-33.9,Low Value
16514.0,-134.86,1,-1,,,,-134.86,-134.86,Low Value
16515.0,1589.17,5,768,2010-04-11 12:34:00,2010-04-11 12:34:00,0.0,317.834,1589.17,High Value
16518.0,457.35,3,191,2010-01-06 13:31:00,2010-01-06 13:31:00,0.0,152.45000000000002,457.35,Medium Value
16519.0,341.18,3,122,2010-01-03 13:51:00,2010-11-08 14:34:00,309.0,113.72666666666667,341.18,Medium Value
16520.0,1429.3,5,707,2010-02-03 16:40:00,2010-11-10 11:34:00,279.0,285.86,1429.3,High Value
16521.0,1148.01,3,1016,2010-01-03 13:22:00,2010-01-03 13:22:00,0.0,382.67,1148.01,High Value
16522.0,433.36,2,212,,,,216.68,433.36,Medium Value
16523.0,2464.87,11,709,2009-08-12 14:29:00,2010-10-03 11:09:00,416.0,224.0790909090909,2464.87,VIP
16524.0,308.14,2,260,,,,154.07,308.14,Medium Value
16525.0,11455.17,26,7199,2009-02-12 13:53:00,2010-12-08 16:05:00,664.0,440.58346153846156,11455.17,VIP
16526.0,426.85,1,173,2010-04-05 16:34:00,2010-04-05 16:34:00,0.0,426.85,426.85,Medium Value
16527.0,1044.38,1,620,2010-11-10 13:25:00,2010-11-10 13:25:00,0.0,1044.38,1044.38,High Value
16529.0,1556.75,3,553,,,,518.9166666666666,1556.75,High Value
16530.0,48.349999999999994,1,17,2010-09-02 15:30:00,2010-09-02 15:30:00,0.0,48.349999999999994,48.349999999999994,Low Value
16531.0,1018.99,5,943,2010-12-11 10:36:00,2010-12-11 10:36:00,0.0,203.798,1018.99,High Value
16532.0,2007.84,2,528,2010-04-10 11:52:00,2010-04-10 11:52:00,0.0,1003.92,2007.84,VIP
16534.0,635.9,1,168,2010-07-03 15:47:00,2010-07-03 15:47:00,0.0,635.9,635.9,Medium Value
16535.0,407.84,2,329,,,,203.92,407.84,Medium Value
16537.0,23.35,1,59,2010-08-03 13:41:00,2010-08-03 13:41:00,0.0,23.35,23.35,Low Value
16538.0,399.62,3,257,,,,133.20666666666668,399.62,Medium Value
16539.0,2343.2,7,838,2010-01-12 15:40:00,2010-08-07 11:44:00,206.0,334.74285714285713,2343.2,VIP
16540.0,226.70000000000002,1,114,,,,226.70000000000002,226.70000000000002,Low Value
16541.0,419.78,2,172,2009-04-12 12:29:00,2009-04-12 13:22:00,0.0,209.89,419.78,Medium Value
16542.0,137.7,1,96,2010-03-11 14:44:00,2010-03-11 14:44:00,0.0,137.7,137.7,Low Value
16543.0,277.80999999999995,2,303,2010-05-05 13:34:00,2010-05-05 13:34:00,0.0,138.90499999999997,277.80999999999995,Low Value
16544.0,110.3,6,54,2010-08-07 11:11:00,2010-08-07 11:11:00,0.0,18.383333333333333,110.3,Low Value
16545.0,350.52,1,244,,,,350.52,350.52,Medium Value
16546.0,3933.29,6,2965,2010-02-12 12:07:00,2010-11-11 19:40:00,272.0,655.5483333333333,3933.29,VIP
16547.0,111.71,1,113,2010-11-06 13:02:00,2010-11-06 13:02:00,0.0,111.71,111.71,Low Value
16548.0,30.15,1,6,,,,30.15,30.15,Low Value
16549.0,9005.0,27,4908,2009-03-12 17:59:00,2010-12-08 19:18:00,636.0,333.51851851851853,9005.0,VIP
16550.0,6903.07,22,4140,2009-02-12 11:24:00,2010-06-12 13:53:00,485.0,313.77590909090907,6903.07,VIP
16551.0,1315.0,4,1106,2010-01-04 12:10:00,2010-12-10 15:09:00,340.0,328.75,1315.0,High Value
16552.0,95.29,1,39,2010-01-12 12:36:00,2010-01-12 12:36:00,0.0,95.29,95.29,Low Value
16553.0,10891.3,23,11855,2010-03-09 10:00:00,2010-12-10 12:50:00,276.0,473.5347826086956,10891.3,VIP
16554.0,1765.62,11,858,2010-07-01 12:43:00,2010-12-04 08:59:00,155.0,160.51090909090908,1765.62,VIP
16555.0,5.329070518200751e-15,8,0,,,,6.661338147750939e-16,5.329070518200751e-15,Low Value
16556.0,4296.44,17,2439,2009-07-12 10:51:00,2010-08-01 15:01:00,385.0,252.73176470588234,4296.44,VIP
16558.0,5461.92,24,2687,2009-03-12 18:11:00,2010-11-10 16:36:00,607.0,227.58,5461.92,VIP
16559.0,185.20000000000002,1,73,2010-07-11 13:52:00,2010-07-11 13:52:00,0.0,185.20000000000002,185.20000000000002,Low Value
16560.0,2194.2200000000003,7,1102,2009-08-12 12:05:00,2010-07-11 12:04:00,332.0,313.46000000000004,2194.2200000000003,VIP
16562.0,223.85999999999999,1,264,,,,223.85999999999999,223.85999999999999,Low Value
16563.0,3334.82,6,2098,2009-01-12 18:35:00,2010-09-09 17:04:00,604.0,555.8033333333334,3334.82,VIP
16564.0,87.8,1,40,,,,87.8,87.8,Low Value
16565.0,526.75,4,145,2010-02-06 12:47:00,2010-10-08 12:32:00,243.0,131.6875,526.75,Medium Value
16568.0,1020.9000000000001,2,366,2010-08-03 14:51:00,2010-08-10 10:54:00,6.0,510.45000000000005,1020.9000000000001,High Value
16569.0,1331.03,4,895,2010-04-02 16:40:00,2010-11-01 14:52:00,212.0,332.7575,1331.03,High Value
16570.0,3218.87,16,2090,2009-03-12 17:38:00,2010-12-04 09:39:00,631.0,201.179375,3218.87,VIP
16571.0,2739.83,12,2425,2010-02-07 11:59:00,2010-11-08 15:21:00,274.0,228.31916666666666,2739.83,VIP
16574.0,850.34,2,586,2010-12-10 09:25:00,2010-12-10 09:25:00,0.0,425.17,850.34,High Value
16575.0,-10.49,1,-1,,,,-10.49,-10.49,Low Value
16576.0,513.1700000000001,5,309,2010-06-07 10:42:00,2010-06-07 10:42:00,0.0,102.63400000000001,513.1700000000001,Medium Value
16577.0,380.0,1,142,2010-11-02 09:45:00,2010-11-02 09:45:00,0.0,380.0,380.0,Medium Value
16578.0,156.6,1,108,,,,156.6,156.6,Low Value
16579.0,264.45,2,107,2010-09-12 15:00:00,2010-10-10 11:58:00,27.0,132.225,264.45,Low Value
16580.0,-5.0,1,-2,2009-11-12 12:40:00,2009-11-12 12:40:00,0.0,-5.0,-5.0,Low Value
16583.0,297.95,2,153,2010-01-12 12:03:00,2010-04-02 12:18:00,80.0,148.975,297.95,Medium Value
16584.0,2177.44,4,1256,2010-03-10 14:32:00,2010-07-10 16:46:00,122.0,544.36,2177.44,VIP
16585.0,341.59,2,151,,,,170.795,341.59,Medium Value
16586.0,998.83,2,253,,,,499.415,998.83,High Value
16588.0,1361.28,4,882,2010-07-10 15:08:00,2010-07-10 15:08:00,0.0,340.32,1361.28,High Value
16589.0,153.12,1,168,,,,153.12,153.12,Low Value
16590.0,563.6,3,234,2010-04-11 09:06:00,2010-04-11 09:06:00,0.0,187.86666666666667,563.6,Medium Value
16592.0,3551.18,15,2510,2010-01-09 12:02:00,2010-09-06 10:38:00,239.0,236.74533333333332,3551.18,VIP
16593.0,721.21,6,259,2009-05-12 10:44:00,2010-10-10 13:51:00,516.0,120.20166666666667,721.21,High Value
16595.0,1450.02,4,1043,2010-12-04 15:40:00,2010-12-04 15:40:00,0.0,362.505,1450.02,High Value
16596.0,329.48,3,130,2009-10-12 13:09:00,2010-08-12 16:18:00,304.0,109.82666666666667,329.48,Medium Value
16599.0,172.8,1,159,,,,172.8,172.8,Low Value
16600.0,1280.04,10,1250,2010-05-10 19:54:00,2010-08-11 13:50:00,92.0,128.004,1280.04,High Value
16601.0,439.45,2,261,,,,219.725,439.45,Medium Value
16602.0,216.9,3,89,,,,72.3,216.9,Low Value
16604.0,326.25,3,115,2010-09-06 14:50:00,2010-09-06 14:50:00,0.0,108.75,326.25,Medium Value
16605.0,60.48,1,144,,,,60.48,60.48,Low Value
16606.0,357.66,2,148,2010-01-10 13:21:00,2010-01-10 13:21:00,0.0,178.83,357.66,Medium Value
16607.0,2336.5099999999998,13,1568,2010-01-09 10:13:00,2010-12-10 14:34:00,335.0,179.73153846153843,2336.5099999999998,VIP
16608.0,1288.72,2,613,2010-12-09 11:44:00,2010-12-09 11:44:00,0.0,644.36,1288.72,High Value
16611.0,1655.64,5,827,2010-01-08 14:35:00,2010-10-03 16:07:00,268.0,331.12800000000004,1655.64,VIP
16612.0,2055.82,6,912,2009-03-12 15:54:00,2010-02-11 08:49:00,335.0,342.6366666666667,2055.82,VIP
16614.0,673.6,2,126,2010-02-11 18:08:00,2010-10-05 15:18:00,235.0,336.8,673.6,High Value
16615.0,264.5,2,207,,,,132.25,264.5,Low Value
16619.0,1712.1200000000001,3,922,,,,570.7066666666667,1712.1200000000001,VIP
16620.0,1579.97,4,1058,2009-01-12 14:35:00,2010-05-03 15:48:00,476.0,394.9925,1579.97,High Value
16622.0,205.6,2,40,,,,102.8,205.6,Low Value
16623.0,873.04,4,402,2010-03-11 12:05:00,2010-03-11 12:05:00,0.0,218.26,873.04,High Value
16625.0,1318.0,5,892,,,,263.6,1318.0,High Value
16628.0,130.05,2,55,2010-08-03 12:24:00,2010-08-03 12:24:00,0.0,65.025,130.05,Low Value
16630.0,104.30000000000001,2,70,,,,52.150000000000006,104.30000000000001,Low Value
16631.0,1867.02,8,773,2010-02-03 15:03:00,2010-11-05 09:32:00,274.0,233.3775,1867.02,VIP
16632.0,406.4,2,256,2010-07-05 16:46:00,2010-11-08 11:39:00,125.0,203.2,406.4,Medium Value
16634.0,1145.2,9,470,2010-02-12 17:41:00,2010-02-12 17:41:00,0.0,127.24444444444445,1145.2,High Value
16635.0,473.0,1,277,,,,473.0,473.0,Medium Value
16636.0,3802.04,4,2186,2010-03-03 14:06:00,2010-06-05 07:51:00,93.0,950.51,3802.04,VIP
16638.0,749.8100000000001,6,396,2010-06-12 10:19:00,2010-09-09 15:22:00,89.0,124.96833333333335,749.8100000000001,High Value
16639.0,490.47,1,241,,,,490.47,490.47,Medium Value
16640.0,179.4,1,146,2010-07-11 10:48:00,2010-07-11 10:48:00,0.0,179.4,179.4,Low Value
16641.0,323.40000000000003,1,198,2010-07-01 12:22:00,2010-07-01 12:22:00,0.0,323.40000000000003,323.40000000000003,Medium Value
16642.0,371.63,2,266,,,,185.815,371.63,Medium Value
16643.0,428.05,2,281,,,,214.025,428.05,Medium Value
16645.0,160.39,1,117,2009-04-12 09:49:00,2009-04-12 09:49:00,0.0,160.39,160.39,Low Value
16646.0,675.05,2,1071,,,,337.525,675.05,High Value
16647.0,327.84,2,250,,,,163.92,327.84,Medium Value
16648.0,382.14,2,222,2010-10-09 11:59:00,2010-10-09 11:59:00,0.0,191.07,382.14,Medium Value
16649.0,306.58000000000004,1,82,2010-07-07 15:41:00,2010-07-07 15:41:00,0.0,306.58000000000004,306.58000000000004,Medium Value
16650.0,1397.69,6,1139,2010-08-07 14:18:00,2010-12-08 10:12:00,122.0,232.94833333333335,1397.69,High Value
16651.0,136.2,1,60,2010-02-05 11:46:00,2010-02-05 11:46:00,0.0,136.2,136.2,Low Value
16652.0,10658.57,13,4179,2010-04-10 10:03:00,2010-10-06 17:04:00,179.0,819.89,10658.57,VIP
16654.0,1110.2,5,421,2010-01-07 13:37:00,2010-06-12 15:09:00,156.0,222.04000000000002,1110.2,High Value
16655.0,2718.75,8,1645,2010-02-08 14:24:00,2010-09-05 16:10:00,209.0,339.84375,2718.75,VIP
16656.0,7739.4800000000005,23,6114,2009-04-12 12:59:00,2010-09-06 14:42:00,512.0,336.4991304347826,7739.4800000000005,VIP
16658.0,573.48,9,236,2010-06-12 13:47:00,2010-06-12 13:47:00,0.0,63.72,573.48,Medium Value
16660.0,611.9000000000001,3,420,2010-07-09 15:09:00,2010-07-09 15:09:00,0.0,203.9666666666667,611.9000000000001,Medium Value
16661.0,842.1800000000001,5,296,2010-10-05 13:40:00,2010-10-05 14:02:00,0.0,168.436,842.1800000000001,High Value
16662.0,163.8,1,36,2010-10-11 16:56:00,2010-10-11 16:56:00,0.0,163.8,163.8,Low Value
16663.0,165.0,1,100,2009-10-12 13:12:00,2009-10-12 13:12:00,0.0,165.0,165.0,Low Value
16664.0,109.2,1,24,,,,109.2,109.2,Low Value
16666.0,106.96000000000001,1,134,,,,106.96000000000001,106.96000000000001,Low Value
16668.0,555.7,7,455,2010-01-06 12:18:00,2010-05-07 14:39:00,121.0,79.38571428571429,555.7,Medium Value
16669.0,-1144.73,1,-1,,,,-1144.73,-1144.73,Low Value
16670.0,3764.2000000000003,16,1927,2009-10-12 15:28:00,2010-12-04 11:29:00,417.0,235.26250000000002,3764.2000000000003,VIP
16673.0,188.83,1,101,,,,188.83,188.83,Low Value
16675.0,608.86,2,296,,,,304.43,608.86,Medium Value
16676.0,769.78,2,291,2010-02-11 19:19:00,2010-02-11 19:19:00,0.0,384.89,769.78,High Value
16677.0,849.77,3,454,2010-11-11 18:01:00,2010-11-11 18:01:00,0.0,283.25666666666666,849.77,High Value
16679.0,663.31,3,247,2010-08-12 13:51:00,2010-10-11 13:11:00,59.0,221.10333333333332,663.31,High Value
16680.0,637.75,2,283,,,,318.875,637.75,Medium Value
16681.0,151.5,1,85,2010-08-03 14:10:00,2010-08-03 14:10:00,0.0,151.5,151.5,Low Value
16683.0,309.35,2,188,,,,154.675,309.35,Medium Value
16684.0,75610.17,34,51705,2009-07-12 12:56:00,2010-11-06 11:38:00,481.0,2223.8285294117645,75610.17,VIP
16686.0,2008.09,9,1480,2009-06-12 15:48:00,2010-12-09 11:03:00,544.0,223.1211111111111,2008.09,VIP
16687.0,157.63,1,141,,,,157.63,157.63,Low Value
16690.0,127.45,2,71,2010-11-11 16:15:00,2010-11-11 16:15:00,0.0,63.725,127.45,Low Value
16691.0,178.83,2,92,,,,89.415,178.83,Low Value
16692.0,638.6999999999999,2,726,,,,319.34999999999997,638.6999999999999,Medium Value
16693.0,717.45,3,484,2010-11-07 11:02:00,2010-11-07 11:02:00,0.0,239.15,717.45,High Value
16694.0,98.30000000000001,1,26,,,,98.30000000000001,98.30000000000001,Low Value
16695.0,193.15,2,185,,,,96.575,193.15,Low Value
16699.0,964.9,8,634,2009-04-12 13:31:00,2009-04-12 13:31:00,0.0,120.6125,964.9,High Value
16700.0,4044.06,15,2844,2009-02-12 10:51:00,2010-11-04 13:39:00,630.0,269.604,4044.06,VIP
16701.0,4464.32,16,4606,2009-01-12 19:19:00,2010-12-10 18:16:00,696.0,279.02,4464.32,VIP
16702.0,1100.8799999999999,5,691,2009-07-12 16:40:00,2010-03-06 18:46:00,237.0,220.176,1100.8799999999999,High Value
16703.0,-15.0,1,-1,2009-08-12 14:08:00,2009-08-12 14:08:00,0.0,-15.0,-15.0,Low Value
16704.0,695.66,2,455,2010-05-02 14:14:00,2010-05-02 14:14:00,0.0,347.83,695.66,High Value
16705.0,28707.011,32,16543,2009-09-12 13:34:00,2010-12-04 16:44:00,448.0,897.09409375,28707.011,VIP
16707.0,551.11,4,402,2010-04-11 14:39:00,2010-09-06 16:56:00,148.0,137.7775,551.11,Medium Value
16709.0,6057.59,9,2425,2009-09-12 13:16:00,2010-03-02 13:24:00,171.0,673.0655555555555,6057.59,VIP
16710.0,3853.3,14,2562,2009-04-12 13:41:00,2010-08-02 13:11:00,476.0,275.2357142857143,3853.3,VIP
16711.0,1100.45,5,353,2009-02-12 13:22:00,2009-02-12 13:22:00,0.0,220.09,1100.45,High Value
16712.0,621.5600000000001,2,344,2010-03-11 15:45:00,2010-03-11 15:54:00,0.0,310.78000000000003,621.5600000000001,Medium Value
16713.0,7540.31,22,4394,2010-01-04 12:33:00,2010-12-09 14:02:00,339.0,342.74136363636364,7540.31,VIP
16714.0,343.18,3,225,2009-01-12 11:50:00,2010-07-02 11:17:00,535.0,114.39333333333333,343.18,Medium Value
16715.0,323.8,1,532,,,,323.8,323.8,Medium Value
16716.0,1248.48,1,792,,,,1248.48,1248.48,High Value
16717.0,3031.6,12,1337,2009-07-12 15:55:00,2010-08-12 16:48:00,396.0,252.63333333333333,3031.6,VIP
16718.0,3023.78,5,1930,2009-06-12 13:07:00,2010-11-03 17:41:00,509.0,604.7560000000001,3023.78,VIP
16719.0,2054.63,10,1313,2010-03-09 10:49:00,2010-10-03 13:43:00,208.0,205.46300000000002,2054.63,VIP
16720.0,438.19,3,289,,,,146.06333333333333,438.19,Medium Value
16722.0,4256.62,12,3578,2009-03-12 19:23:00,2010-08-12 15:38:00,517.0,354.7183333333333,4256.62,VIP
16723.0,712.48,2,603,2009-04-12 13:23:00,2009-04-12 13:23:00,0.0,356.24,712.48,High Value
16724.0,147.35,1,69,,,,147.35,147.35,Low Value
16725.0,1095.64,9,489,2010-03-11 14:15:00,2010-03-12 16:02:00,1.0,121.7377777777778,1095.64,High Value
16726.0,706.39,2,379,,,,353.195,706.39,High Value
16727.0,1164.6,3,932,2010-12-11 14:05:00,2010-12-11 14:05:00,0.0,388.2,1164.6,High Value
16731.0,174.05,1,127,2010-01-03 15:05:00,2010-01-03 15:05:00,0.0,174.05,174.05,Low Value
16732.0,3363.04,8,2065,2009-08-12 13:04:00,2010-12-01 11:06:00,475.0,420.38,3363.04,VIP
16733.0,259.68,1,112,,,,259.68,259.68,Low Value
16735.0,3362.8,15,2418,2009-08-12 09:24:00,2010-11-11 15:25:00,456.0,224.18666666666667,3362.8,VIP
16736.0,2904.51,8,1039,2009-03-12 16:12:00,2010-04-05 16:28:00,389.0,363.06375,2904.51,VIP
16737.0,417.59999999999997,1,288,2010-11-05 09:53:00,2010-11-05 09:53:00,0.0,417.59999999999997,417.59999999999997,Medium Value
16739.0,459.68,2,218,,,,229.84,459.68,Medium Value
16740.0,236.81,1,116,2010-09-11 13:34:00,2010-09-11 13:34:00,0.0,236.81,236.81,Low Value
16741.0,173.06,1,81,,,,173.06,173.06,Low Value
16742.0,2387.71,13,2599,2010-04-08 10:52:00,2010-11-04 10:47:00,209.0,183.67000000000002,2387.71,VIP
16743.0,2015.17,7,1691,2010-01-07 13:43:00,2010-09-09 12:34:00,244.0,287.88142857142856,2015.17,VIP
16746.0,11337.54,27,7236,2009-04-12 13:00:00,2010-09-02 10:18:00,507.0,419.9088888888889,11337.54,VIP
16748.0,2116.39,10,1235,2009-10-12 12:28:00,2010-09-02 10:48:00,324.0,211.63899999999998,2116.39,VIP
16749.0,4387.08,2,2078,,,,2193.54,4387.08,VIP
16752.0,207.5,1,54,2010-02-12 12:18:00,2010-02-12 12:18:00,0.0,207.5,207.5,Low Value
16754.0,54558.18,35,54190,2010-02-12 17:38:00,2010-12-04 07:07:00,294.0,1558.8051428571428,54558.18,VIP
16755.0,1397.4,5,934,2009-09-12 14:25:00,2010-03-02 10:22:00,170.0,279.48,1397.4,High Value
16756.0,1048.02,8,594,2010-09-03 15:56:00,2010-09-03 15:56:00,0.0,131.0025,1048.02,High Value
16757.0,163.65,1,99,,,,163.65,163.65,Low Value
16760.0,228.0,1,168,2010-05-10 15:55:00,2010-05-10 15:55:00,0.0,228.0,228.0,Low Value
16763.0,352.85,1,173,2009-01-12 15:26:00,2009-01-12 15:26:00,0.0,352.85,352.85,Medium Value
16765.0,420.75,1,307,,,,420.75,420.75,Medium Value
16767.0,2391.2,5,2662,2010-03-08 14:01:00,2010-06-08 14:12:00,92.0,478.23999999999995,2391.2,VIP
16768.0,1189.03,9,574,2009-07-12 11:47:00,2010-10-02 11:46:00,446.0,132.11444444444444,1189.03,High Value
16769.0,761.36,3,218,,,,253.78666666666666,761.36,High Value
16770.0,1155.13,6,654,2010-02-12 15:49:00,2010-02-12 15:49:00,0.0,192.52166666666668,1155.13,High Value
16771.0,1720.79,5,825,2009-09-12 11:52:00,2010-08-09 12:46:00,331.0,344.158,1720.79,VIP
16772.0,2785.6,5,560,2010-08-01 12:38:00,2010-12-10 13:19:00,131.0,557.12,2785.6,VIP
16773.0,249.65,2,81,2009-06-12 15:01:00,2009-06-12 15:01:00,0.0,124.825,249.65,Low Value
16774.0,932.93,4,463,2010-12-10 14:42:00,2010-12-10 14:42:00,0.0,233.2325,932.93,High Value
16775.0,1279.63,7,484,2010-03-11 16:05:00,2010-12-10 13:54:00,273.0,182.80428571428573,1279.63,High Value
16776.0,231.57,1,188,,,,231.57,231.57,Low Value
16777.0,1050.66,4,406,2010-04-11 17:03:00,2010-04-11 17:03:00,0.0,262.665,1050.66,High Value
16779.0,22527.56,35,14263,2009-03-12 13:03:00,2010-12-05 11:29:00,632.0,643.6445714285715,22527.56,VIP
16780.0,180.36,1,84,,,,180.36,180.36,Low Value
16781.0,606.4,3,190,2010-02-12 14:26:00,2010-09-12 15:18:00,212.0,202.13333333333333,606.4,Medium Value
16782.0,8106.71,33,3562,2009-09-12 11:58:00,2010-12-04 07:52:00,447.0,245.6578787878788,8106.71,VIP
16783.0,391.95,1,163,,,,391.95,391.95,Medium Value
16784.0,788.93,4,472,2010-03-08 09:14:00,2010-03-08 09:14:00,0.0,197.2325,788.93,High Value
16785.0,533.78,1,313,,,,533.78,533.78,Medium Value
16786.0,51.839999999999996,1,72,2010-11-11 08:25:00,2010-11-11 08:25:00,0.0,51.839999999999996,51.839999999999996,Low Value
16787.0,1035.43,4,474,2010-07-11 11:01:00,2010-12-09 10:49:00,150.0,258.8575,1035.43,High Value
16788.0,1352.82,3,674,2010-07-02 12:40:00,2010-07-06 15:31:00,4.0,450.94,1352.82,High Value
16791.0,2239.84,10,1088,2009-03-12 18:08:00,2010-09-03 13:26:00,539.0,223.984,2239.84,VIP
16792.0,513.08,3,280,2010-04-01 13:47:00,2010-04-01 13:47:00,0.0,171.02666666666667,513.08,Medium Value
16794.0,868.1999999999999,5,665,2010-06-05 19:57:00,2010-06-05 19:57:00,0.0,173.64,868.1999999999999,High Value
16795.0,2050.31,5,1206,2010-09-12 14:08:00,2010-09-12 14:08:00,0.0,410.062,2050.31,VIP
16797.0,1786.77,9,901,2009-02-12 12:34:00,2010-11-11 19:14:00,637.0,198.53,1786.77,VIP
16798.0,837.56,4,207,2009-10-12 19:35:00,2010-07-03 12:06:00,263.0,209.39,837.56,High Value
16799.0,491.03000000000003,3,175,2010-03-10 13:42:00,2010-12-09 12:46:00,273.0,163.67666666666668,491.03000000000003,Medium Value
16802.0,582.61,2,369,2009-09-12 13:00:00,2009-09-12 13:00:00,0.0,291.305,582.61,Medium Value
16805.0,636.65,3,583,2009-08-12 14:29:00,2010-11-05 15:03:00,450.0,212.21666666666667,636.65,Medium Value
16807.0,943.29,5,635,2010-02-03 11:38:00,2010-02-03 11:38:00,0.0,188.658,943.29,High Value
16809.0,812.74,4,441,2010-01-07 13:42:00,2010-09-09 13:52:00,245.0,203.185,812.74,High Value
16810.0,510.5,2,255,,,,255.25,510.5,Medium Value
16812.0,1737.45,4,1019,,,,434.3625,1737.45,VIP
16814.0,5990.61,16,2297,2010-02-08 15:25:00,2010-12-10 13:53:00,304.0,374.413125,5990.61,VIP
16815.0,410.97,2,238,2010-12-09 10:59:00,2010-12-09 10:59:00,0.0,205.485,410.97,Medium Value
16817.0,1147.6,7,703,2010-04-10 09:06:00,2010-09-12 15:30:00,155.0,163.94285714285712,1147.6,High Value
16819.0,182.59,2,253,,,,91.295,182.59,Low Value
16821.0,113.35,1,13,,,,113.35,113.35,Low Value
16822.0,144.84,3,166,2009-08-12 17:05:00,2009-08-12 17:05:00,0.0,48.28,144.84,Low Value
16823.0,1894.76,7,1031,2009-02-12 09:57:00,2010-03-11 12:45:00,392.0,270.68,1894.76,VIP
16824.0,225.6,1,154,2010-11-11 12:21:00,2010-11-11 12:21:00,0.0,225.6,225.6,Low Value
16825.0,1051.71,3,731,,,,350.57,1051.71,High Value
16827.0,392.13,5,125,2010-10-11 14:05:00,2010-11-11 14:04:00,30.0,78.426,392.13,Medium Value
16829.0,316.1,1,116,,,,316.1,316.1,Medium Value
16830.0,857.7900000000001,4,429,2010-02-02 08:57:00,2010-02-02 08:57:00,0.0,214.44750000000002,857.7900000000001,High Value
16831.0,91.8,1,48,,,,91.8,91.8,Low Value
16832.0,218.45999999999998,2,146,2010-07-09 12:35:00,2010-07-10 08:35:00,0.0,109.22999999999999,218.45999999999998,Low Value
16833.0,1302.51,2,438,,,,651.255,1302.51,High Value
16834.0,485.5,1,402,2010-03-02 14:24:00,2010-03-02 14:24:00,0.0,485.5,485.5,Medium Value
16835.0,1290.66,9,432,2010-01-12 17:15:00,2010-09-08 13:00:00,238.0,143.40666666666667,1290.66,High Value
16836.0,530.5,2,374,,,,265.25,530.5,Medium Value
16838.0,543.76,3,320,,,,181.25333333333333,543.76,Medium Value
16839.0,5610.49,13,2541,2010-05-12 11:15:00,2010-11-02 15:02:00,174.0,431.57615384615383,5610.49,VIP
16840.0,126.71000000000001,3,116,2010-03-02 12:42:00,2010-03-02 12:42:00,0.0,42.23666666666667,126.71000000000001,Low Value
16841.0,2066.54,7,1211,2010-07-10 15:45:00,2010-12-01 11:32:00,143.0,295.21999999999997,2066.54,VIP
16843.0,9344.96,21,8305,2009-10-12 11:40:00,2010-10-10 15:45:00,363.0,444.9980952380952,9344.96,VIP
16844.0,614.34,2,281,2010-06-05 09:16:00,2010-06-05 09:16:00,0.0,307.17,614.34,Medium Value
16845.0,253.88,1,167,,,,253.88,253.88,Low Value
16846.0,628.09,2,382,2010-10-03 12:03:00,2010-11-05 13:45:00,33.0,314.045,628.09,Medium Value
16847.0,421.45000000000005,1,177,,,,421.45000000000005,421.45000000000005,Medium Value
16848.0,1130.2,3,598,2010-03-10 11:01:00,2010-03-10 11:01:00,0.0,376.73333333333335,1130.2,High Value
16853.0,-67.5,1,-10,2009-08-12 17:32:00,2009-08-12 17:32:00,0.0,-67.5,-67.5,Low Value
16854.0,1408.96,2,997,2010-09-03 14:32:00,2010-09-03 14:32:00,0.0,704.48,1408.96,High Value
16856.0,323.09000000000003,2,159,,,,161.54500000000002,323.09000000000003,Medium Value
16857.0,352.8,1,168,,,,352.8,352.8,Medium Value
16858.0,4085.7400000000002,16,1379,2010-04-05 16:55:00,2010-12-02 11:50:00,240.0,255.35875000000001,4085.7400000000002,VIP
16859.0,1184.6,5,1072,2010-04-03 12:37:00,2010-07-07 09:37:00,94.0,236.92,1184.6,High Value
16860.0,1593.67,4,624,,,,398.4175,1593.67,High Value
16861.0,750.72,4,469,2010-04-11 16:50:00,2010-06-12 15:09:00,61.0,187.68,750.72,High Value
16862.0,662.33,4,513,2010-07-01 12:57:00,2010-10-06 13:05:00,97.0,165.5825,662.33,High Value
16863.0,495.72,2,336,2010-08-12 08:58:00,2010-08-12 08:58:00,0.0,247.86,495.72,Medium Value
16864.0,409.25,2,283,2010-01-10 16:16:00,2010-01-10 16:16:00,0.0,204.625,409.25,Medium Value
16865.0,130.95,1,157,2010-03-11 11:34:00,2010-03-11 11:34:00,0.0,130.95,130.95,Low Value
16867.0,76.74000000000001,1,58,,,,76.74000000000001,76.74000000000001,Low Value
16868.0,393.39,3,116,2010-03-10 11:26:00,2010-10-11 13:17:00,215.0,131.13,393.39,Medium Value
16870.0,450.15999999999997,1,278,,,,450.15999999999997,450.15999999999997,Medium Value
16872.0,533.11,3,479,2010-02-09 17:36:00,2010-12-09 11:43:00,302.0,177.70333333333335,533.11,Medium Value
16873.0,7480.72,7,4758,2010-06-10 15:34:00,2010-12-02 12:17:00,174.0,1068.6742857142858,7480.72,VIP
16874.0,217.74,1,81,,,,217.74,217.74,Low Value
16875.0,2029.73,11,1011,2010-01-10 16:51:00,2010-07-06 09:52:00,176.0,184.5209090909091,2029.73,VIP
16876.0,136.01,1,181,2010-01-11 11:59:00,2010-01-11 11:59:00,0.0,136.01,136.01,Low Value
16879.0,-140.95999999999998,2,-2,,,,-70.47999999999999,-140.95999999999998,Low Value
16880.0,321.78,1,158,2010-03-08 13:54:00,2010-03-08 13:54:00,0.0,321.78,321.78,Medium Value
16883.0,2109.91,19,975,2009-04-12 12:07:00,2010-12-07 13:32:00,604.0,111.0478947368421,2109.91,VIP
16884.0,644.08,2,201,2010-01-06 12:45:00,2010-01-06 12:45:00,0.0,322.04,644.08,Medium Value
16885.0,239.23000000000002,1,192,,,,239.23000000000002,239.23000000000002,Low Value
16886.0,0.0,2,0,2010-09-09 15:08:00,2010-09-09 15:08:00,0.0,0.0,0.0,Low Value
16887.0,465.84000000000003,2,267,2009-01-12 13:41:00,2010-04-11 11:29:00,453.0,232.92000000000002,465.84000000000003,Medium Value
16888.0,437.15,3,147,2010-01-02 17:21:00,2010-07-01 13:07:00,179.0,145.71666666666667,437.15,Medium Value
16889.0,952.23,3,691,2010-07-11 10:46:00,2010-11-07 10:49:00,119.0,317.41,952.23,High Value
16890.0,285.41,3,243,2010-06-05 16:27:00,2010-06-05 16:27:00,0.0,95.13666666666667,285.41,Medium Value
16891.0,1247.1200000000001,7,491,2009-04-12 12:37:00,2010-12-05 12:09:00,601.0,178.16000000000003,1247.1200000000001,High Value
16892.0,236.56,2,131,2009-08-12 14:20:00,2010-03-06 15:17:00,206.0,118.28,236.56,Low Value
16893.0,255.84,2,120,2010-08-12 12:06:00,2010-08-12 12:06:00,0.0,127.92,255.84,Low Value
16894.0,1282.36,5,501,,,,256.472,1282.36,High Value
16895.0,902.28,4,331,2010-11-06 11:19:00,2010-12-02 11:07:00,25.0,225.57,902.28,High Value
16896.0,103.95,1,18,2010-02-06 15:40:00,2010-02-06 15:40:00,0.0,103.95,103.95,Low Value
16898.0,443.21,4,353,2010-06-12 12:23:00,2010-12-05 12:18:00,175.0,110.8025,443.21,Medium Value
16899.0,439.46000000000004,2,296,2010-07-11 15:00:00,2010-07-11 15:00:00,0.0,219.73000000000002,439.46000000000004,Medium Value
16901.0,204.26,1,42,2009-10-12 16:30:00,2009-10-12 16:30:00,0.0,204.26,204.26,Low Value
16903.0,656.74,3,459,,,,218.91333333333333,656.74,High Value
16904.0,1378.1,7,775,2010-07-11 12:03:00,2010-07-12 13:30:00,1.0,196.87142857142857,1378.1,High Value
16905.0,1919.02,13,649,2009-10-12 20:04:00,2010-03-12 10:43:00,150.0,147.6169230769231,1919.02,VIP
16906.0,869.03,3,332,2010-07-10 15:01:00,2010-07-10 15:01:00,0.0,289.6766666666667,869.03,High Value
16907.0,726.25,5,234,2010-01-07 17:30:00,2010-09-12 16:52:00,247.0,145.25,726.25,High Value
16908.0,153.59,2,41,,,,76.795,153.59,Low Value
16911.0,251.35,3,159,,,,83.78333333333333,251.35,Low Value
16912.0,1904.93,4,664,2009-09-12 12:32:00,2009-09-12 12:32:00,0.0,476.2325,1904.93,VIP
16913.0,310.46999999999997,2,147,,,,155.23499999999999,310.46999999999997,Medium Value
16915.0,921.5,5,58,2010-02-09 12:26:00,2010-11-10 15:00:00,274.0,184.3,921.5,High Value
16916.0,547.14,3,324,2010-01-11 13:41:00,2010-02-12 13:14:00,31.0,182.38,547.14,Medium Value
16917.0,1457.3600000000001,2,560,2009-11-12 13:07:00,2009-11-12 13:07:00,0.0,728.6800000000001,1457.3600000000001,High Value
16918.0,2094.72,12,1341,2009-03-12 12:27:00,2010-11-03 19:57:00,601.0,174.55999999999997,2094.72,VIP
16919.0,2457.36,18,996,2010-02-09 12:22:00,2010-11-10 13:17:00,274.0,136.52,2457.36,VIP
16920.0,355.45,1,81,,,,355.45,355.45,Medium Value
16921.0,276.88,2,128,,,,138.44,276.88,Low Value
16922.0,611.08,1,281,,,,611.08,611.08,Medium Value
16923.0,6126.55,15,2850,2010-02-07 11:34:00,2010-07-11 11:12:00,153.0,408.43666666666667,6126.55,VIP
16925.0,125.65,1,123,,,,125.65,125.65,Low Value
16926.0,1180.15,6,201,2010-01-07 12:57:00,2010-10-08 14:07:00,274.0,196.6916666666667,1180.15,High Value
16928.0,1212.08,15,592,2010-01-12 15:21:00,2010-10-09 14:31:00,269.0,80.80533333333332,1212.08,High Value
16931.0,629.4,3,305,2010-05-12 11:40:00,2010-07-11 13:24:00,60.0,209.79999999999998,629.4,Medium Value
16932.0,278.77,2,142,2010-12-10 14:14:00,2010-12-10 14:14:00,0.0,139.385,278.77,Low Value
16933.0,2569.52,11,1245,2009-09-12 15:03:00,2010-11-03 13:46:00,416.0,233.59272727272727,2569.52,VIP
16934.0,1139.81,5,537,2010-05-05 10:19:00,2010-07-07 13:43:00,63.0,227.962,1139.81,High Value
16935.0,535.1,3,278,,,,178.36666666666667,535.1,Medium Value
16936.0,288.49,1,169,,,,288.49,288.49,Medium Value
16937.0,202.1,1,126,,,,202.1,202.1,Low Value
16938.0,4306.8,5,2544,2010-03-08 14:23:00,2010-05-10 14:05:00,62.0,861.36,4306.8,VIP
16939.0,449.0,3,232,2010-08-08 12:24:00,2010-08-08 12:24:00,0.0,149.66666666666666,449.0,Medium Value
16940.0,3195.5299999999997,8,2301,2009-08-12 13:08:00,2009-08-12 13:08:00,0.0,399.44124999999997,3195.5299999999997,VIP
16941.0,33.0,1,12,2010-07-04 11:13:00,2010-07-04 11:13:00,0.0,33.0,33.0,Low Value
16943.0,0.0,4,0,2010-10-06 14:12:00,2010-10-06 14:12:00,0.0,0.0,0.0,Low Value
16944.0,101.36,1,27,2010-09-04 11:03:00,2010-09-04 11:03:00,0.0,101.36,101.36,Low Value
16945.0,4185.16,16,3150,2009-09-12 11:33:00,2010-11-11 12:19:00,425.0,261.5725,4185.16,VIP
16946.0,1199.54,6,503,2010-02-03 10:49:00,2010-10-03 10:42:00,241.0,199.92333333333332,1199.54,High Value
16947.0,490.25,9,301,2010-02-11 15:52:00,2010-09-03 16:43:00,204.0,54.47222222222222,490.25,Medium Value
16948.0,433.75,4,477,2010-06-10 13:08:00,2010-10-05 09:50:00,116.0,108.4375,433.75,Medium Value
16950.0,2546.63,10,1755,2010-07-12 15:20:00,2010-07-12 15:20:00,0.0,254.663,2546.63,VIP
16952.0,631.17,3,252,2009-11-12 13:52:00,2010-07-09 14:31:00,239.0,210.39,631.17,Medium Value
16954.0,3952.25,12,3023,2010-02-03 13:39:00,2010-12-02 12:51:00,301.0,329.3541666666667,3952.25,VIP
16955.0,767.49,6,550,2009-01-12 12:44:00,2010-06-12 10:38:00,515.0,127.915,767.49,High Value
16958.0,809.44,1,561,,,,809.44,809.44,High Value
16960.0,1514.93,6,1200,2010-01-06 11:27:00,2010-09-11 12:50:00,248.0,252.48833333333334,1514.93,High Value
16961.0,538.84,5,354,2009-04-12 09:37:00,2010-05-07 11:47:00,390.0,107.768,538.84,Medium Value
16962.0,251.04,1,158,,,,251.04,251.04,Low Value
16964.0,207.85,2,49,2009-06-12 12:51:00,2009-06-12 12:53:00,0.0,103.925,207.85,Low Value
16970.0,71.4,1,12,,,,71.4,71.4,Low Value
16972.0,786.25,2,190,2010-09-09 11:20:00,2010-09-09 11:20:00,0.0,393.125,786.25,High Value
16973.0,127.0,1,60,,,,127.0,127.0,Low Value
16974.0,365.5,2,70,2010-05-07 10:18:00,2010-05-07 10:18:00,0.0,182.75,365.5,Medium Value
16975.0,902.4200000000001,5,580,2010-12-10 17:53:00,2010-12-10 17:53:00,0.0,180.484,902.4200000000001,High Value
16977.0,496.0,4,142,2010-02-05 10:38:00,2010-09-11 13:17:00,218.0,124.0,496.0,Medium Value
16978.0,424.55,2,119,2010-11-02 16:27:00,2010-11-02 16:33:00,0.0,212.275,424.55,Medium Value
16979.0,978.04,4,580,2010-07-10 16:11:00,2010-07-10 16:11:00,0.0,244.51,978.04,High Value
16980.0,394.37,1,251,2010-07-10 14:05:00,2010-07-10 14:05:00,0.0,394.37,394.37,Medium Value
16981.0,-4620.86,1,-1,,,,-4620.86,-4620.86,Low Value
16983.0,1778.97,5,1129,2010-05-12 12:34:00,2010-05-12 12:34:00,0.0,355.794,1778.97,VIP
16984.0,6207.0,14,2889,2010-05-11 14:01:00,2010-07-06 13:02:00,55.0,443.35714285714283,6207.0,VIP
16985.0,5084.14,15,1268,2009-10-12 13:34:00,2010-11-08 12:59:00,391.0,338.9426666666667,5084.14,VIP
16986.0,3015.55,9,1499,2010-04-02 14:46:00,2010-04-02 15:41:00,0.0,335.06111111111113,3015.55,VIP
16987.0,898.95,5,275,2009-02-12 14:34:00,2010-12-04 15:59:00,660.0,179.79000000000002,898.95,High Value
16988.0,256.55,1,115,,,,256.55,256.55,Low Value
16990.0,165.0,1,100,,,,165.0,165.0,Low Value
16991.0,1041.21,1,793,,,,1041.21,1041.21,High Value
16992.0,3858.2400000000002,9,1200,2010-11-02 12:36:00,2010-11-02 12:36:00,0.0,428.6933333333334,3858.2400000000002,VIP
16993.0,1688.15,3,261,2010-02-09 12:16:00,2010-12-05 13:55:00,299.0,562.7166666666667,1688.15,VIP
16994.0,-779.32,1,-1,,,,-779.32,-779.32,Low Value
16995.0,-1.25,1,-1,2010-02-12 17:09:00,2010-02-12 17:09:00,0.0,-1.25,-1.25,Low Value
16996.0,616.7,4,352,2010-03-11 12:36:00,2010-03-11 12:36:00,0.0,154.175,616.7,Medium Value
16998.0,107.0,1,28,,,,107.0,107.0,Low Value
17000.0,406.3,2,305,2010-08-11 13:35:00,2010-08-11 13:35:00,0.0,203.15,406.3,Medium Value
17001.0,2651.23,8,1618,2010-06-08 14:22:00,2010-06-08 14:22:00,0.0,331.40375,2651.23,VIP
17002.0,1077.82,4,586,2010-06-05 09:58:00,2010-08-03 15:48:00,59.0,269.455,1077.82,High Value
17003.0,830.16,4,495,2010-02-11 13:07:00,2010-12-10 16:08:00,302.0,207.54,830.16,High Value
17004.0,1012.22,2,462,2010-11-10 15:43:00,2010-12-11 13:17:00,30.0,506.11,1012.22,High Value
17005.0,732.41,3,786,,,,244.13666666666666,732.41,High Value
17006.0,854.54,4,301,2010-05-03 13:33:00,2010-12-11 13:43:00,222.0,213.635,854.54,High Value
17007.0,230.17000000000002,1,120,,,,230.17000000000002,230.17000000000002,Low Value
17008.0,81.36,1,24,2010-06-10 15:19:00,2010-06-10 15:19:00,0.0,81.36,81.36,Low Value
17009.0,242.06,1,336,2010-06-06 16:01:00,2010-06-06 16:01:00,0.0,242.06,242.06,Low Value
17011.0,265.8,3,498,2010-02-03 13:48:00,2010-02-03 13:50:00,0.0,88.60000000000001,265.8,Low Value
17012.0,384.16,1,268,,,,384.16,384.16,Medium Value
17013.0,-3224.76,2,-2,,,,-1612.38,-3224.76,Low Value
17016.0,552.4,1,309,2010-12-05 12:32:00,2010-12-05 12:32:00,0.0,552.4,552.4,Medium Value
17017.0,-486.6999999999997,18,3888,2009-03-12 13:22:00,2010-09-12 15:35:00,549.0,-27.038888888888874,-486.6999999999997,Low Value
17018.0,1367.6,4,280,2009-05-12 10:27:00,2010-11-05 12:33:00,542.0,341.9,1367.6,High Value
17019.0,2678.89,10,1794,2009-02-12 10:34:00,2010-06-12 12:55:00,485.0,267.889,2678.89,VIP
17020.0,935.62,2,860,2010-03-03 12:27:00,2010-03-03 12:27:00,0.0,467.81,935.62,High Value
17021.0,1182.22,6,992,2010-04-07 10:30:00,2010-12-09 15:38:00,246.0,197.03666666666666,1182.22,High Value
17022.0,189.0,1,72,2010-03-10 10:27:00,2010-03-10 10:27:00,0.0,189.0,189.0,Low Value
17023.0,800.18,3,530,2010-10-08 10:22:00,2010-11-01 15:09:00,24.0,266.72666666666663,800.18,High Value
17025.0,1152.87,4,789,2010-01-12 15:45:00,2010-08-03 13:37:00,202.0,288.2175,1152.87,High Value
17026.0,54.15,2,35,2010-05-12 12:47:00,2010-05-12 12:47:00,0.0,27.075,54.15,Low Value
17027.0,436.82,3,232,2009-10-12 12:10:00,2009-10-12 12:10:00,0.0,145.60666666666665,436.82,Medium Value
17028.0,1593.83,3,856,2010-07-05 15:33:00,2010-07-05 15:33:00,0.0,531.2766666666666,1593.83,High Value
17029.0,1421.3,5,865,2010-01-07 08:39:00,2010-10-03 13:34:00,269.0,284.26,1421.3,High Value
17031.0,2393.5,4,1360,2010-07-05 14:52:00,2010-07-09 15:30:00,4.0,598.375,2393.5,VIP
17032.0,2150.06,13,1684,2009-10-12 15:36:00,2010-10-06 12:16:00,358.0,165.38923076923078,2150.06,VIP
17033.0,302.65000000000003,1,121,2010-07-11 12:55:00,2010-07-11 12:55:00,0.0,302.65000000000003,302.65000000000003,Medium Value
17034.0,504.75,3,273,,,,168.25,504.75,Medium Value
17035.0,180.06,2,98,2009-03-12 10:37:00,2009-03-12 10:37:00,0.0,90.03,180.06,Low Value
17036.0,176.9,1,76,,,,176.9,176.9,Low Value
17038.0,630.77,1,507,,,,630.77,630.77,Medium Value
17039.0,1954.99,1,689,,,,1954.99,1954.99,VIP
17040.0,13.52,1,8,2010-07-06 15:08:00,2010-07-06 15:08:00,0.0,13.52,13.52,Low Value
17041.0,604.71,3,386,2010-07-11 12:56:00,2010-07-11 12:56:00,0.0,201.57000000000002,604.71,Medium Value
17043.0,881.37,4,626,2009-09-12 15:20:00,2010-08-11 14:53:00,332.0,220.3425,881.37,High Value
17044.0,10970.17,13,5205,2009-07-12 12:25:00,2010-10-03 10:53:00,447.0,843.8592307692307,10970.17,VIP
17045.0,488.24,2,188,2010-06-10 14:52:00,2010-06-10 14:52:00,0.0,244.12,488.24,Medium Value
17046.0,1264.05,4,1126,2010-12-08 12:37:00,2010-12-08 12:39:00,0.0,316.0125,1264.05,High Value
17047.0,1188.33,3,651,2009-08-12 08:48:00,2010-08-04 14:28:00,357.0,396.10999999999996,1188.33,High Value
17048.0,1127.13,5,559,2010-12-04 17:23:00,2010-12-04 17:32:00,0.0,225.42600000000002,1127.13,High Value
17049.0,3999.0,14,1548,2010-02-08 09:14:00,2010-09-03 16:11:00,207.0,285.64285714285717,3999.0,VIP
17050.0,1162.82,6,836,2010-08-08 12:57:00,2010-08-08 12:57:00,0.0,193.8033333333333,1162.82,High Value
17051.0,467.25,3,329,2010-02-05 15:31:00,2010-02-05 15:31:00,0.0,155.75,467.25,Medium Value
17055.0,239.55,1,87,,,,239.55,239.55,Low Value
17056.0,128.60000000000002,1,26,2009-01-12 12:55:00,2009-01-12 12:55:00,0.0,128.60000000000002,128.60000000000002,Low Value
17057.0,294.74,1,129,,,,294.74,294.74,Medium Value
17059.0,2489.79,6,1723,2010-05-12 12:35:00,2010-12-08 16:38:00,210.0,414.965,2489.79,VIP
17062.0,669.85,4,492,2010-05-12 11:59:00,2010-09-12 12:37:00,123.0,167.4625,669.85,High Value
17063.0,2155.29,12,1119,2009-01-12 12:36:00,2010-10-08 12:06:00,633.0,179.6075,2155.29,VIP
17065.0,194.7,2,82,2010-12-03 11:40:00,2010-12-03 11:41:00,0.0,97.35,194.7,Low Value
17066.0,228.34,1,93,,,,228.34,228.34,Low Value
17067.0,454.54,3,322,2009-08-12 12:03:00,2009-08-12 12:04:00,0.0,151.51333333333335,454.54,Medium Value
17068.0,4595.09,28,2268,2010-01-11 11:48:00,2010-12-07 14:52:00,330.0,164.11035714285714,4595.09,VIP
17069.0,3063.18,9,1809,2009-03-12 12:27:00,2010-06-05 15:05:00,450.0,340.3533333333333,3063.18,VIP
17070.0,133.18,1,101,,,,133.18,133.18,Low Value
17071.0,1352.97,6,734,2010-07-06 09:43:00,2010-07-06 09:43:00,0.0,225.495,1352.97,High Value
17072.0,282.05,1,218,,,,282.05,282.05,Low Value
17074.0,203.05,1,19,,,,203.05,203.05,Low Value
17075.0,1407.61,6,495,2010-06-10 13:24:00,2010-06-10 13:24:00,0.0,234.60166666666666,1407.61,High Value
17076.0,401.66999999999996,3,219,2009-04-12 12:12:00,2010-12-11 10:51:00,607.0,133.89,401.66999999999996,Medium Value
17077.0,306.0,1,36,2010-10-05 16:36:00,2010-10-05 16:36:00,0.0,306.0,306.0,Medium Value
17080.0,669.91,5,403,2010-01-07 16:03:00,2010-05-07 13:15:00,119.0,133.982,669.91,High Value
17081.0,674.23,4,311,2010-09-11 12:44:00,2010-09-11 12:44:00,0.0,168.5575,674.23,High Value
17082.0,2728.18,4,1477,2010-10-11 09:19:00,2010-10-11 09:19:00,0.0,682.045,2728.18,VIP
17083.0,2629.3,8,1178,2009-11-12 13:41:00,2010-09-02 11:46:00,293.0,328.6625,2629.3,VIP
17084.0,2249.97,2,1475,2010-08-11 12:00:00,2010-08-11 14:20:00,0.0,1124.985,2249.97,VIP
17085.0,6202.36,26,2771,2009-06-12 12:16:00,2010-11-07 12:00:00,512.0,238.5523076923077,6202.36,VIP
17087.0,221.53,1,113,2009-02-12 10:41:00,2009-02-12 10:41:00,0.0,221.53,221.53,Low Value
17089.0,128.45,1,35,,,,128.45,128.45,Low Value
17090.0,1014.09,7,417,,,,144.87,1014.09,High Value
17091.0,3974.69,14,2096,2009-01-12 13:40:00,2010-12-10 17:35:00,697.0,283.9064285714286,3974.69,VIP
17092.0,3785.53,10,2664,2010-02-02 16:42:00,2010-12-05 16:42:00,306.0,378.553,3785.53,VIP
17093.0,235.88,1,114,,,,235.88,235.88,Low Value
17094.0,100.2,1,60,2010-12-10 10:48:00,2010-12-10 10:48:00,0.0,100.2,100.2,Low Value
17095.0,1224.39,6,1067,2010-05-10 09:45:00,2010-11-10 16:25:00,184.0,204.06500000000003,1224.39,High Value
17096.0,2698.15,10,1226,2010-02-06 14:48:00,2010-02-06 14:48:00,0.0,269.815,2698.15,VIP
17097.0,386.03,2,201,2010-05-10 14:09:00,2010-09-12 14:55:00,125.0,193.015,386.03,Medium Value
17098.0,591.0699999999999,3,125,,,,197.0233333333333,591.0699999999999,Medium Value
17099.0,582.17,1,317,,,,582.17,582.17,Medium Value
17101.0,885.3199999999999,3,360,2010-07-06 15:12:00,2010-10-11 10:15:00,96.0,295.1066666666666,885.3199999999999,High Value
17103.0,424.3,1,471,,,,424.3,424.3,Medium Value
17104.0,474.03,1,149,2010-12-10 12:21:00,2010-12-10 12:21:00,0.0,474.03,474.03,Medium Value
17106.0,491.23,1,156,,,,491.23,491.23,Medium Value
17107.0,5236.39,6,2695,2010-03-06 19:05:00,2010-07-11 13:51:00,126.0,872.7316666666667,5236.39,VIP
17108.0,174.95,1,31,,,,174.95,174.95,Low Value
17109.0,410.42,2,200,,,,205.21,410.42,Medium Value
17110.0,347.4,2,92,2010-07-07 12:21:00,2010-08-04 13:32:00,28.0,173.7,347.4,Medium Value
17111.0,227.97,1,299,2010-10-10 15:21:00,2010-10-10 15:21:00,0.0,227.97,227.97,Low Value
17112.0,205.17,1,134,,,,205.17,205.17,Low Value
17113.0,2109.16,8,816,2010-11-01 10:14:00,2010-11-04 13:07:00,3.0,263.645,2109.16,VIP
17115.0,1809.39,8,497,2009-05-12 12:13:00,2010-09-06 11:10:00,481.0,226.17375,1809.39,VIP
17116.0,389.78,1,392,2010-01-03 16:29:00,2010-01-03 16:29:00,0.0,389.78,389.78,Medium Value
17121.0,314.74,1,106,2010-02-11 11:47:00,2010-02-11 11:47:00,0.0,314.74,314.74,Medium Value
17122.0,432.18,3,288,,,,144.06,432.18,Medium Value
17123.0,631.87,2,430,,,,315.935,631.87,Medium Value
17126.0,1065.69,4,676,2010-03-10 13:47:00,2010-03-11 14:55:00,1.0,266.4225,1065.69,High Value
17127.0,1155.0300000000002,5,340,2009-04-12 15:18:00,2010-07-10 09:54:00,453.0,231.00600000000003,1155.0300000000002,High Value
17129.0,31.85,1,5,2010-07-07 13:46:00,2010-07-07 13:46:00,0.0,31.85,31.85,Low Value
17130.0,-18.38,1,-1,,,,-18.38,-18.38,Low Value
17132.0,1272.8,2,980,2010-08-08 13:49:00,2010-08-08 13:49:00,0.0,636.4,1272.8,High Value
17133.0,8079.85,6,6289,2010-07-06 16:52:00,2010-11-04 11:22:00,120.0,1346.6416666666667,8079.85,VIP
17134.0,212.1,1,46,,,,212.1,212.1,Low Value
17135.0,803.51,5,672,2010-03-12 09:31:00,2010-11-11 19:15:00,244.0,160.702,803.51,High Value
17136.0,231.68,1,256,,,,231.68,231.68,Low Value
17137.0,1133.63,6,697,2010-09-05 12:10:00,2010-09-08 12:51:00,3.0,188.93833333333336,1133.63,High Value
17138.0,4036.77,6,1898,2010-04-02 14:19:00,2010-09-03 10:18:00,153.0,672.795,4036.77,VIP
17139.0,8906.04,14,4676,2010-08-08 14:11:00,2010-11-02 08:51:00,85.0,636.1457142857143,8906.04,VIP
17141.0,754.33,4,436,,,,188.5825,754.33,High Value
17142.0,704.75,3,242,,,,234.91666666666666,704.75,High Value
17143.0,924.11,2,330,2010-12-07 13:26:00,2010-12-07 13:26:00,0.0,462.055,924.11,High Value
17145.0,3014.64,7,2563,2010-06-07 16:14:00,2010-06-07 16:26:00,0.0,430.66285714285715,3014.64,VIP
17146.0,5046.21,13,1964,2010-01-07 09:36:00,2010-11-06 12:04:00,303.0,388.17,5046.21,VIP
17147.0,1389.51,10,417,2010-04-06 14:37:00,2010-12-04 09:59:00,241.0,138.951,1389.51,High Value
17149.0,143.10000000000002,1,18,,,,143.10000000000002,143.10000000000002,Low Value
17150.0,1375.65,6,403,2009-06-12 10:51:00,2010-03-10 12:05:00,271.0,229.275,1375.65,High Value
17151.0,231.90000000000003,1,42,2009-04-12 14:56:00,2009-04-12 14:56:00,0.0,231.90000000000003,231.90000000000003,Low Value
17152.0,327.0,1,60,2010-10-10 12:40:00,2010-10-10 12:40:00,0.0,327.0,327.0,Medium Value
17155.0,640.76,5,745,2009-03-12 11:34:00,2009-08-12 12:46:00,153.0,128.152,640.76,Medium Value
17156.0,572.07,2,385,2010-05-08 11:30:00,2010-12-08 15:53:00,214.0,286.035,572.07,Medium Value
17157.0,4832.9,17,1920,2009-04-12 13:00:00,2010-09-03 10:45:00,508.0,284.2882352941176,4832.9,VIP
17158.0,695.33,3,365,2010-07-03 15:50:00,2010-10-06 10:38:00,94.0,231.77666666666667,695.33,High Value
17159.0,560.71,2,237,2010-04-03 14:53:00,2010-04-03 14:53:00,0.0,280.355,560.71,Medium Value
17160.0,6683.33,12,5530,2009-04-12 10:57:00,2010-08-02 13:50:00,477.0,556.9441666666667,6683.33,VIP
17161.0,856.01,1,537,,,,856.01,856.01,High Value
17163.0,406.68,2,465,2010-02-02 10:39:00,2010-02-02 10:39:00,0.0,203.34,406.68,Medium Value
17165.0,1624.95,7,685,2009-11-12 09:18:00,2010-12-01 15:50:00,384.0,232.1357142857143,1624.95,High Value
17167.0,867.11,3,429,,,,289.0366666666667,867.11,High Value
17168.0,400.2,1,220,,,,400.2,400.2,Medium Value
17169.0,313.0,2,140,2010-10-05 13:00:00,2010-10-05 13:00:00,0.0,156.5,313.0,Medium Value
17170.0,118.98,3,146,2010-02-11 17:45:00,2010-02-11 17:45:00,0.0,39.660000000000004,118.98,Low Value
17171.0,159.68,1,40,,,,159.68,159.68,Low Value
17172.0,597.73,4,719,2010-05-10 12:02:00,2010-08-10 14:09:00,92.0,149.4325,597.73,Medium Value
17176.0,596.1899999999999,2,406,2010-01-07 12:11:00,2010-01-07 12:11:00,0.0,298.09499999999997,596.1899999999999,Medium Value
17177.0,119.5,1,40,,,,119.5,119.5,Low Value
17178.0,436.71,1,101,2009-08-12 16:20:00,2009-08-12 16:20:00,0.0,436.71,436.71,Medium Value
17179.0,795.47,3,335,,,,265.1566666666667,795.47,High Value
17180.0,1455.95,8,1142,2010-08-04 17:44:00,2010-12-05 17:20:00,122.0,181.99375,1455.95,High Value
17181.0,225.45000000000002,2,243,2010-01-12 12:38:00,2010-01-12 12:38:00,0.0,112.72500000000001,225.45000000000002,Low Value
17182.0,321.3,2,54,,,,160.65,321.3,Medium Value
17184.0,198.41000000000003,2,73,2009-09-12 14:17:00,2009-09-12 14:17:00,0.0,99.20500000000001,198.41000000000003,Low Value
17185.0,229.46,3,119,,,,76.48666666666666,229.46,Low Value
17187.0,263.76,1,282,2010-01-07 14:38:00,2010-01-07 14:38:00,0.0,263.76,263.76,Low Value
17188.0,2086.25,8,1234,2009-08-12 19:16:00,2010-11-01 15:33:00,445.0,260.78125,2086.25,VIP
17189.0,573.23,3,377,2009-02-12 11:45:00,2009-02-12 11:45:00,0.0,191.07666666666668,573.23,Medium Value
17190.0,1298.3,5,2064,2010-01-11 14:11:00,2010-08-06 12:16:00,206.0,259.65999999999997,1298.3,High Value
17191.0,2715.42,12,1367,2009-01-12 16:34:00,2010-11-06 14:37:00,662.0,226.285,2715.42,VIP
17192.0,77.83,1,46,,,,77.83,77.83,Low Value
17193.0,580.14,3,378,2009-02-12 10:02:00,2009-04-12 14:40:00,59.0,193.38,580.14,Medium Value
17194.0,549.88,1,301,,,,549.88,549.88,Medium Value
17195.0,562.98,1,486,,,,562.98,562.98,Medium Value
17196.0,352.9,1,168,2010-08-10 11:31:00,2010-08-10 11:31:00,0.0,352.9,352.9,Medium Value
17198.0,521.66,2,242,2010-03-12 14:54:00,2010-09-12 13:34:00,183.0,260.83,521.66,Medium Value
17199.0,145.12,1,304,2010-06-05 13:53:00,2010-06-05 13:53:00,0.0,145.12,145.12,Low Value
17200.0,356.71,4,367,,,,89.1775,356.71,Medium Value
17201.0,883.81,4,783,2010-04-07 11:40:00,2010-10-02 12:26:00,178.0,220.9525,883.81,High Value
17202.0,160.65,1,55,,,,160.65,160.65,Low Value
17203.0,2012.03,4,1756,,,,503.0075,2012.03,VIP
17204.0,3910.78,6,2002,2010-10-06 11:37:00,2010-10-06 11:37:00,0.0,651.7966666666667,3910.78,VIP
17205.0,615.27,2,1330,,,,307.635,615.27,Medium Value
17207.0,303.21999999999997,1,241,,,,303.21999999999997,303.21999999999997,Medium Value
17208.0,115.35,1,103,2010-09-11 12:50:00,2010-09-11 12:50:00,0.0,115.35,115.35,Low Value
17209.0,611.6,3,731,2009-03-12 11:10:00,2009-11-12 11:41:00,245.0,203.86666666666667,611.6,Medium Value
17210.0,253.37,1,243,2010-12-11 12:15:00,2010-12-11 12:15:00,0.0,253.37,253.37,Low Value
17211.0,1702.43,7,1018,2010-01-02 14:02:00,2010-05-12 12:44:00,129.0,243.20428571428573,1702.43,VIP
17212.0,567.5600000000001,2,580,2010-07-09 15:46:00,2010-10-08 09:22:00,90.0,283.78000000000003,567.5600000000001,Medium Value
17213.0,2337.85,10,990,2009-08-12 12:51:00,2010-09-03 14:16:00,387.0,233.785,2337.85,VIP
17215.0,186.15,1,104,2010-01-09 13:39:00,2010-01-09 13:39:00,0.0,186.15,186.15,Low Value
17216.0,65.05,1,22,2010-03-06 13:03:00,2010-03-06 13:03:00,0.0,65.05,65.05,Low Value
17217.0,104.5,1,71,,,,104.5,104.5,Low Value
17218.0,2231.96,9,1242,2010-01-04 19:54:00,2010-10-11 15:41:00,279.0,247.99555555555557,2231.96,VIP
17219.0,144.9,1,99,,,,144.9,144.9,Low Value
17220.0,1283.5,7,794,2010-08-09 13:43:00,2010-10-03 13:26:00,54.0,183.35714285714286,1283.5,High Value
17221.0,643.39,3,427,2010-11-04 15:34:00,2010-11-04 15:38:00,0.0,214.46333333333334,643.39,Medium Value
17222.0,1250.86,5,735,2010-01-03 16:35:00,2010-10-01 15:24:00,270.0,250.17199999999997,1250.86,High Value
17223.0,446.74,2,110,2010-06-12 14:08:00,2010-06-12 14:08:00,0.0,223.37,446.74,Medium Value
17224.0,100.86,1,65,,,,100.86,100.86,Low Value
17225.0,131.15,1,36,2010-07-05 11:38:00,2010-07-05 11:38:00,0.0,131.15,131.15,Low Value
17226.0,506.63,2,449,2010-12-02 14:31:00,2010-12-02 14:31:00,0.0,253.315,506.63,Medium Value
17227.0,1082.71,7,1033,2010-01-07 15:08:00,2010-07-06 11:25:00,179.0,154.67285714285714,1082.71,High Value
17228.0,1271.1499999999999,7,1036,2010-02-05 14:28:00,2010-12-03 11:54:00,300.0,181.59285714285713,1271.1499999999999,High Value
17230.0,6229.24,12,2246,2009-08-12 13:41:00,2010-08-02 10:09:00,354.0,519.1033333333334,6229.24,VIP
17231.0,3963.25,21,1984,2009-07-12 16:38:00,2010-08-07 19:12:00,391.0,188.72619047619048,3963.25,VIP
17233.0,369.98,2,167,,,,184.99,369.98,Medium Value
17235.0,1354.82,7,747,2010-02-12 13:38:00,2010-04-08 16:28:00,55.0,193.54571428571427,1354.82,High Value
17236.0,1013.13,6,330,2010-02-07 11:27:00,2010-07-03 13:00:00,146.0,168.855,1013.13,High Value
17237.0,687.39,2,310,,,,343.695,687.39,High Value
17238.0,4038.45,17,1898,2009-01-12 10:59:00,2010-11-05 12:14:00,662.0,237.55588235294115,4038.45,VIP
17239.0,794.2,4,364,2009-10-12 15:58:00,2010-10-10 13:24:00,362.0,198.55,794.2,High Value
17240.0,130.6,1,108,,,,130.6,130.6,Low Value
17241.0,2744.14,12,865,2010-01-03 10:36:00,2010-12-07 13:15:00,338.0,228.6783333333333,2744.14,VIP
17242.0,1754.24,3,848,2010-06-05 13:19:00,2010-09-09 10:44:00,95.0,584.7466666666667,1754.24,VIP
17243.0,12080.66,51,4809,2009-01-12 15:36:00,2010-12-08 14:16:00,694.0,236.8756862745098,12080.66,VIP
17244.0,871.14,4,803,2009-06-12 11:27:00,2009-06-12 11:27:00,0.0,217.785,871.14,High Value
17245.0,200.18,1,232,,,,200.18,200.18,Low Value
17246.0,38.92,2,36,2009-01-12 17:45:00,2010-11-06 12:36:00,662.0,19.46,38.92,Low Value
17248.0,227.51,1,79,,,,227.51,227.51,Low Value
17249.0,68.03,1,79,2010-07-10 11:33:00,2010-07-10 11:33:00,0.0,68.03,68.03,Low Value
17251.0,520.45,3,267,,,,173.48333333333335,520.45,Medium Value
17254.0,198.29,1,146,2010-03-11 14:00:00,2010-03-11 14:00:00,0.0,198.29,198.29,Low Value
17255.0,500.72,2,362,,,,250.36,500.72,Medium Value
17256.0,258.93,3,158,,,,86.31,258.93,Low Value
17257.0,192.73,2,188,,,,96.365,192.73,Low Value
17258.0,417.3,2,188,2010-08-11 12:37:00,2010-12-02 15:51:00,113.0,208.65,417.3,Medium Value
17259.0,1285.97,5,748,2010-06-12 12:55:00,2010-06-12 12:55:00,0.0,257.194,1285.97,High Value
17260.0,120.95,1,23,,,,120.95,120.95,Low Value
17261.0,230.44,1,98,,,,230.44,230.44,Low Value
17262.0,1504.26,7,342,2010-08-12 13:30:00,2010-08-12 13:30:00,0.0,214.8942857142857,1504.26,High Value
17264.0,279.59,1,227,2010-11-10 12:52:00,2010-11-10 12:52:00,0.0,279.59,279.59,Low Value
17266.0,207.09,2,91,2010-09-03 10:42:00,2010-09-03 10:42:00,0.0,103.545,207.09,Low Value
17268.0,970.25,7,551,2009-08-12 11:46:00,2010-12-04 16:01:00,479.0,138.60714285714286,970.25,High Value
17269.0,537.46,1,336,,,,537.46,537.46,Medium Value
17270.0,604.4,2,421,2009-07-12 17:18:00,2009-07-12 17:18:00,0.0,302.2,604.4,Medium Value
17271.0,210.39,1,117,2009-03-12 13:49:00,2009-03-12 13:49:00,0.0,210.39,210.39,Low Value
17273.0,141.12,1,133,2010-11-10 15:57:00,2010-11-10 15:57:00,0.0,141.12,141.12,Low Value
17274.0,465.4,1,194,2010-09-11 12:06:00,2010-09-11 12:06:00,0.0,465.4,465.4,Medium Value
17275.0,114.52,1,72,,,,114.52,114.52,Low Value
17276.0,451.34000000000003,2,184,2010-02-11 16:20:00,2010-05-11 10:42:00,88.0,225.67000000000002,451.34000000000003,Medium Value
17278.0,25.2,1,16,,,,25.2,25.2,Low Value
17280.0,118.85999999999999,1,74,,,,118.85999999999999,118.85999999999999,Low Value
17281.0,797.8499999999999,6,295,2010-04-02 13:00:00,2010-06-04 12:40:00,62.0,132.975,797.8499999999999,High Value
17282.0,636.25,2,474,2010-09-06 12:07:00,2010-09-09 19:23:00,3.0,318.125,636.25,Medium Value
17283.0,188.46,1,179,,,,188.46,188.46,Low Value
17284.0,686.54,4,705,,,,171.635,686.54,High Value
17285.0,428.34,2,140,,,,214.17,428.34,Medium Value
17286.0,241.56,2,253,2010-04-11 13:43:00,2010-04-11 13:52:00,0.0,120.78,241.56,Low Value
17287.0,3031.6,18,1538,2009-03-12 12:45:00,2010-07-12 12:43:00,486.0,168.42222222222222,3031.6,VIP
17288.0,1080.25,4,503,2010-10-11 14:44:00,2010-10-11 14:44:00,0.0,270.0625,1080.25,High Value
17289.0,1133.73,7,739,2010-08-03 12:52:00,2010-12-03 11:48:00,121.0,161.96142857142857,1133.73,High Value
17290.0,976.2,6,743,2010-03-06 17:53:00,2010-03-06 17:55:00,0.0,162.70000000000002,976.2,High Value
17292.0,271.75,2,131,2010-09-05 14:52:00,2010-09-05 14:52:00,0.0,135.875,271.75,Low Value
17293.0,1899.1200000000001,8,1094,2009-03-12 15:09:00,2010-10-11 16:31:00,578.0,237.39000000000001,1899.1200000000001,VIP
17294.0,467.78999999999996,2,297,2010-08-02 14:21:00,2010-08-02 16:12:00,0.0,233.89499999999998,467.78999999999996,Medium Value
17296.0,338.13,1,216,2009-09-12 14:01:00,2009-09-12 14:01:00,0.0,338.13,338.13,Medium Value
17298.0,454.1,4,455,2010-03-08 12:51:00,2010-08-03 08:56:00,147.0,113.525,454.1,Medium Value
17299.0,346.97,2,256,,,,173.485,346.97,Medium Value
17300.0,393.64,2,467,,,,196.82,393.64,Medium Value
17301.0,132.8,1,80,,,,132.8,132.8,Low Value
17304.0,111.5,1,73,,,,111.5,111.5,Low Value
17305.0,2135.46,1,1006,2010-01-03 12:47:00,2010-01-03 12:47:00,0.0,2135.46,2135.46,VIP
17306.0,1151.04,2,2256,2010-01-11 11:38:00,2010-11-11 12:44:00,304.0,575.52,1151.04,High Value
17307.0,3378.31,15,3233,2010-05-05 13:49:00,2010-11-10 12:31:00,188.0,225.22066666666666,3378.31,VIP
17308.0,4511.76,2,5148,2010-11-11 13:19:00,2010-11-11 13:19:00,0.0,2255.88,4511.76,VIP
17309.0,247.84,2,152,2010-04-02 15:49:00,2010-04-02 15:49:00,0.0,123.92,247.84,Low Value
17310.0,1025.1,2,402,,,,512.55,1025.1,High Value
17311.0,2105.81,5,1704,2010-03-02 12:38:00,2010-12-11 12:38:00,284.0,421.162,2105.81,VIP
17314.0,1999.94,11,1341,2009-03-12 11:25:00,2010-12-07 10:47:00,634.0,181.81272727272727,1999.94,VIP
17315.0,3354.09,6,1235,2010-01-11 13:26:00,2010-01-11 13:26:00,0.0,559.015,3354.09,VIP
17316.0,124.45,1,44,,,,124.45,124.45,Low Value
17318.0,164.28,1,60,,,,164.28,164.28,Low Value
17319.0,29.1,1,14,2010-08-02 15:47:00,2010-08-02 15:47:00,0.0,29.1,29.1,Low Value
17320.0,1695.15,4,758,2010-06-12 15:38:00,2010-06-12 15:38:00,0.0,423.7875,1695.15,VIP
17321.0,1040.32,4,444,2010-02-06 13:12:00,2010-11-05 12:10:00,271.0,260.08,1040.32,High Value
17322.0,900.64,7,624,2009-03-12 11:46:00,2009-03-12 11:46:00,0.0,128.66285714285715,900.64,High Value
17323.0,644.52,5,666,2010-06-05 19:29:00,2010-12-08 19:41:00,186.0,128.904,644.52,Medium Value
17324.0,1158.64,10,657,2010-01-03 13:22:00,2010-09-09 10:50:00,248.0,115.864,1158.64,High Value
17325.0,512.77,2,405,2010-08-03 11:31:00,2010-08-03 11:31:00,0.0,256.385,512.77,Medium Value
17326.0,321.95,2,140,,,,160.975,321.95,Medium Value
17327.0,152.35,2,59,,,,76.175,152.35,Low Value
17328.0,104.7,1,86,2010-04-02 17:11:00,2010-04-02 17:11:00,0.0,104.7,104.7,Low Value
17329.0,481.32,3,290,2009-03-12 16:09:00,2009-08-12 16:57:00,153.0,160.44,481.32,Medium Value
17330.0,59.900000000000006,2,2,2010-02-03 09:20:00,2010-02-03 09:20:00,0.0,29.950000000000003,59.900000000000006,Low Value
17332.0,838.27,5,794,2010-09-05 12:05:00,2010-09-05 12:05:00,0.0,167.654,838.27,High Value
17334.0,328.13,1,251,,,,328.13,328.13,Medium Value
17335.0,508.0,2,216,,,,254.0,508.0,Medium Value
17336.0,81.12,1,48,,,,81.12,81.12,Low Value
17338.0,5424.39,10,2740,2010-10-03 16:09:00,2010-10-11 15:00:00,7.0,542.4390000000001,5424.39,VIP
17339.0,60.0,3,16,2010-09-12 14:44:00,2010-09-12 14:44:00,0.0,20.0,60.0,Low Value
17340.0,9520.46,16,5191,2009-08-12 17:34:00,2010-10-11 11:39:00,424.0,595.02875,9520.46,VIP
17341.0,1108.47,3,680,2010-08-12 12:46:00,2010-08-12 12:46:00,0.0,369.49,1108.47,High Value
17342.0,1155.8400000000001,7,499,2010-08-02 09:16:00,2010-08-02 09:16:00,0.0,165.12000000000003,1155.8400000000001,High Value
17343.0,1066.3,5,398,2009-03-12 18:30:00,2009-03-12 18:30:00,0.0,213.26,1066.3,High Value
17344.0,294.04,2,145,2009-11-12 11:20:00,2009-11-12 12:31:00,0.0,147.02,294.04,Medium Value
17345.0,946.64,8,1608,2009-01-12 15:34:00,2010-05-05 14:34:00,477.0,118.33,946.64,High Value
17346.0,2646.44,12,1996,2010-01-12 14:34:00,2010-09-06 13:08:00,236.0,220.53666666666666,2646.44,VIP
17348.0,1316.8899999999999,4,1392,2010-10-03 12:13:00,2010-10-03 12:13:00,0.0,329.22249999999997,1316.8899999999999,High Value
17349.0,741.5,4,728,,,,185.375,741.5,High Value
17350.0,619.971,3,421,2010-01-02 15:38:00,2010-10-11 16:15:00,282.0,206.657,619.971,Medium Value
17351.0,1401.08,9,270,2009-10-12 18:43:00,2010-08-10 15:40:00,301.0,155.67555555555555,1401.08,High Value
17352.0,36.25,1,15,2010-12-01 16:13:00,2010-12-01 16:13:00,0.0,36.25,36.25,Low Value
17353.0,1415.55,5,936,2010-05-08 08:54:00,2010-10-05 13:50:00,150.0,283.11,1415.55,High Value
17354.0,1750.3999999999999,3,1529,2010-07-10 13:22:00,2010-07-10 13:42:00,0.0,583.4666666666666,1750.3999999999999,VIP
17355.0,285.11,1,257,,,,285.11,285.11,Low Value
17356.0,768.25,4,759,2010-03-06 10:25:00,2010-03-06 10:25:00,0.0,192.0625,768.25,High Value
17358.0,500.2,3,240,,,,166.73333333333332,500.2,Medium Value
17359.0,156.6,1,76,2010-01-03 14:48:00,2010-01-03 14:48:00,0.0,156.6,156.6,Low Value
17360.0,615.64,4,300,2010-01-10 12:07:00,2010-01-10 12:09:00,0.0,153.91,615.64,Medium Value
17361.0,392.44,2,226,2010-01-02 14:30:00,2010-01-02 14:33:00,0.0,196.22,392.44,Medium Value
17362.0,698.3100000000001,6,356,2010-01-02 12:25:00,2010-08-04 15:40:00,214.0,116.385,698.3100000000001,High Value
17363.0,940.86,3,523,2010-02-11 17:25:00,2010-09-11 17:11:00,211.0,313.62,940.86,High Value
17364.0,7228.82,19,4810,2009-07-12 15:28:00,2010-12-05 09:51:00,510.0,380.46421052631575,7228.82,VIP
17365.0,3404.27,8,3276,2010-01-02 10:22:00,2010-12-07 13:15:00,339.0,425.53375,3404.27,VIP
17366.0,1094.59,3,509,2010-03-10 16:04:00,2010-12-11 16:55:00,276.0,364.8633333333333,1094.59,High Value
17368.0,863.72,7,947,2010-08-07 10:44:00,2010-08-07 10:44:00,0.0,123.38857142857144,863.72,High Value
17369.0,979.1999999999999,1,1152,2010-10-09 09:49:00,2010-10-09 09:49:00,0.0,979.1999999999999,979.1999999999999,High Value
17371.0,238.66,3,131,2009-08-12 12:25:00,2009-08-12 12:41:00,0.0,79.55333333333333,238.66,Low Value
17372.0,2982.75,23,1078,2009-03-12 18:41:00,2010-11-04 13:09:00,601.0,129.68478260869566,2982.75,VIP
17373.0,520.58,3,330,,,,173.52666666666667,520.58,Medium Value
17374.0,215.44,2,68,2010-09-11 17:14:00,2010-11-11 17:51:00,61.0,107.72,215.44,Low Value
17375.0,260.45,1,113,2010-04-10 09:14:00,2010-04-10 09:14:00,0.0,260.45,260.45,Low Value
17376.0,250.44,2,158,2010-05-07 11:11:00,2010-05-07 11:11:00,0.0,125.22,250.44,Low Value
17377.0,13925.49,72,5465,2009-02-12 12:39:00,2010-12-09 10:30:00,664.0,193.40958333333333,13925.49,VIP
17378.0,0.0,2,0,,,,0.0,0.0,Low Value
17380.0,643.75,4,251,2010-01-10 16:42:00,2010-05-07 10:48:00,116.0,160.9375,643.75,Medium Value
17381.0,19726.76,12,20118,2010-02-12 12:58:00,2010-09-11 07:56:00,210.0,1643.8966666666665,19726.76,VIP
17382.0,836.88,7,432,2010-01-07 10:35:00,2010-01-07 10:35:00,0.0,119.55428571428571,836.88,High Value
17383.0,110.69999999999999,1,12,2010-12-09 14:54:00,2010-12-09 14:54:00,0.0,110.69999999999999,110.69999999999999,Low Value
17384.0,171.15,1,33,,,,171.15,171.15,Low Value
17386.0,126.35000000000001,1,53,,,,126.35000000000001,126.35000000000001,Low Value
17388.0,1432.01,7,1499,2009-10-12 11:45:00,2010-12-10 11:34:00,423.0,204.57285714285715,1432.01,High Value
17389.0,23286.95,34,10090,2009-04-12 12:06:00,2010-12-08 15:18:00,605.0,684.910294117647,23286.95,VIP
17390.0,149.3,1,49,,,,149.3,149.3,Low Value
17392.0,168.65,1,173,,,,168.65,168.65,Low Value
17393.0,381.15,2,238,2010-08-08 15:53:00,2010-08-08 15:53:00,0.0,190.575,381.15,Medium Value
17395.0,97.5,1,66,,,,97.5,97.5,Low Value
17396.0,1198.8,9,320,2010-03-12 09:45:00,2010-03-12 09:45:00,0.0,133.2,1198.8,High Value
17397.0,536.77,1,443,,,,536.77,536.77,Medium Value
17399.0,-25111.09,1,-1,,,,-25111.09,-25111.09,Low Value
17400.0,2547.09,3,1102,2010-07-05 17:49:00,2010-07-05 17:49:00,0.0,849.0300000000001,2547.09,VIP
17401.0,114.85,1,34,,,,114.85,114.85,Low Value
17402.0,2413.23,15,866,2010-05-12 13:53:00,2010-12-08 15:54:00,210.0,160.882,2413.23,VIP
17403.0,118.95,1,77,,,,118.95,118.95,Low Value
17404.0,15706.0,10,17681,2010-05-11 11:32:00,2010-08-10 15:56:00,91.0,1570.6,15706.0,VIP
17406.0,2663.38,14,1320,2009-06-12 13:45:00,2010-08-12 10:35:00,425.0,190.24142857142857,2663.38,VIP
17407.0,552.9,1,426,,,,552.9,552.9,Medium Value
17408.0,132.24,3,88,,,,44.080000000000005,132.24,Low Value
17409.0,7021.66,8,3984,2009-11-12 12:17:00,2010-11-03 12:04:00,355.0,877.7075,7021.66,VIP
17411.0,537.59,6,275,2009-03-12 12:02:00,2010-09-12 11:42:00,548.0,89.59833333333334,537.59,Medium Value
17412.0,3126.92,13,1839,2009-02-12 13:51:00,2010-07-06 13:53:00,509.0,240.5323076923077,3126.92,VIP
17413.0,560.14,2,302,,,,280.07,560.14,Medium Value
17414.0,1471.52,4,4156,2009-03-12 16:49:00,2010-12-10 16:53:00,638.0,367.88,1471.52,High Value
17416.0,10383.13,16,4465,2010-03-10 12:08:00,2010-11-11 12:47:00,246.0,648.945625,10383.13,VIP
17417.0,164.18,1,76,2010-09-06 10:00:00,2010-09-06 10:00:00,0.0,164.18,164.18,Low Value
17418.0,206.60000000000002,1,232,,,,206.60000000000002,206.60000000000002,Low Value
17419.0,2273.95,8,1211,2010-07-12 15:03:00,2010-11-10 12:18:00,120.0,284.24375,2273.95,VIP
17420.0,475.7,6,232,2010-01-12 09:56:00,2010-03-11 13:09:00,58.0,79.28333333333333,475.7,Medium Value
17421.0,1059.41,3,807,2009-04-12 15:43:00,2010-06-10 11:04:00,423.0,353.1366666666667,1059.41,High Value
17422.0,1488.52,10,1180,2010-02-08 12:30:00,2010-05-08 19:05:00,89.0,148.852,1488.52,High Value
17423.0,420.54,1,331,2010-11-11 12:26:00,2010-11-11 12:26:00,0.0,420.54,420.54,Medium Value
17424.0,-176.96,1,-1,2010-07-10 14:25:00,2010-07-10 14:25:00,0.0,-176.96,-176.96,Low Value
17426.0,2584.11,10,2008,2010-08-04 10:17:00,2010-12-04 10:30:00,122.0,258.411,2584.11,VIP
17428.0,14159.61,19,7956,2009-01-12 17:28:00,2010-12-10 15:21:00,696.0,745.2426315789475,14159.61,VIP
17429.0,830.04,3,660,2010-06-10 12:30:00,2010-08-11 13:28:00,62.0,276.68,830.04,High Value
17430.0,469.40999999999997,3,325,2010-09-12 13:05:00,2010-09-12 13:05:00,0.0,156.47,469.40999999999997,Medium Value
17432.0,1385.6299999999999,7,809,2009-03-12 19:13:00,2009-03-12 19:13:00,0.0,197.94714285714284,1385.6299999999999,High Value
17433.0,266.8,1,120,,,,266.8,266.8,Low Value
17435.0,331.35,1,195,,,,331.35,331.35,Medium Value
17436.0,305.01,5,83,2009-07-12 12:31:00,2009-11-12 12:36:00,123.0,61.001999999999995,305.01,Medium Value
17437.0,373.17,1,284,,,,373.17,373.17,Medium Value
17438.0,1034.32,4,450,2010-04-06 08:50:00,2010-08-03 16:53:00,119.0,258.58,1034.32,High Value
17439.0,325.74,1,370,,,,325.74,325.74,Medium Value
17440.0,137.16,1,36,2010-08-06 14:40:00,2010-08-06 14:40:00,0.0,137.16,137.16,Low Value
17441.0,293.35,1,245,2009-07-12 13:32:00,2009-07-12 13:32:00,0.0,293.35,293.35,Medium Value
17442.0,2290.44,14,1617,2010-03-08 08:56:00,2010-10-03 10:37:00,209.0,163.60285714285715,2290.44,VIP
17445.0,-506.51,1,-1,,,,-506.51,-506.51,Low Value
17448.0,14480.36,53,11518,2010-03-06 19:42:00,2010-12-03 14:31:00,271.0,273.21433962264155,14480.36,VIP
17449.0,2430.29,6,1413,2009-09-12 14:16:00,2010-08-06 13:22:00,327.0,405.04833333333335,2430.29,VIP
17450.0,46097.22,8,12615,2010-07-12 09:23:00,2010-07-12 09:43:00,0.0,5762.1525,46097.22,VIP
17452.0,-227.28,1,-1,,,,-227.28,-227.28,Low Value
17454.0,1015.11,7,478,2010-03-08 10:30:00,2010-11-05 12:06:00,242.0,145.0157142857143,1015.11,High Value
17456.0,975.5600000000001,2,508,2010-09-09 15:28:00,2010-09-12 15:23:00,2.0,487.78000000000003,975.5600000000001,High Value
17457.0,4061.31,13,1809,2009-07-12 14:52:00,2010-12-10 10:05:00,515.0,312.40846153846155,4061.31,VIP
17458.0,213.08,1,112,,,,213.08,213.08,Low Value
17460.0,1554.77,15,733,2010-01-12 16:24:00,2010-03-06 10:37:00,52.0,103.65133333333333,1554.77,High Value
17463.0,656.55,3,394,2010-01-06 16:32:00,2010-01-06 16:32:00,0.0,218.85,656.55,High Value
17464.0,589.78,3,360,2010-05-07 13:24:00,2010-05-07 13:24:00,0.0,196.59333333333333,589.78,Medium Value
17465.0,2533.64,9,1470,2009-03-12 13:25:00,2010-10-10 11:56:00,576.0,281.5155555555555,2533.64,VIP
17467.0,102.6,1,20,2010-09-11 12:58:00,2010-09-11 12:58:00,0.0,102.6,102.6,Low Value
17468.0,57.8,1,68,,,,57.8,57.8,Low Value
17469.0,3115.28,16,1499,2010-04-11 17:36:00,2010-12-04 11:28:00,236.0,194.705,3115.28,VIP
17470.0,1679.8,7,1168,2010-07-12 09:57:00,2010-08-11 12:36:00,30.0,239.97142857142856,1679.8,VIP
17471.0,321.65000000000003,1,153,,,,321.65000000000003,321.65000000000003,Medium Value
17472.0,224.81,1,96,,,,224.81,224.81,Low Value
17473.0,592.15,3,267,2010-03-11 13:30:00,2010-09-09 19:03:00,182.0,197.38333333333333,592.15,Medium Value
17474.0,1047.0,1,200,,,,1047.0,1047.0,High Value
17476.0,446.51,4,220,2009-02-12 12:09:00,2010-11-11 19:11:00,637.0,111.6275,446.51,Medium Value
17477.0,1079.0,5,211,2010-02-03 11:53:00,2010-07-03 11:02:00,149.0,215.8,1079.0,High Value
17478.0,1272.8,2,516,,,,636.4,1272.8,High Value
17479.0,389.26000000000005,1,266,,,,389.26000000000005,389.26000000000005,Medium Value
17480.0,390.21,1,255,,,,390.21,390.21,Medium Value
17482.0,778.19,2,241,2010-09-08 15:33:00,2010-10-05 14:10:00,26.0,389.095,778.19,High Value
17483.0,177.69,1,74,,,,177.69,177.69,Low Value
17484.0,209.57,2,339,2010-12-05 15:41:00,2010-12-05 15:41:00,0.0,104.785,209.57,Low Value
17485.0,-29.55,1,-9,2009-01-12 14:52:00,2009-01-12 14:52:00,0.0,-29.55,-29.55,Low Value
17487.0,160.55,1,37,2009-11-12 15:06:00,2009-11-12 15:06:00,0.0,160.55,160.55,Low Value
17488.0,336.5,1,136,2010-08-03 14:07:00,2010-08-03 14:07:00,0.0,336.5,336.5,Medium Value
17490.0,658.18,2,397,,,,329.09,658.18,High Value
17491.0,2422.2000000000003,8,1617,2010-05-07 13:26:00,2010-10-06 12:14:00,151.0,302.77500000000003,2422.2000000000003,VIP
17492.0,747.85,2,295,2010-09-07 13:27:00,2010-09-07 13:27:00,0.0,373.925,747.85,High Value
17493.0,100.91000000000001,1,62,,,,100.91000000000001,100.91000000000001,Low Value
17494.0,54.699999999999996,1,26,,,,54.699999999999996,54.699999999999996,Low Value
17495.0,261.51,2,129,,,,130.755,261.51,Low Value
17496.0,1114.84,4,592,2010-06-05 16:17:00,2010-06-05 16:17:00,0.0,278.71,1114.84,High Value
17497.0,287.25,2,59,2010-08-04 08:01:00,2010-08-04 08:01:00,0.0,143.625,287.25,Medium Value
17499.0,673.96,2,366,2010-10-06 15:32:00,2010-10-06 15:32:00,0.0,336.98,673.96,High Value
17504.0,6568.09,9,3853,2010-04-05 12:49:00,2010-12-05 09:53:00,243.0,729.7877777777778,6568.09,VIP
17505.0,1289.64,3,686,2010-07-06 12:09:00,2010-07-06 12:10:00,0.0,429.88000000000005,1289.64,High Value
17508.0,4159.47,8,2591,2009-07-12 11:46:00,2010-12-05 12:20:00,511.0,519.93375,4159.47,VIP
17510.0,206.07999999999998,1,208,,,,206.07999999999998,206.07999999999998,Low Value
17511.0,83760.6,42,54901,2009-02-12 10:52:00,2010-12-05 10:56:00,661.0,1994.3000000000002,83760.6,VIP
17512.0,2512.23,9,2669,2009-10-12 19:35:00,2010-07-06 15:51:00,266.0,279.13666666666666,2512.23,VIP
17513.0,645.6,2,186,,,,322.8,645.6,Medium Value
17514.0,334.18,1,160,2010-08-02 14:00:00,2010-08-02 14:00:00,0.0,334.18,334.18,Medium Value
17515.0,978.4399999999999,5,285,2010-07-06 13:29:00,2010-10-11 13:47:00,97.0,195.688,978.4399999999999,High Value
17516.0,189.47,1,111,,,,189.47,189.47,Low Value
17518.0,329.42,2,267,2010-10-10 12:40:00,2010-10-10 12:40:00,0.0,164.71,329.42,Medium Value
17519.0,3263.73,11,2177,2009-01-12 09:57:00,2010-08-07 10:24:00,572.0,296.70272727272726,3263.73,VIP
17521.0,554.85,2,287,2010-01-10 11:49:00,2010-10-11 16:25:00,274.0,277.425,554.85,Medium Value
17524.0,363.9,3,200,,,,121.3,363.9,Medium Value
17525.0,739.2,2,256,2010-07-10 09:12:00,2010-07-11 11:54:00,1.0,369.6,739.2,High Value
17526.0,2970.14,9,1172,2010-09-06 15:19:00,2010-12-10 16:05:00,95.0,330.0155555555555,2970.14,VIP
17529.0,1240.25,2,790,2010-08-04 17:51:00,2010-11-01 12:29:00,88.0,620.125,1240.25,High Value
17530.0,755.5600000000001,4,438,2009-06-12 16:17:00,2010-09-12 20:01:00,457.0,188.89000000000001,755.5600000000001,High Value
17531.0,897.77,7,325,2009-08-12 17:30:00,2010-09-07 11:52:00,390.0,128.25285714285715,897.77,High Value
17532.0,65.34,1,30,,,,65.34,65.34,Low Value
17533.0,34.8,1,24,2010-01-10 09:14:00,2010-01-10 09:14:00,0.0,34.8,34.8,Low Value
17534.0,1445.47,4,757,,,,361.3675,1445.47,High Value
17536.0,288.33,2,195,,,,144.165,288.33,Medium Value
17539.0,1047.07,7,735,2010-01-04 12:07:00,2010-10-01 11:08:00,269.0,149.58142857142857,1047.07,High Value
17540.0,1011.7,4,394,2010-03-08 10:33:00,2010-11-05 11:08:00,242.0,252.925,1011.7,High Value
17541.0,124.46,1,46,,,,124.46,124.46,Low Value
17542.0,170.95,2,190,2010-08-03 12:08:00,2010-08-03 12:17:00,0.0,85.475,170.95,Low Value
17543.0,120.05,1,62,2010-08-06 12:41:00,2010-08-06 12:41:00,0.0,120.05,120.05,Low Value
17544.0,960.69,3,439,,,,320.23,960.69,High Value
17545.0,802.58,3,392,2010-11-05 10:04:00,2010-11-05 10:04:00,0.0,267.5266666666667,802.58,High Value
17546.0,-648.05,1,-1,2010-11-06 15:31:00,2010-11-06 15:31:00,0.0,-648.05,-648.05,Low Value
17547.0,692.35,4,213,2010-02-12 14:29:00,2010-12-02 14:34:00,293.0,173.0875,692.35,High Value
17548.0,486.48,4,304,2010-01-12 10:24:00,2010-08-11 16:19:00,211.0,121.62,486.48,Medium Value
17550.0,1939.3799999999999,7,843,2010-07-02 15:07:00,2010-12-08 17:02:00,159.0,277.0542857142857,1939.3799999999999,VIP
17552.0,2129.24,12,1364,2010-02-12 18:45:00,2010-11-05 16:43:00,265.0,177.43666666666664,2129.24,VIP
17553.0,2270.0,3,1240,2010-03-08 09:44:00,2010-08-04 09:44:00,149.0,756.6666666666666,2270.0,VIP
17555.0,574.48,3,398,2010-01-10 14:07:00,2010-10-10 12:09:00,272.0,191.49333333333334,574.48,Medium Value
17556.0,142.77,1,83,,,,142.77,142.77,Low Value
17557.0,34.0,1,4,2009-07-12 10:15:00,2009-07-12 10:15:00,0.0,34.0,34.0,Low Value
17558.0,259.17,1,54,2010-11-11 14:36:00,2010-11-11 14:36:00,0.0,259.17,259.17,Low Value
17559.0,167.62,1,270,,,,167.62,167.62,Low Value
17560.0,1040.85,4,953,2010-09-11 14:49:00,2010-09-11 14:49:00,0.0,260.2125,1040.85,High Value
17561.0,554.72,3,250,2009-06-12 13:29:00,2009-06-12 13:29:00,0.0,184.90666666666667,554.72,Medium Value
17563.0,309.28000000000003,5,227,2010-07-04 10:02:00,2010-10-05 14:55:00,93.0,61.85600000000001,309.28000000000003,Medium Value
17565.0,131.83,1,67,2010-02-05 11:54:00,2010-02-05 11:54:00,0.0,131.83,131.83,Low Value
17567.0,1024.55,2,520,2010-02-12 15:18:00,2010-02-12 15:18:00,0.0,512.275,1024.55,High Value
17568.0,382.79,1,283,,,,382.79,382.79,Medium Value
17570.0,0.0,2,0,,,,0.0,0.0,Low Value
17571.0,205.23999999999998,1,115,,,,205.23999999999998,205.23999999999998,Low Value
17572.0,496.26000000000005,7,256,2010-01-07 10:33:00,2010-11-11 09:32:00,307.0,70.89428571428572,496.26000000000005,Medium Value
17575.0,171.7,1,72,2010-10-02 13:48:00,2010-10-02 13:48:00,0.0,171.7,171.7,Low Value
17576.0,5427.88,24,2741,2009-03-12 16:11:00,2010-12-10 17:11:00,638.0,226.16166666666666,5427.88,VIP
17577.0,348.75,2,179,2010-04-03 13:01:00,2010-09-02 10:10:00,151.0,174.375,348.75,Medium Value
17578.0,878.99,8,381,2010-01-07 15:06:00,2010-02-07 12:26:00,30.0,109.87375,878.99,High Value
17579.0,304.38,1,117,2010-10-05 14:28:00,2010-10-05 14:28:00,0.0,304.38,304.38,Medium Value
17580.0,329.55,2,136,,,,164.775,329.55,Medium Value
17581.0,7511.36,24,4016,2009-03-12 12:34:00,2010-11-11 15:07:00,609.0,312.9733333333333,7511.36,VIP
17582.0,1258.43,5,481,,,,251.686,1258.43,High Value
17583.0,135.95,1,55,,,,135.95,135.95,Low Value
17584.0,4067.12,4,2006,,,,1016.78,4067.12,VIP
17585.0,960.23,3,868,2010-06-09 13:26:00,2010-06-09 13:26:00,0.0,320.07666666666665,960.23,High Value
17586.0,167.4,1,68,,,,167.4,167.4,Low Value
17587.0,181.66,1,68,,,,181.66,181.66,Low Value
17588.0,1661.45,6,691,2010-07-06 15:04:00,2010-12-03 12:34:00,149.0,276.90833333333336,1661.45,VIP
17589.0,11500.65,17,7105,2010-01-07 16:48:00,2010-07-03 13:48:00,176.0,676.5088235294118,11500.65,VIP
17591.0,550.7,2,164,2010-07-12 15:39:00,2010-07-12 15:39:00,0.0,275.35,550.7,Medium Value
17592.0,0.0,2,0,2009-01-12 10:44:00,2009-01-12 10:49:00,0.0,0.0,0.0,Low Value
17593.0,4132.44,9,2492,2009-04-12 14:35:00,2010-01-03 13:10:00,265.0,459.15999999999997,4132.44,VIP
17594.0,1504.7,2,818,,,,752.35,1504.7,High Value
17596.0,2079.39,8,3212,2010-06-12 12:34:00,2010-06-12 12:34:00,0.0,259.92375,2079.39,VIP
17597.0,1380.92,6,1029,2010-05-05 15:33:00,2010-10-06 13:37:00,153.0,230.15333333333334,1380.92,High Value
17598.0,409.98,1,126,,,,409.98,409.98,Medium Value
17599.0,44.55,3,9,2010-01-09 12:17:00,2010-01-09 12:17:00,0.0,14.85,44.55,Low Value
17601.0,305.46999999999997,1,196,,,,305.46999999999997,305.46999999999997,Medium Value
17602.0,2286.66,10,1779,2010-01-09 14:22:00,2010-08-04 19:13:00,207.0,228.666,2286.66,VIP
17603.0,1285.31,6,541,2009-10-12 09:44:00,2010-05-02 17:24:00,202.0,214.21833333333333,1285.31,High Value
17604.0,636.57,4,447,,,,159.1425,636.57,Medium Value
17605.0,160.75,1,71,,,,160.75,160.75,Low Value
17606.0,87.30000000000001,1,42,2009-02-12 13:32:00,2009-02-12 13:32:00,0.0,87.30000000000001,87.30000000000001,Low Value
17607.0,333.81,1,269,,,,333.81,333.81,Medium Value
17608.0,305.11,2,307,2010-11-04 13:37:00,2010-11-04 13:37:00,0.0,152.555,305.11,Medium Value
17609.0,655.0699999999999,8,527,2010-02-11 09:59:00,2010-09-04 16:54:00,205.0,81.88374999999999,655.0699999999999,Medium Value
17610.0,1427.84,8,882,2009-06-12 14:58:00,2010-10-05 16:03:00,480.0,178.48,1427.84,High Value
17611.0,4257.51,16,2731,2009-01-12 13:29:00,2010-10-05 16:02:00,631.0,266.094375,4257.51,VIP
17612.0,3163.38,22,1674,2009-08-12 18:30:00,2010-12-08 09:41:00,482.0,143.79,3163.38,VIP
17615.0,396.1,4,240,2010-11-08 12:54:00,2010-11-08 12:54:00,0.0,99.025,396.1,Medium Value
17616.0,489.59999999999997,2,192,2010-07-12 10:04:00,2010-07-12 10:04:00,0.0,244.79999999999998,489.59999999999997,Medium Value
17617.0,237.28,2,226,,,,118.64,237.28,Low Value
17618.0,3076.36,10,1484,2010-01-08 13:27:00,2010-03-10 12:00:00,60.0,307.636,3076.36,VIP
17621.0,1693.22,4,584,2010-04-10 09:37:00,2010-04-10 09:37:00,0.0,423.305,1693.22,VIP
17622.0,1125.17,3,367,,,,375.0566666666667,1125.17,High Value
17623.0,1856.6200000000001,6,536,2010-08-07 10:15:00,2010-12-08 13:11:00,123.0,309.43666666666667,1856.6200000000001,VIP
17624.0,725.15,2,404,,,,362.575,725.15,High Value
17625.0,4020.8,4,2353,,,,1005.2,4020.8,VIP
17626.0,254.0,1,202,,,,254.0,254.0,Low Value
17627.0,285.11,2,673,2009-10-12 19:08:00,2009-10-12 19:08:00,0.0,142.555,285.11,Low Value
17629.0,641.4,2,274,,,,320.7,641.4,Medium Value
17631.0,470.16,4,257,2009-09-12 14:15:00,2010-09-02 13:18:00,354.0,117.54,470.16,Medium Value
17632.0,-12.7,2,-2,,,,-6.35,-12.7,Low Value
17633.0,732.55,3,255,,,,244.1833333333333,732.55,High Value
17635.0,1256.83,4,763,2010-01-07 16:50:00,2010-11-10 15:12:00,306.0,314.2075,1256.83,High Value
17638.0,842.4,2,432,2010-02-03 14:32:00,2010-02-03 14:32:00,0.0,421.2,842.4,High Value
17639.0,506.67,5,527,,,,101.334,506.67,Medium Value
17640.0,2485.93,7,1421,2010-06-05 17:00:00,2010-12-09 10:56:00,186.0,355.1328571428571,2485.93,VIP
17641.0,-6.95,1,-1,2009-01-12 12:35:00,2009-01-12 12:35:00,0.0,-6.95,-6.95,Low Value
17642.0,1112.2,3,1001,2009-05-12 16:01:00,2010-06-10 13:20:00,393.0,370.73333333333335,1112.2,High Value
17643.0,439.7,2,226,2010-01-12 14:38:00,2010-01-12 14:38:00,0.0,219.85,439.7,Medium Value
17644.0,3095.56,11,1669,2010-02-07 13:24:00,2010-10-11 10:18:00,245.0,281.4145454545455,3095.56,VIP
17645.0,-9.9,1,-2,2009-11-12 13:31:00,2009-11-12 13:31:00,0.0,-9.9,-9.9,Low Value
17646.0,3098.5,13,1089,2010-06-08 14:15:00,2010-10-09 10:36:00,122.0,238.34615384615384,3098.5,VIP
17647.0,198.6,2,52,2010-08-02 14:39:00,2010-08-02 14:40:00,0.0,99.3,198.6,Low Value
17648.0,418.87,1,467,,,,418.87,418.87,Medium Value
17649.0,680.7,3,318,,,,226.9,680.7,High Value
17651.0,1745.92,8,962,2010-01-07 12:17:00,2010-12-07 13:38:00,334.0,218.24,1745.92,VIP
17655.0,1013.54,3,426,2010-08-12 16:45:00,2010-08-12 16:45:00,0.0,337.84666666666664,1013.54,High Value
17657.0,126.0,1,60,2010-05-10 14:52:00,2010-05-10 14:52:00,0.0,126.0,126.0,Low Value
17659.0,829.38,4,290,2010-02-12 16:46:00,2010-02-12 16:46:00,0.0,207.345,829.38,High Value
17660.0,163.47,1,138,2009-02-12 16:02:00,2009-02-12 16:02:00,0.0,163.47,163.47,Low Value
17661.0,-54.0,1,-8,2010-08-03 16:28:00,2010-08-03 16:28:00,0.0,-54.0,-54.0,Low Value
17662.0,412.92,2,184,,,,206.46,412.92,Medium Value
17663.0,3292.77,14,1475,2009-03-12 18:29:00,2010-10-06 11:32:00,572.0,235.19785714285715,3292.77,VIP
17664.0,561.59,2,454,,,,280.795,561.59,Medium Value
17665.0,563.1,1,690,2010-03-08 13:12:00,2010-03-08 13:12:00,0.0,563.1,563.1,Medium Value
17666.0,1319.6399999999999,3,956,2010-02-08 15:10:00,2010-02-08 15:10:00,0.0,439.87999999999994,1319.6399999999999,High Value
17667.0,1828.29,7,1151,2010-04-05 13:08:00,2010-05-07 11:36:00,31.0,261.1842857142857,1828.29,VIP
17669.0,2735.63,3,1589,2010-01-04 18:48:00,2010-03-09 13:13:00,63.0,911.8766666666667,2735.63,VIP
17671.0,830.63,2,405,2010-09-12 14:27:00,2010-09-12 14:27:00,0.0,415.315,830.63,High Value
17672.0,2600.46,5,1068,2010-08-03 13:17:00,2010-08-03 13:17:00,0.0,520.092,2600.46,VIP
17673.0,2594.11,8,1848,2010-03-08 11:32:00,2010-07-06 10:59:00,119.0,324.26375,2594.11,VIP
17674.0,300.66,1,349,2010-06-12 10:20:00,2010-06-12 10:20:00,0.0,300.66,300.66,Medium Value
17675.0,17507.74,51,7948,2009-10-12 16:10:00,2010-12-02 10:14:00,415.0,343.28901960784316,17507.74,VIP
17676.0,1339.25,7,935,2010-08-12 13:49:00,2010-08-12 13:49:00,0.0,191.32142857142858,1339.25,High Value
17677.0,19647.41,52,12021,2009-11-12 13:19:00,2010-12-10 09:55:00,392.0,377.83480769230766,19647.41,VIP
17678.0,281.7,2,160,,,,140.85,281.7,Low Value
17679.0,1174.45,9,685,2009-03-12 17:32:00,2010-06-07 09:39:00,451.0,130.49444444444444,1174.45,High Value
17680.0,278.1,3,58,,,,92.7,278.1,Low Value
17681.0,529.6,6,354,2009-11-12 13:11:00,2009-11-12 13:11:00,0.0,88.26666666666667,529.6,Medium Value
17682.0,1982.45,6,1124,2010-06-06 15:01:00,2010-08-03 09:49:00,57.0,330.40833333333336,1982.45,VIP
17683.0,819.01,3,781,2010-03-06 17:15:00,2010-03-06 17:15:00,0.0,273.00333333333333,819.01,High Value
17685.0,2736.64,8,1886,2010-02-12 14:42:00,2010-12-11 13:15:00,301.0,342.08,2736.64,VIP
17686.0,2557.35,2,1105,2010-12-10 17:06:00,2010-12-10 17:06:00,0.0,1278.675,2557.35,VIP
17687.0,432.68,1,210,,,,432.68,432.68,Medium Value
17688.0,286.5,2,108,2010-11-11 10:41:00,2010-11-11 10:41:00,0.0,143.25,286.5,Medium Value
17689.0,317.08,2,300,,,,158.54,317.08,Medium Value
17690.0,2690.15,8,1353,2010-01-12 16:15:00,2010-08-12 15:23:00,211.0,336.26875,2690.15,VIP
17691.0,479.45,4,227,2010-05-11 13:18:00,2010-11-06 11:50:00,178.0,119.8625,479.45,Medium Value
17692.0,2228.96,9,1664,2010-07-09 13:50:00,2010-11-10 16:00:00,124.0,247.66222222222223,2228.96,VIP
17694.0,1412.85,2,1309,,,,706.425,1412.85,High Value
17695.0,955.2,4,1024,2010-02-09 11:34:00,2010-10-11 14:44:00,244.0,238.8,955.2,High Value
17696.0,5179.84,34,4019,2009-10-12 17:09:00,2010-12-08 15:51:00,421.0,152.34823529411764,5179.84,VIP
17699.0,442.0,2,208,,,,221.0,442.0,Medium Value
17700.0,4121.98,12,2198,2009-01-12 11:37:00,2010-12-10 10:13:00,696.0,343.4983333333333,4121.98,VIP
17702.0,1192.07,4,772,2010-04-11 12:09:00,2010-10-11 10:25:00,182.0,298.0175,1192.07,High Value
17703.0,296.1,1,307,,,,296.1,296.1,Medium Value
17705.0,260.38,2,338,2010-10-09 14:43:00,2010-12-05 09:47:00,56.0,130.19,260.38,Low Value
17706.0,9446.53,24,4019,2010-01-10 13:50:00,2010-12-10 11:31:00,333.0,393.6054166666667,9446.53,VIP
17707.0,452.65000000000003,7,401,2009-07-12 12:19:00,2010-07-04 16:36:00,357.0,64.66428571428573,452.65000000000003,Medium Value
17708.0,620.85,2,297,2010-02-11 08:57:00,2010-12-10 12:13:00,302.0,310.425,620.85,Medium Value
17709.0,533.56,4,278,2010-08-08 11:33:00,2010-08-08 11:33:00,0.0,133.39,533.56,Medium Value
17710.0,293.5,1,158,2010-12-10 07:49:00,2010-12-10 07:49:00,0.0,293.5,293.5,Medium Value
17713.0,1198.09,4,989,2010-09-06 09:33:00,2010-09-06 09:33:00,0.0,299.5225,1198.09,High Value
17714.0,1223.58,8,498,2010-04-08 13:52:00,2010-11-10 08:30:00,215.0,152.9475,1223.58,High Value
17715.0,163.2,1,192,,,,163.2,163.2,Low Value
17716.0,10165.53,15,5700,2009-02-12 17:18:00,2010-11-08 12:39:00,633.0,677.702,10165.53,VIP
17717.0,376.92,1,344,,,,376.92,376.92,Medium Value
17718.0,247.63,2,155,2010-05-03 08:01:00,2010-05-03 08:01:00,0.0,123.815,247.63,Low Value
17720.0,1519.12,9,1032,2010-07-12 10:43:00,2010-10-05 09:58:00,84.0,168.7911111111111,1519.12,High Value
17721.0,307.21000000000004,1,107,,,,307.21000000000004,307.21000000000004,Medium Value
17722.0,2006.32,2,1342,2010-08-12 12:41:00,2010-08-12 12:41:00,0.0,1003.16,2006.32,VIP
17723.0,102.0,1,120,,,,102.0,102.0,Low Value
17726.0,1089.56,8,442,2010-05-10 11:00:00,2010-09-11 13:37:00,124.0,136.195,1089.56,High Value
17728.0,1345.45,3,673,2010-12-09 14:58:00,2010-12-09 14:58:00,0.0,448.48333333333335,1345.45,High Value
17729.0,438.65000000000003,1,247,,,,438.65000000000003,438.65000000000003,Medium Value
17730.0,2468.52,8,1716,2010-03-06 08:50:00,2010-12-08 11:19:00,277.0,308.565,2468.52,VIP
17731.0,468.88,2,214,2010-09-02 12:37:00,2010-09-02 12:37:00,0.0,234.44,468.88,Medium Value
17732.0,2144.17,10,1052,2010-02-12 09:29:00,2010-09-08 08:41:00,207.0,214.417,2144.17,VIP
17734.0,741.69,3,319,2010-02-07 10:01:00,2010-11-04 11:56:00,270.0,247.23000000000002,741.69,High Value
17735.0,4052.56,11,2433,2010-02-09 10:18:00,2010-12-10 09:31:00,303.0,368.4145454545455,4052.56,VIP
17738.0,2282.01,10,1741,2010-07-04 16:21:00,2010-11-06 15:20:00,124.0,228.20100000000002,2282.01,VIP
17739.0,4932.09,12,1471,2009-07-12 10:48:00,2010-11-01 12:46:00,477.0,411.0075,4932.09,VIP
17740.0,426.9,6,222,2010-05-10 08:27:00,2010-11-01 13:11:00,175.0,71.14999999999999,426.9,Medium Value
17741.0,101.1,2,114,,,,50.55,101.1,Low Value
17742.0,1743.3700000000001,9,564,2009-01-12 13:16:00,2010-09-09 16:50:00,605.0,193.70777777777778,1743.3700000000001,VIP
17743.0,208.85,2,83,,,,104.425,208.85,Low Value
17744.0,326.74,1,414,,,,326.74,326.74,Medium Value
17745.0,600.34,2,164,2010-02-06 09:03:00,2010-02-06 09:03:00,0.0,300.17,600.34,Medium Value
17746.0,774.63,5,633,2010-08-04 12:54:00,2010-08-04 12:54:00,0.0,154.926,774.63,High Value
17748.0,358.15,1,111,,,,358.15,358.15,Medium Value
17749.0,351.66,1,126,2010-11-06 14:56:00,2010-11-06 14:56:00,0.0,351.66,351.66,Medium Value
17751.0,157.85999999999999,1,147,,,,157.85999999999999,157.85999999999999,Low Value
17753.0,388.06,5,126,2010-01-09 15:49:00,2010-06-01 14:20:00,142.0,77.612,388.06,Medium Value
17754.0,2769.47,10,2554,2009-11-12 15:52:00,2010-12-03 16:18:00,386.0,276.947,2769.47,VIP
17755.0,-72.23,1,-30,2010-11-10 15:45:00,2010-11-10 15:45:00,0.0,-72.23,-72.23,Low Value
17756.0,733.7,3,400,2010-10-11 12:54:00,2010-10-11 12:54:00,0.0,244.5666666666667,733.7,High Value
17757.0,3757.35,31,1788,2010-02-12 17:17:00,2010-12-08 14:32:00,298.0,121.20483870967742,3757.35,VIP
17758.0,1555.83,4,1145,2010-05-10 14:29:00,2010-08-10 12:08:00,91.0,388.9575,1555.83,High Value
17759.0,441.92,2,268,2010-05-05 11:40:00,2010-11-11 15:09:00,190.0,220.96,441.92,Medium Value
17760.0,624.09,6,456,2010-01-12 15:08:00,2010-01-12 15:08:00,0.0,104.015,624.09,Medium Value
17762.0,129.75,1,129,2010-09-09 17:40:00,2010-09-09 17:40:00,0.0,129.75,129.75,Low Value
17763.0,36.15,4,15,2010-04-03 12:03:00,2010-04-03 12:03:00,0.0,9.0375,36.15,Low Value
17764.0,804.82,3,334,2009-03-12 14:28:00,2010-02-11 17:12:00,336.0,268.27333333333337,804.82,High Value
17765.0,158.92,1,53,,,,158.92,158.92,Low Value
17766.0,299.61,2,155,,,,149.805,299.61,Medium Value
17767.0,141.85,1,70,,,,141.85,141.85,Low Value
17768.0,1231.3799999999999,5,1246,2009-02-12 12:26:00,2009-02-12 12:26:00,0.0,246.27599999999998,1231.3799999999999,High Value
17769.0,3034.03,9,1270,2010-07-03 11:31:00,2010-11-04 12:37:00,124.0,337.1144444444445,3034.03,VIP
17771.0,141.6,2,86,,,,70.8,141.6,Low Value
17772.0,202.0,1,64,2010-12-11 11:31:00,2010-12-11 11:31:00,0.0,202.0,202.0,Low Value
17773.0,585.27,2,260,,,,292.635,585.27,Medium Value
17774.0,1730.24,8,1094,2010-05-07 13:03:00,2010-09-08 17:45:00,124.0,216.28,1730.24,VIP
17776.0,331.81,3,276,,,,110.60333333333334,331.81,Medium Value
17778.0,197.70000000000002,1,214,,,,197.70000000000002,197.70000000000002,Low Value
17780.0,352.91,3,158,2010-10-02 13:39:00,2010-10-02 13:43:00,0.0,117.63666666666667,352.91,Medium Value
17782.0,679.02,2,538,,,,339.51,679.02,High Value
17783.0,96.44,1,85,,,,96.44,96.44,Low Value
17784.0,112.86,1,72,2010-07-06 16:08:00,2010-07-06 16:08:00,0.0,112.86,112.86,Low Value
17785.0,271.44,2,160,,,,135.72,271.44,Low Value
17787.0,736.28,1,356,2010-03-12 13:43:00,2010-03-12 13:43:00,0.0,736.28,736.28,High Value
17789.0,171.25,1,125,,,,171.25,171.25,Low Value
17790.0,818.06,6,553,2010-05-11 11:43:00,2010-11-07 11:35:00,179.0,136.34333333333333,818.06,High Value
17792.0,370.05,2,151,,,,185.025,370.05,Medium Value
17794.0,147.3,2,46,,,,73.65,147.3,Low Value
17796.0,664.09,4,201,2010-05-12 12:23:00,2010-05-12 12:23:00,0.0,166.0225,664.09,High Value
17797.0,1205.44,5,592,2010-09-11 14:33:00,2010-09-11 14:33:00,0.0,241.08800000000002,1205.44,High Value
17798.0,183.09,1,142,2010-07-05 11:42:00,2010-07-05 11:42:00,0.0,183.09,183.09,Low Value
17799.0,3190.66,12,1937,2010-10-08 17:09:00,2010-10-08 17:27:00,0.0,265.8883333333333,3190.66,VIP
17801.0,795.78,4,835,2010-08-06 14:10:00,2010-08-06 14:11:00,0.0,198.945,795.78,High Value
17802.0,3664.0,13,2012,2010-02-12 13:44:00,2010-11-07 13:34:00,267.0,281.84615384615387,3664.0,VIP
17803.0,184.66,1,98,2010-12-11 13:53:00,2010-12-11 13:53:00,0.0,184.66,184.66,Low Value
17804.0,380.13,4,194,2009-01-12 12:22:00,2009-01-12 16:48:00,0.0,95.0325,380.13,Medium Value
17805.0,414.72,1,648,2010-08-04 14:36:00,2010-08-04 14:36:00,0.0,414.72,414.72,Medium Value
17807.0,437.87,3,262,2010-04-01 14:00:00,2010-09-11 16:21:00,163.0,145.95666666666668,437.87,Medium Value
17808.0,262.64,4,143,2010-07-05 16:26:00,2010-09-06 10:44:00,62.0,65.66,262.64,Low Value
17809.0,5871.2300000000005,12,1294,2009-02-12 14:52:00,2010-08-10 12:14:00,543.0,489.2691666666667,5871.2300000000005,VIP
17810.0,344.86,3,118,2010-09-02 10:47:00,2010-09-02 10:51:00,0.0,114.95333333333333,344.86,Medium Value
17811.0,1770.82,9,1149,2010-09-11 10:59:00,2010-09-11 10:59:00,0.0,196.75777777777776,1770.82,VIP
17812.0,433.73,4,262,2010-06-12 15:27:00,2010-11-10 13:31:00,150.0,108.4325,433.73,Medium Value
17814.0,1617.32,2,1440,,,,808.66,1617.32,High Value
17815.0,591.96,1,612,2010-11-11 14:39:00,2010-11-11 14:39:00,0.0,591.96,591.96,Medium Value
17816.0,75.76,3,66,2010-09-12 14:10:00,2010-09-12 14:10:00,0.0,25.253333333333334,75.76,Low Value
17817.0,413.46999999999997,4,296,,,,103.36749999999999,413.46999999999997,Medium Value
17818.0,130.18,1,90,2009-02-12 11:34:00,2009-02-12 11:34:00,0.0,130.18,130.18,Low Value
17819.0,2907.65,6,818,2010-03-12 14:26:00,2010-05-05 11:43:00,53.0,484.60833333333335,2907.65,VIP
17820.0,183.56,1,112,,,,183.56,183.56,Low Value
17821.0,334.62,1,162,,,,334.62,334.62,Medium Value
17822.0,2188.5,5,1389,,,,437.7,2188.5,VIP
17823.0,494.25,2,262,,,,247.125,494.25,Medium Value
17825.0,731.96,4,540,,,,182.99,731.96,High Value
17826.0,134.59,1,85,,,,134.59,134.59,Low Value
17827.0,385.84,2,344,2010-04-05 12:01:00,2010-04-05 12:01:00,0.0,192.92,385.84,Medium Value
17829.0,3791.1800000000003,5,2441,2010-11-10 12:07:00,2010-11-10 12:07:00,0.0,758.2360000000001,3791.1800000000003,VIP
17833.0,342.36,1,145,,,,342.36,342.36,Medium Value
17834.0,730.47,2,687,,,,365.235,730.47,High Value
17838.0,3926.8500000000004,11,2265,2010-02-12 15:55:00,2010-12-07 11:45:00,297.0,356.98636363636365,3926.8500000000004,VIP
17840.0,185.72,1,138,,,,185.72,185.72,Low Value
17841.0,29175.41,126,14255,2009-02-12 15:41:00,2010-12-10 13:33:00,665.0,231.550873015873,29175.41,VIP
17842.0,430.69,1,89,,,,430.69,430.69,Medium Value
17843.0,120.75,1,163,,,,120.75,120.75,Low Value
17845.0,598.19,4,196,2010-02-06 15:20:00,2010-12-05 13:24:00,301.0,149.5475,598.19,Medium Value
17847.0,129.69,2,29,2010-04-03 12:57:00,2010-12-07 10:00:00,247.0,64.845,129.69,Low Value
17848.0,2736.95,22,1039,2009-06-12 13:19:00,2010-09-05 15:50:00,450.0,124.40681818181817,2736.95,VIP
17849.0,457.96000000000004,4,110,2010-08-06 10:59:00,2010-08-06 10:59:00,0.0,114.49000000000001,457.96000000000004,Medium Value
17850.0,50414.5,158,20901,2009-05-12 12:28:00,2010-10-06 15:29:00,512.0,319.07911392405066,50414.5,VIP
17851.0,1563.34,6,938,2009-03-12 17:46:00,2010-01-07 18:12:00,301.0,260.5566666666667,1563.34,High Value
17852.0,548.87,3,323,2009-08-12 12:51:00,2009-08-12 12:51:00,0.0,182.95666666666668,548.87,Medium Value
17853.0,1608.19,3,627,2009-03-12 15:09:00,2009-03-12 15:09:00,0.0,536.0633333333334,1608.19,High Value
17854.0,760.19,4,526,2009-08-12 11:13:00,2010-03-09 12:06:00,209.0,190.0475,760.19,High Value
17855.0,208.97,1,197,2010-02-12 09:44:00,2010-02-12 09:44:00,0.0,208.97,208.97,Low Value
17857.0,1803.2,2,2804,2010-08-03 12:09:00,2010-09-12 11:35:00,39.0,901.6,1803.2,VIP
17858.0,7567.64,21,2774,2009-06-12 15:41:00,2010-11-04 14:42:00,509.0,360.36380952380955,7567.64,VIP
17860.0,762.74,4,713,2009-11-12 16:48:00,2010-07-10 13:09:00,239.0,190.685,762.74,High Value
17861.0,3005.39,13,2582,2009-10-12 10:33:00,2010-11-11 17:21:00,395.0,231.18384615384613,3005.39,VIP
17862.0,948.1899999999999,3,343,2010-11-11 17:55:00,2010-11-11 17:55:00,0.0,316.06333333333333,948.1899999999999,High Value
17863.0,2585.2,7,2314,2010-05-12 13:21:00,2010-05-12 13:21:00,0.0,369.3142857142857,2585.2,VIP
17864.0,326.82,2,311,2010-08-10 11:49:00,2010-08-10 11:49:00,0.0,163.41,326.82,Medium Value
17865.0,15490.51,35,7129,2009-01-12 10:49:00,2010-12-04 11:38:00,691.0,442.586,15490.51,VIP
17866.0,805.3000000000001,2,361,2010-12-08 12:43:00,2010-12-08 12:43:00,0.0,402.65000000000003,805.3000000000001,High Value
17867.0,273.03,12,99,2009-02-12 13:02:00,2010-11-06 13:43:00,632.0,22.752499999999998,273.03,Low Value
17868.0,234.65,1,91,,,,234.65,234.65,Low Value
17869.0,607.98,3,449,2010-06-12 17:16:00,2010-10-06 13:47:00,115.0,202.66,607.98,Medium Value
17870.0,1213.8,2,476,2010-08-12 08:12:00,2010-08-12 08:12:00,0.0,606.9,1213.8,High Value
17871.0,963.09,4,531,2010-07-11 13:21:00,2010-10-05 17:03:00,86.0,240.7725,963.09,High Value
17872.0,235.87,1,176,,,,235.87,235.87,Low Value
17873.0,4465.2,15,2761,2010-01-12 14:54:00,2010-04-10 14:11:00,87.0,297.68,4465.2,VIP
17875.0,167.1,1,98,,,,167.1,167.1,Low Value
17876.0,3424.02,3,1958,2010-02-02 13:00:00,2010-05-11 10:52:00,97.0,1141.34,3424.02,VIP
17878.0,1032.88,2,637,2010-09-11 13:50:00,2010-09-11 13:52:00,0.0,516.44,1032.88,High Value
17880.0,366.0,2,152,2009-09-12 16:13:00,2010-10-03 12:39:00,385.0,183.0,366.0,Medium Value
17882.0,313.46,2,134,,,,156.73,313.46,Medium Value
17883.0,308.18,4,100,,,,77.045,308.18,Medium Value
17884.0,2311.44,21,2221,2009-04-12 16:22:00,2010-09-09 20:03:00,515.0,110.06857142857143,2311.44,VIP
17886.0,698.82,4,243,,,,174.705,698.82,High Value
17888.0,793.12,21,421,2010-01-02 12:13:00,2010-10-08 13:34:00,279.0,37.76761904761905,793.12,High Value
17889.0,571.0,5,338,,,,114.2,571.0,Medium Value
17894.0,1277.8500000000001,13,571,2010-03-11 10:28:00,2010-10-11 10:17:00,213.0,98.29615384615386,1277.8500000000001,High Value
17897.0,1992.9,9,808,2010-01-12 12:31:00,2010-12-05 16:03:00,327.0,221.43333333333334,1992.9,VIP
17898.0,147.12,2,61,,,,73.56,147.12,Low Value
17901.0,149.7,2,14,2010-06-07 10:54:00,2010-06-07 11:05:00,0.0,74.85,149.7,Low Value
17902.0,216.39999999999998,1,526,2010-11-06 12:25:00,2010-11-06 12:25:00,0.0,216.39999999999998,216.39999999999998,Low Value
17903.0,381.09000000000003,1,142,2010-10-11 15:39:00,2010-10-11 15:39:00,0.0,381.09000000000003,381.09000000000003,Medium Value
17905.0,1573.98,11,964,2010-01-02 15:32:00,2010-04-03 13:47:00,90.0,143.0890909090909,1573.98,High Value
17907.0,291.76,1,1046,2010-09-03 12:33:00,2010-09-03 12:33:00,0.0,291.76,291.76,Medium Value
17908.0,1114.61,7,656,2010-01-12 11:45:00,2010-07-10 14:11:00,179.0,159.23,1114.61,High Value
17909.0,132.55,1,41,2009-02-12 13:10:00,2009-02-12 13:10:00,0.0,132.55,132.55,Low Value
17910.0,261.7,1,121,,,,261.7,261.7,Low Value
17912.0,64.49,1,31,,,,64.49,64.49,Low Value
17913.0,3068.04,12,1456,2009-03-12 13:02:00,2010-09-05 13:15:00,542.0,255.67,3068.04,VIP
17915.0,242.13,1,191,2010-06-06 13:22:00,2010-06-06 13:22:00,0.0,242.13,242.13,Low Value
17916.0,43.87,2,90,2009-06-12 14:10:00,2009-06-12 14:10:00,0.0,21.935,43.87,Low Value
17918.0,396.39,3,352,,,,132.13,396.39,Medium Value
17919.0,536.28,1,696,,,,536.28,536.28,Medium Value
17920.0,20305.81,41,10147,2009-06-12 10:37:00,2010-11-10 15:11:00,516.0,495.2636585365854,20305.81,VIP
17921.0,1556.83,8,559,2010-05-08 18:42:00,2010-12-09 16:08:00,214.0,194.60375,1556.83,High Value
17922.0,170.4,1,49,,,,170.4,170.4,Low Value
17923.0,289.5,2,90,,,,144.75,289.5,Medium Value
17924.0,550.95,3,103,2010-01-12 10:51:00,2010-02-12 17:30:00,31.0,183.65,550.95,Medium Value
17925.0,244.08,1,72,2010-02-12 10:10:00,2010-02-12 10:10:00,0.0,244.08,244.08,Low Value
17926.0,638.2,3,266,2010-01-09 13:44:00,2010-09-05 14:07:00,239.0,212.73333333333335,638.2,Medium Value
17927.0,294.0,1,108,,,,294.0,294.0,Medium Value
17928.0,128.7,1,82,,,,128.7,128.7,Low Value
17929.0,2239.1,8,326,2009-09-12 11:40:00,2009-09-12 11:40:00,0.0,279.8875,2239.1,VIP
17930.0,2502.44,10,2176,2010-04-03 10:41:00,2010-11-11 08:29:00,221.0,250.244,2502.44,VIP
17931.0,2897.6,16,1571,2010-01-08 12:02:00,2010-07-11 12:36:00,184.0,181.1,2897.6,VIP
17933.0,114.69,1,63,,,,114.69,114.69,Low Value
17934.0,344.90000000000003,1,150,,,,344.90000000000003,344.90000000000003,Medium Value
17935.0,509.75,6,150,2009-04-12 14:33:00,2010-04-11 12:06:00,363.0,84.95833333333333,509.75,Medium Value
17938.0,144.29,1,53,,,,144.29,144.29,Low Value
17940.0,24976.44,8,75823,2009-03-12 12:31:00,2009-03-12 12:31:00,0.0,3122.055,24976.44,VIP
17941.0,1128.72,3,856,2010-06-01 15:37:00,2010-06-01 15:37:00,0.0,376.24,1128.72,High Value
17943.0,-165.03,1,-3,,,,-165.03,-165.03,Low Value
17944.0,75.41,1,85,2010-12-10 16:25:00,2010-12-10 16:25:00,0.0,75.41,75.41,Low Value
17945.0,360.35,3,244,2010-12-01 11:33:00,2010-12-01 11:40:00,0.0,120.11666666666667,360.35,Medium Value
17949.0,46144.75,87,26757,2009-02-12 11:07:00,2010-12-08 17:49:00,664.0,530.3994252873563,46144.75,VIP
17950.0,940.53,7,457,2010-04-01 17:39:00,2010-12-07 16:43:00,249.0,134.36142857142858,940.53,High Value
17951.0,627.5400000000001,2,282,2010-01-12 12:40:00,2010-01-12 12:40:00,0.0,313.77000000000004,627.5400000000001,Medium Value
17952.0,819.61,4,504,,,,204.9025,819.61,High Value
17953.0,160.82,1,99,,,,160.82,160.82,Low Value
17954.0,1536.19,14,981,2009-09-12 13:22:00,2010-12-11 12:26:00,454.0,109.72785714285715,1536.19,High Value
17955.0,392.6,2,408,2010-12-02 16:27:00,2010-12-02 16:27:00,0.0,196.3,392.6,Medium Value
17958.0,465.42,1,200,2009-11-12 15:37:00,2009-11-12 15:37:00,0.0,465.42,465.42,Medium Value
17959.0,140.75,1,49,,,,140.75,140.75,Low Value
17960.0,61.300000000000004,2,19,2010-05-07 09:56:00,2010-08-03 12:22:00,88.0,30.650000000000002,61.300000000000004,Low Value
17961.0,1682.65,64,974,2009-01-12 14:48:00,2010-12-01 14:08:00,687.0,26.29140625,1682.65,VIP
17962.0,570.19,4,521,2010-08-06 16:15:00,2010-08-06 16:31:00,0.0,142.5475,570.19,Medium Value
17963.0,651.51,4,344,2010-11-06 15:54:00,2010-11-06 15:54:00,0.0,162.8775,651.51,Medium Value
17964.0,261.76,1,195,2010-02-12 13:32:00,2010-02-12 13:32:00,0.0,261.76,261.76,Low Value
17965.0,4495.21,21,2943,2010-01-03 13:14:00,2010-09-12 18:09:00,252.0,214.05761904761906,4495.21,VIP
17966.0,875.99,5,1372,,,,175.198,875.99,High Value
17967.0,234.22,2,118,2010-03-12 11:19:00,2010-03-12 11:19:00,0.0,117.11,234.22,Low Value
17968.0,610.6899999999999,4,365,2010-01-12 12:23:00,2010-01-12 12:23:00,0.0,152.67249999999999,610.6899999999999,Medium Value
17969.0,2022.99,25,834,2009-06-12 13:41:00,2010-12-07 16:09:00,543.0,80.9196,2022.99,VIP
17971.0,161.94,1,62,2010-09-06 14:04:00,2010-09-06 14:04:00,0.0,161.94,161.94,Low Value
17974.0,1117.27,3,724,2010-10-11 12:09:00,2010-10-11 12:09:00,0.0,372.42333333333335,1117.27,High Value
17975.0,2534.07,13,702,2010-01-11 10:46:00,2010-12-10 16:43:00,333.0,194.92846153846156,2534.07,VIP
17976.0,353.19,1,106,2010-02-12 13:49:00,2010-02-12 13:49:00,0.0,353.19,353.19,Medium Value
17977.0,1219.59,2,1690,2010-04-11 14:26:00,2010-04-11 14:26:00,0.0,609.795,1219.59,High Value
17978.0,1160.84,4,1298,2009-08-12 13:27:00,2010-11-01 13:51:00,446.0,290.21,1160.84,High Value
17980.0,221.97,1,100,2010-11-11 14:42:00,2010-11-11 14:42:00,0.0,221.97,221.97,Low Value
17981.0,239.12,1,260,,,,239.12,239.12,Low Value
17982.0,138.18,1,117,,,,138.18,138.18,Low Value
17983.0,171.71,1,108,2010-09-11 13:23:00,2010-09-11 13:24:00,0.0,171.71,171.71,Low Value
17984.0,1038.59,4,875,2009-01-12 11:51:00,2010-12-11 14:13:00,698.0,259.6475,1038.59,High Value
17987.0,729.55,5,618,2010-04-11 11:37:00,2010-07-06 11:23:00,85.0,145.91,729.55,High Value
17988.0,288.42,7,143,2009-07-12 13:35:00,2010-09-08 16:56:00,423.0,41.20285714285715,288.42,Medium Value
17989.0,228.82999999999998,1,329,,,,228.82999999999998,228.82999999999998,Low Value
17990.0,891.73,4,351,2009-07-12 15:19:00,2010-09-07 11:36:00,421.0,222.9325,891.73,High Value
17991.0,227.2,1,75,,,,227.2,227.2,Low Value
17992.0,254.13,1,131,,,,254.13,254.13,Low Value
17993.0,235.19,1,112,2010-01-04 14:23:00,2010-01-04 14:23:00,0.0,235.19,235.19,Low Value
17994.0,1633.18,8,1696,2010-07-06 10:05:00,2010-10-05 09:16:00,90.0,204.1475,1633.18,High Value
17995.0,419.38,2,130,,,,209.69,419.38,Medium Value
17996.0,482.33,3,587,2010-11-06 11:48:00,2010-11-06 11:52:00,0.0,160.77666666666667,482.33,Medium Value
17998.0,601.74,4,531,2009-01-12 13:07:00,2009-02-12 10:02:00,30.0,150.435,601.74,Medium Value
17999.0,348.84,2,174,2010-08-12 15:17:00,2010-08-12 15:17:00,0.0,174.42,348.84,Medium Value
18000.0,124.25,1,109,,,,124.25,124.25,Low Value
18001.0,536.61,4,530,2009-02-12 15:38:00,2010-11-06 11:53:00,631.0,134.1525,536.61,Medium Value
18002.0,249.92,4,72,2009-08-12 11:07:00,2010-02-07 14:46:00,179.0,62.48,249.92,Low Value
18003.0,358.61,1,299,,,,358.61,358.61,Medium Value
18006.0,553.1800000000001,3,183,2010-01-04 19:06:00,2010-01-04 19:06:00,0.0,184.39333333333335,553.1800000000001,Medium Value
18007.0,220.32,1,252,2010-12-11 11:08:00,2010-12-11 11:08:00,0.0,220.32,220.32,Low Value
18008.0,17670.94,14,6249,2010-06-01 12:35:00,2010-12-10 12:10:00,191.0,1262.2099999999998,17670.94,VIP
18009.0,1824.84,12,513,2010-01-04 10:33:00,2010-06-05 11:58:00,152.0,152.07,1824.84,VIP
18011.0,424.24,2,127,2010-01-12 17:35:00,2010-01-12 17:35:00,0.0,212.12,424.24,Medium Value
18012.0,115.3,1,63,,,,115.3,115.3,Low Value
18016.0,476.90000000000003,2,180,,,,238.45000000000002,476.90000000000003,Medium Value
18017.0,165.0,1,100,2010-04-10 15:11:00,2010-04-10 15:11:00,0.0,165.0,165.0,Low Value
18018.0,34.55,3,11,2010-05-11 15:52:00,2010-05-11 15:52:00,0.0,11.516666666666666,34.55,Low Value
18020.0,129.28,2,43,,,,64.64,129.28,Low Value
18021.0,227.06,2,169,,,,113.53,227.06,Low Value
18022.0,983.68,4,654,2010-11-06 13:59:00,2010-12-11 11:21:00,34.0,245.92,983.68,High Value
18023.0,-3248.86,1,-1,,,,-3248.86,-3248.86,Low Value
18025.0,1177.72,6,1053,2010-12-11 16:24:00,2010-12-11 16:24:00,0.0,196.28666666666666,1177.72,High Value
18026.0,2074.07,2,530,,,,1037.035,2074.07,VIP
18028.0,192.05,1,133,2010-05-05 13:28:00,2010-05-05 13:28:00,0.0,192.05,192.05,Low Value
18029.0,433.77,1,253,2010-07-03 15:30:00,2010-07-03 15:30:00,0.0,433.77,433.77,Medium Value
18031.0,462.09999999999997,1,300,,,,462.09999999999997,462.09999999999997,Medium Value
18034.0,370.82,1,431,,,,370.82,370.82,Medium Value
18035.0,546.34,2,550,,,,273.17,546.34,Medium Value
18036.0,1158.02,8,514,2010-03-09 14:41:00,2010-09-07 13:19:00,181.0,144.7525,1158.02,High Value
18037.0,97.39999999999999,9,17,2009-01-12 13:48:00,2010-07-06 15:29:00,540.0,10.822222222222221,97.39999999999999,Low Value
18038.0,149.41,1,85,2010-01-06 15:59:00,2010-01-06 15:59:00,0.0,149.41,149.41,Low Value
18039.0,579.17,4,570,2010-09-03 11:19:00,2010-09-03 11:19:00,0.0,144.7925,579.17,Medium Value
18041.0,4508.51,21,3752,2010-02-11 15:34:00,2010-11-02 16:16:00,264.0,214.69095238095238,4508.51,VIP
18042.0,116.1,1,36,,,,116.1,116.1,Low Value
18043.0,316.46,1,172,2010-08-12 12:35:00,2010-08-12 12:35:00,0.0,316.46,316.46,Medium Value
18044.0,1417.01,8,565,2010-07-10 09:44:00,2010-07-10 09:44:00,0.0,177.12625,1417.01,High Value
18046.0,189.63,1,44,,,,189.63,189.63,Low Value
18047.0,342.69,2,138,,,,171.345,342.69,Medium Value
18048.0,229.44,1,131,2010-03-08 13:03:00,2010-03-08 13:03:00,0.0,229.44,229.44,Low Value
18049.0,556.52,2,425,,,,278.26,556.52,Medium Value
18050.0,337.66,1,210,2010-11-11 15:51:00,2010-11-11 15:51:00,0.0,337.66,337.66,Medium Value
18051.0,2275.98,8,1657,2009-09-12 12:17:00,2010-07-02 13:30:00,293.0,284.4975,2275.98,VIP
18052.0,10877.18,1,17766,,,,10877.18,10877.18,VIP
18053.0,230.7,4,101,2010-02-07 11:37:00,2010-12-08 18:49:00,304.0,57.675,230.7,Low Value
18054.0,176.5,1,96,2010-12-11 08:18:00,2010-12-11 08:18:00,0.0,176.5,176.5,Low Value
18055.0,4411.38,6,1384,2010-05-12 10:52:00,2010-07-12 09:13:00,60.0,735.23,4411.38,VIP
18056.0,176.1,2,120,,,,88.05,176.1,Low Value
18057.0,1203.56,3,978,2010-11-11 16:55:00,2010-11-11 16:55:00,0.0,401.18666666666667,1203.56,High Value
18058.0,603.9,2,306,2010-10-02 09:38:00,2010-10-02 09:38:00,0.0,301.95,603.9,Medium Value
18060.0,1185.46,2,902,,,,592.73,1185.46,High Value
18061.0,4361.06,20,2651,2009-04-12 11:36:00,2010-11-01 16:42:00,568.0,218.05300000000003,4361.06,VIP
18062.0,802.85,6,421,,,,133.80833333333334,802.85,High Value
18063.0,186.60000000000002,2,48,,,,93.30000000000001,186.60000000000002,Low Value
18064.0,3627.18,13,2275,2010-01-02 15:01:00,2010-10-03 10:53:00,273.0,279.01384615384615,3627.18,VIP
18065.0,3456.8,17,1234,2009-09-12 16:00:00,2010-12-02 12:04:00,445.0,203.34117647058824,3456.8,VIP
18066.0,1122.4,2,427,,,,561.2,1122.4,High Value
18069.0,2503.89,6,1916,,,,417.315,2503.89,VIP
18070.0,307.75,2,85,2009-08-12 17:15:00,2010-08-02 13:28:00,354.0,153.875,307.75,Medium Value
18071.0,975.63,5,587,2009-05-12 10:31:00,2010-09-12 10:33:00,488.0,195.126,975.63,High Value
18074.0,1019.44,2,361,2010-01-12 09:53:00,2010-01-12 09:53:00,0.0,509.72,1019.44,High Value
18075.0,3041.19,17,1782,2010-01-10 15:20:00,2010-12-11 15:07:00,334.0,178.89352941176472,3041.19,VIP
18076.0,151.49,1,164,,,,151.49,151.49,Low Value
18077.0,1705.55,8,1355,2009-07-12 11:40:00,2010-08-12 10:21:00,395.0,213.19375,1705.55,VIP
18078.0,508.47,2,286,2010-10-10 16:01:00,2010-10-10 16:01:00,0.0,254.235,508.47,Medium Value
18079.0,590.78,1,1383,2010-05-08 12:19:00,2010-05-08 12:19:00,0.0,590.78,590.78,Medium Value
18083.0,470.72999999999996,1,270,2010-07-11 11:44:00,2010-07-11 11:44:00,0.0,470.72999999999996,470.72999999999996,Medium Value
18084.0,106.19999999999999,3,24,,,,35.4,106.19999999999999,Low Value
18085.0,955.8000000000001,3,320,2010-01-12 12:08:00,2010-11-11 17:41:00,303.0,318.6,955.8000000000001,High Value
18087.0,10641.5,17,3857,2009-01-12 09:43:00,2010-11-11 13:57:00,668.0,625.9705882352941,10641.5,VIP
18089.0,428.45,1,95,,,,428.45,428.45,Medium Value
18090.0,349.4,1,321,,,,349.4,349.4,Medium Value
18091.0,360.85,1,539,,,,360.85,360.85,Medium Value
18092.0,7107.43,9,4577,2009-04-12 12:37:00,2010-09-12 10:00:00,517.0,789.7144444444444,7107.43,VIP
18093.0,2346.19,4,2037,,,,586.5475,2346.19,VIP
18094.0,3305.32,8,1610,2009-11-12 13:57:00,2010-09-05 13:58:00,297.0,413.165,3305.32,VIP
18095.0,1723.04,3,1204,2010-08-10 15:09:00,2010-10-05 09:24:00,55.0,574.3466666666667,1723.04,VIP
18096.0,894.13,3,658,,,,298.04333333333335,894.13,High Value
18097.0,1959.3200000000002,7,1050,,,,279.90285714285716,1959.3200000000002,VIP
18098.0,550.84,1,217,2010-08-11 16:31:00,2010-08-11 16:31:00,0.0,550.84,550.84,Medium Value
18100.0,451.56,1,440,2010-07-06 14:19:00,2010-07-06 14:19:00,0.0,451.56,451.56,Medium Value
18101.0,405.51,3,162,2010-03-02 13:52:00,2010-03-02 13:52:00,0.0,135.17,405.51,Medium Value
18102.0,341776.73,95,122988,2009-01-12 09:24:00,2010-12-04 13:11:00,691.0,3597.649789473684,341776.73,VIP
18103.0,105.8,1,23,2010-08-06 13:36:00,2010-08-06 13:36:00,0.0,105.8,105.8,Low Value
18106.0,1030.76,5,384,,,,206.152,1030.76,High Value
18107.0,167.13,1,66,,,,167.13,167.13,Low Value
18108.0,577.8100000000001,2,177,2009-02-12 12:47:00,2009-02-12 12:47:00,0.0,288.90500000000003,577.8100000000001,Medium Value
18109.0,1829.34,15,643,2010-01-07 12:13:00,2010-11-11 13:07:00,308.0,121.95599999999999,1829.34,VIP
18110.0,199.13,1,100,,,,199.13,199.13,Low Value
18111.0,398.9,2,228,2010-05-05 13:30:00,2010-05-05 13:30:00,0.0,199.45,398.9,Medium Value
18112.0,423.27,2,192,2010-06-06 12:40:00,2010-06-06 12:40:00,0.0,211.635,423.27,Medium Value
18113.0,76.32000000000001,1,72,2010-06-12 12:31:00,2010-06-12 12:31:00,0.0,76.32000000000001,76.32000000000001,Low Value
18115.0,9.700000000000001,1,3,2010-11-01 11:57:00,2010-11-01 11:57:00,0.0,9.700000000000001,9.700000000000001,Low Value
18116.0,736.27,5,433,2010-12-11 13:49:00,2010-12-11 13:49:00,0.0,147.254,736.27,High Value
18118.0,1074.3,5,533,2010-05-12 12:13:00,2010-05-12 12:13:00,0.0,214.85999999999999,1074.3,High Value
18119.0,181.12,1,125,2010-07-12 11:59:00,2010-07-12 11:59:00,0.0,181.12,181.12,Low Value
18123.0,95.15,1,35,,,,95.15,95.15,Low Value
18124.0,111.53,1,51,,,,111.53,111.53,Low Value
18127.0,212.8,1,64,2010-01-11 13:56:00,2010-01-11 13:56:00,0.0,212.8,212.8,Low Value
18128.0,420.04,1,221,,,,420.04,420.04,Medium Value
18131.0,222.95999999999998,1,552,,,,222.95999999999998,222.95999999999998,Low Value
18132.0,226.9,1,216,,,,226.9,226.9,Low Value
18134.0,445.0,2,128,,,,222.5,445.0,Medium Value
18135.0,547.3100000000001,8,400,2010-11-10 12:34:00,2010-12-11 10:34:00,30.0,68.41375000000001,547.3100000000001,Medium Value
18136.0,769.88,5,464,2010-02-11 10:03:00,2010-02-11 10:03:00,0.0,153.976,769.88,High Value
18137.0,145.99,2,59,2010-06-06 13:45:00,2010-06-06 14:18:00,0.0,72.995,145.99,Low Value
18140.0,536.41,1,395,,,,536.41,536.41,Medium Value
18141.0,873.97,3,432,2010-03-11 11:44:00,2010-11-11 19:16:00,245.0,291.3233333333333,873.97,High Value
18144.0,2169.25,8,896,2010-01-12 13:45:00,2010-11-06 12:06:00,297.0,271.15625,2169.25,VIP
18145.0,2738.54,8,2476,2009-08-12 12:30:00,2010-11-08 12:28:00,452.0,342.3175,2738.54,VIP
18148.0,114.10000000000001,1,64,2010-03-03 11:40:00,2010-03-03 11:40:00,0.0,114.10000000000001,114.10000000000001,Low Value
18149.0,1012.63,4,608,2010-06-06 12:26:00,2010-06-06 12:26:00,0.0,253.1575,1012.63,High Value
18151.0,1200.59,5,625,2010-04-03 10:47:00,2010-04-03 10:47:00,0.0,240.118,1200.59,High Value
18152.0,426.69,1,75,2010-03-03 15:26:00,2010-03-03 15:26:00,0.0,426.69,426.69,Medium Value
18153.0,246.22,1,200,,,,246.22,246.22,Low Value
18154.0,533.41,3,371,2010-06-08 09:18:00,2010-06-08 09:18:00,0.0,177.8033333333333,533.41,Medium Value
18156.0,206.23000000000002,1,73,2010-05-12 12:29:00,2010-05-12 12:29:00,0.0,206.23000000000002,206.23000000000002,Low Value
18157.0,215.35,1,146,,,,215.35,215.35,Low Value
18160.0,365.82,1,225,,,,365.82,365.82,Medium Value
18161.0,184.41,1,153,,,,184.41,184.41,Low Value
18162.0,379.16,1,335,2009-07-12 13:24:00,2009-07-12 13:24:00,0.0,379.16,379.16,Medium Value
18163.0,639.34,2,430,2010-04-05 14:51:00,2010-04-05 14:51:00,0.0,319.67,639.34,Medium Value
18166.0,175.5,1,90,,,,175.5,175.5,Low Value
18168.0,2536.48,15,1561,2009-03-12 17:29:00,2010-12-09 15:36:00,636.0,169.09866666666667,2536.48,VIP
18170.0,1897.69,6,775,2010-02-11 14:01:00,2010-08-03 12:33:00,172.0,316.2816666666667,1897.69,VIP
18171.0,1206.0,4,510,2010-05-01 10:46:00,2010-06-07 15:50:00,37.0,301.5,1206.0,High Value
18172.0,9811.66,38,4213,2009-11-12 09:58:00,2010-11-10 13:56:00,363.0,258.20157894736843,9811.66,VIP
18173.0,589.52,1,510,2010-06-04 10:43:00,2010-06-04 10:43:00,0.0,589.52,589.52,Medium Value
18174.0,58.5,1,30,,,,58.5,58.5,Low Value
18175.0,176.1,1,70,2010-02-02 10:25:00,2010-02-02 10:25:00,0.0,176.1,176.1,Low Value
18177.0,875.45,3,529,,,,291.81666666666666,875.45,High Value
18178.0,4481.08,9,2862,2010-02-11 17:24:00,2010-12-03 15:47:00,294.0,497.8977777777778,4481.08,VIP
18179.0,754.38,2,451,2010-05-07 10:48:00,2010-05-07 10:48:00,0.0,377.19,754.38,High Value
18181.0,801.41,6,375,2009-04-12 15:30:00,2010-04-11 16:51:00,364.0,133.56833333333333,801.41,High Value
18182.0,291.13,1,167,2010-02-09 14:25:00,2010-02-09 14:25:00,0.0,291.13,291.13,Medium Value
18186.0,329.58,1,338,,,,329.58,329.58,Medium Value
18187.0,682.19,3,304,,,,227.39666666666668,682.19,High Value
18188.0,1264.7,4,717,2010-05-10 09:38:00,2010-05-10 09:38:00,0.0,316.175,1264.7,High Value
18189.0,312.24,2,269,,,,156.12,312.24,Medium Value
18190.0,461.16,3,350,,,,153.72,461.16,Medium Value
18191.0,321.59999999999997,1,192,,,,321.59999999999997,321.59999999999997,Medium Value
18193.0,942.74,3,799,2010-08-12 14:20:00,2010-08-12 14:20:00,0.0,314.24666666666667,942.74,High Value
18194.0,3188.2000000000003,5,1142,2010-08-04 13:21:00,2010-08-04 13:21:00,0.0,637.6400000000001,3188.2000000000003,VIP
18195.0,101.16,1,60,,,,101.16,101.16,Low Value
18196.0,775.18,2,614,,,,387.59,775.18,High Value
18197.0,221.4,2,162,,,,110.7,221.4,Low Value
18199.0,342.2,2,98,2010-02-02 08:39:00,2010-02-02 08:39:00,0.0,171.1,342.2,Medium Value
18201.0,447.53000000000003,1,191,,,,447.53000000000003,447.53000000000003,Medium Value
18203.0,344.0,3,70,2009-08-12 13:19:00,2010-07-06 12:29:00,327.0,114.66666666666667,344.0,Medium Value
18206.0,314.65999999999997,1,246,2010-04-06 13:47:00,2010-04-06 13:47:00,0.0,314.65999999999997,314.65999999999997,Medium Value
18207.0,505.12,3,300,2010-01-08 14:17:00,2010-03-08 08:58:00,58.0,168.37333333333333,505.12,Medium Value
18208.0,360.08,1,82,,,,360.08,360.08,Medium Value
18210.0,147.45,1,101,,,,147.45,147.45,Low Value
18212.0,298.3,1,66,,,,298.3,298.3,Medium Value
18214.0,1480.99,5,790,2010-03-06 19:47:00,2010-08-06 17:29:00,152.0,296.198,1480.99,High Value
18215.0,1939.65,5,1024,2010-04-11 11:12:00,2010-04-11 11:12:00,0.0,387.93,1939.65,VIP
18217.0,281.05,4,219,2010-01-07 15:39:00,2010-05-07 10:41:00,119.0,70.2625,281.05,Low Value
18218.0,479.91999999999996,2,492,,,,239.95999999999998,479.91999999999996,Medium Value
18219.0,1487.6200000000001,9,766,2009-07-12 13:17:00,2010-10-06 09:55:00,450.0,165.29111111111112,1487.6200000000001,High Value
18220.0,1473.92,9,976,2010-06-05 10:04:00,2010-10-11 14:22:00,128.0,163.7688888888889,1473.92,High Value
18221.0,337.03,2,195,,,,168.515,337.03,Medium Value
18223.0,7182.35,25,3570,2009-04-12 12:20:00,2010-08-02 10:11:00,476.0,287.29400000000004,7182.35,VIP
18225.0,7289.89,19,4029,2009-04-12 16:51:00,2010-09-12 15:46:00,517.0,383.6784210526316,7289.89,VIP
18226.0,6556.48,24,4371,2010-01-06 12:00:00,2010-12-08 15:46:00,336.0,273.18666666666667,6556.48,VIP
18227.0,0.0,2,0,2010-12-08 16:45:00,2010-12-08 16:45:00,0.0,0.0,0.0,Low Value
18229.0,3526.81,10,695,2009-03-12 14:42:00,2010-08-12 10:51:00,517.0,352.681,3526.81,VIP
18230.0,1474.1100000000001,3,679,2010-02-07 10:01:00,2010-09-12 14:47:00,217.0,491.37000000000006,1474.1100000000001,High Value
18231.0,4782.0,24,2100,2010-01-02 14:37:00,2010-12-05 14:01:00,336.0,199.25,4782.0,VIP
18234.0,179.6,1,80,2010-06-06 11:22:00,2010-06-06 11:22:00,0.0,179.6,179.6,Low Value
18236.0,913.11,6,293,2010-01-10 11:03:00,2010-01-10 11:05:00,0.0,152.185,913.11,High Value
18238.0,270.92,1,114,2010-12-07 12:51:00,2010-12-07 12:51:00,0.0,270.92,270.92,Low Value
18239.0,588.75,2,257,2010-02-12 17:48:00,2010-02-12 17:48:00,0.0,294.375,588.75,Medium Value
18241.0,896.0,5,418,2010-01-04 11:55:00,2010-11-10 17:08:00,310.0,179.2,896.0,High Value
18242.0,1372.72,4,1004,2010-11-01 08:49:00,2010-11-01 08:49:00,0.0,343.18,1372.72,High Value
18243.0,515.78,1,221,,,,515.78,515.78,Medium Value
18244.0,568.64,2,856,2010-05-10 11:15:00,2010-05-10 11:15:00,0.0,284.32,568.64,Medium Value
18245.0,3728.67,15,3297,2010-04-05 12:45:00,2010-11-10 12:26:00,218.0,248.578,3728.67,VIP
18246.0,162.72,1,48,2010-09-04 10:19:00,2010-09-04 10:19:00,0.0,162.72,162.72,Low Value
18247.0,721.43,6,305,2010-08-06 14:22:00,2010-08-06 14:22:00,0.0,120.23833333333333,721.43,High Value
18251.0,21964.14,8,31815,2010-08-04 12:23:00,2010-11-03 10:13:00,90.0,2745.5175,21964.14,VIP
18252.0,938.92,6,692,2009-08-12 17:16:00,2010-11-01 13:24:00,445.0,156.48666666666665,938.92,High Value
18253.0,317.88,1,128,2010-07-03 12:38:00,2010-07-03 12:38:00,0.0,317.88,317.88,Medium Value
18254.0,267.9,1,188,2010-07-05 14:37:00,2010-07-05 14:37:00,0.0,267.9,267.9,Low Value
18255.0,199.85,1,127,2010-09-09 16:31:00,2010-09-09 16:31:00,0.0,199.85,199.85,Low Value
18256.0,110.7,1,180,,,,110.7,110.7,Low Value
18257.0,2231.42,6,1319,2010-02-03 14:50:00,2010-06-08 14:04:00,124.0,371.90333333333336,2231.42,VIP
18258.0,2040.97,8,1973,2010-01-09 14:20:00,2010-11-06 13:20:00,300.0,255.12125,2040.97,VIP
18259.0,1979.6000000000001,5,676,2009-08-12 08:38:00,2010-08-12 13:38:00,365.0,395.92,1979.6000000000001,VIP
18260.0,7156.95,24,3742,2010-01-10 10:02:00,2010-12-10 15:15:00,334.0,298.20625,7156.95,VIP
18262.0,428.06,2,370,2010-11-11 13:30:00,2010-11-11 13:30:00,0.0,214.03,428.06,Medium Value
18264.0,603.25,1,241,,,,603.25,603.25,Medium Value
18266.0,251.1,1,138,2010-01-10 15:33:00,2010-01-10 15:33:00,0.0,251.1,251.1,Low Value
18267.0,252.87,2,131,2010-05-02 08:43:00,2010-05-02 08:43:00,0.0,126.435,252.87,Low Value
18268.0,1451.22,6,702,2009-11-12 10:27:00,2010-09-02 09:53:00,293.0,241.87,1451.22,High Value
18269.0,168.6,1,76,2010-08-12 13:53:00,2010-08-12 13:53:00,0.0,168.6,168.6,Low Value
18270.0,161.4,1,108,2010-03-10 10:49:00,2010-03-10 10:49:00,0.0,161.4,161.4,Low Value
18271.0,680.85,2,319,2009-08-12 11:27:00,2010-09-04 09:26:00,387.0,340.425,680.85,High Value
18272.0,1282.55,4,827,2010-04-03 12:53:00,2010-09-06 14:37:00,156.0,320.6375,1282.55,High Value
18273.0,153.0,1,60,,,,153.0,153.0,Low Value
18275.0,741.85,2,417,2009-08-12 16:23:00,2010-10-05 15:46:00,418.0,370.925,741.85,High Value
18276.0,1297.31,7,1055,2009-10-12 17:14:00,2010-12-11 10:11:00,424.0,185.32999999999998,1297.31,High Value
18277.0,1013.75,6,377,2010-02-08 10:26:00,2010-07-11 15:52:00,153.0,168.95833333333334,1013.75,High Value
18278.0,240.3,1,74,,,,240.3,240.3,Low Value
18279.0,231.33999999999997,1,630,2010-08-07 14:48:00,2010-08-07 14:48:00,0.0,231.33999999999997,231.33999999999997,Low Value
18280.0,291.85,2,147,2010-10-11 15:51:00,2010-10-11 15:51:00,0.0,145.925,291.85,Medium Value
18281.0,120.32,1,92,2010-11-05 10:49:00,2010-11-05 10:49:00,0.0,120.32,120.32,Low Value
18283.0,641.77,6,336,2010-02-03 13:28:00,2010-02-03 13:28:00,0.0,106.96166666666666,641.77,Medium Value
18284.0,436.68,2,493,2010-04-10 11:33:00,2010-06-10 12:31:00,61.0,218.34,436.68,Medium Value
18285.0,427.0,1,145,,,,427.0,427.0,Medium Value
18286.0,1188.43,3,592,,,,396.1433333333334,1188.43,High Value
18287.0,2340.61,5,1425,2009-01-12 14:19:00,2009-01-12 14:19:00,0.0,468.122,2340.61,VIP
